iteration,game_num,num_moves,winner,game_duration_sec,avg_mcts_time,black_win,white_win,draw,avg_policy_entropy,avg_policy_top1_prob,policy_diversity,max_policy_entropy,min_policy_entropy
1,0,21,1,17.11844801902771,0.8149392831893194,1,0,0,3.1415029,0.06666667,0.34602192,3.2188754,1.5940454
1,1,45,1,34.598867893218994,0.7687620798746745,1,0,0,3.1892357,0.05066666,0.19660562,3.2188754,1.8851018
1,2,31,1,24.314433097839355,0.7842139582480153,1,0,0,3.1204576,0.06967741,0.53905284,3.2188754,0.16794415
1,3,40,2,32.14307737350464,0.8034024775028229,0,1,0,3.146759,0.062,0.4503665,3.2188754,0.3342211
1,4,41,1,32.69053363800049,0.7971509375223299,1,0,0,3.212113,0.043902434,0.035060268,3.2188754,2.997069
1,5,43,1,34.031059980392456,0.7912971917973008,1,0,0,3.2158093,0.04186046,0.019869173,3.2188754,3.0870426
1,6,48,2,38.13176202774048,0.7942232092221578,0,1,0,3.1635096,0.061666667,0.2790555,3.2188754,1.2922907
1,7,49,1,39.47380590438843,0.8054876035573532,1,0,0,3.1699657,0.0555102,0.33885777,3.2188754,0.82228994
1,8,42,2,32.868091344833374,0.7824725026176089,0,1,0,3.2020352,0.048571426,0.07323825,3.2188754,2.7888534
1,9,33,1,25.558109045028687,0.7742708090579871,1,0,0,3.1364477,0.06545454,0.466282,3.2188754,0.4987584
1,10,44,2,34.75411939620972,0.7897747159004211,0,1,0,3.1904175,0.05363636,0.106432416,3.2188754,2.6740208
1,11,44,2,35.31920886039734,0.8025932853872125,0,1,0,3.191475,0.05363636,0.092501424,3.2188754,2.7888534
1,12,24,2,18.92880344390869,0.7884588142236074,0,1,0,3.1055372,0.074999996,0.54355097,3.2188754,0.4987584
1,13,31,1,23.853912591934204,0.7693326242508427,1,0,0,3.1311288,0.06709677,0.48060307,3.2188754,0.4987584
1,14,36,2,28.057416677474976,0.7792975306510925,0,1,0,3.1523032,0.061111107,0.3938442,3.2188754,0.82228994
1,15,45,1,36.2788028717041,0.8060390578375922,1,0,0,3.1584282,0.058666665,0.40096033,3.2188754,0.4987584
1,16,50,2,38.09919357299805,0.7618721532821655,0,1,0,3.155932,0.0648,0.26946542,3.2188754,1.4444189
1,17,31,1,23.895667552947998,0.770632597707933,1,0,0,3.1075962,0.08387096,0.3010543,3.2188754,2.0261202
1,18,46,2,37.09414196014404,0.8063135302585104,0,1,0,3.2176697,0.04086956,0.008086575,3.2188754,3.1634235
1,19,45,1,36.519596338272095,0.8114126417371962,1,0,0,3.2159455,0.04177777,0.019432891,3.2188754,3.0870426
1,20,46,2,35.49210023880005,0.7713641446569691,0,1,0,3.1380343,0.06869565,0.40422422,3.2188754,0.4987584
1,21,27,1,21.00908589363098,0.7779454036995217,1,0,0,3.0996573,0.075555556,0.60789293,3.2188754,-0.0
1,22,18,2,13.860446214675903,0.7698947985967001,0,1,0,3.040049,0.093333334,0.7373202,3.2188754,-0.0
1,23,15,1,12.084676027297974,0.8056450684865316,1,0,0,3.1661422,0.061333336,0.19731021,3.2188754,2.4278748
1,24,36,2,28.49448800086975,0.7914563947253757,0,1,0,3.1523032,0.061111107,0.3938442,3.2188754,0.82228994
1,25,41,1,31.82811951637268,0.7761060202993998,1,0,0,3.1525314,0.060487807,0.4195983,3.2188754,0.4987584
1,26,46,2,37.08269238471985,0.8061235106509664,0,1,0,3.2034996,0.04782608,0.070142254,3.2188754,2.7888534
1,27,22,2,16.803616046905518,0.7636175805872137,0,1,0,2.9338844,0.12545455,0.9015769,3.2188754,-0.0
1,28,42,2,33.15924549102783,0.7893442937305996,0,1,0,3.1624563,0.05904762,0.34126228,3.2188754,0.98110217
1,29,50,2,39.44147086143494,0.7887572002410889,0,1,0,3.1922,0.049599994,0.18672831,3.2188754,1.8851018
1,30,29,1,23.214040756225586,0.8003968534798458,1,0,0,3.1250777,0.06896551,0.49632782,3.2188754,0.4987584
1,31,21,1,16.06201410293579,0.7646864822932652,1,0,0,2.9829714,0.11428571,0.7275283,3.2188754,0.66147697
1,32,31,1,25.402087211608887,0.8192360785699659,1,0,0,3.1803987,0.05419354,0.2107416,3.2188754,2.0261202
1,33,23,1,18.40995168685913,0.8002897034520688,1,0,0,3.0789242,0.081739135,0.6564289,3.2188754,-0.0
1,34,35,1,28.80458641052246,0.8228485243661063,1,0,0,3.1766503,0.05485714,0.24621145,3.2188754,1.7410034
1,35,41,1,33.28962159156799,0.8118517747739467,1,0,0,3.1604223,0.05853658,0.36969116,3.2188754,0.82228994
1,36,36,2,28.817535400390625,0.8003146648406982,0,1,0,3.1244507,0.07222222,0.38972187,3.2188754,1.4444189
1,37,47,1,38.57260799407959,0.8204573519686436,1,0,0,3.2020452,0.046808507,0.11414526,3.2188754,2.4278748
1,38,22,2,17.98116660118103,0.8171962607990612,0,1,0,3.072563,0.08363637,0.67048824,3.2188754,-0.0
1,39,24,2,20.171382665634155,0.840364029010137,0,1,0,3.1449394,0.065,0.3545831,3.2188754,1.4444189
1,40,29,1,23.496314764022827,0.8100826904691499,1,0,0,3.1417103,0.064827584,0.40831664,3.2188754,0.98110217
1,41,43,1,35.230546712875366,0.8192130521286366,1,0,0,3.1845062,0.052093018,0.22273733,3.2188754,1.7410034
1,42,23,1,18.737537145614624,0.8144713692043138,1,0,0,3.1155076,0.08173913,0.26954216,3.2188754,2.2978415
1,43,38,2,31.47145676612854,0.8281006875791048,0,1,0,3.1799836,0.053684205,0.23656696,3.2188754,1.7410034
1,44,30,2,24.33475947380066,0.8111226558685303,0,1,0,3.1227195,0.06933333,0.5178113,3.2188754,0.3342211
1,45,17,1,13.60727596282959,0.8001576171201819,1,0,0,3.0295298,0.09647059,0.75738245,3.2188754,-0.0
1,46,32,2,26.197345733642578,0.8186149895191193,0,1,0,3.1489449,0.062499996,0.38935605,3.2188754,0.98110217
1,47,46,2,38.34665656089783,0.8334635236988897,0,1,0,3.2090116,0.045217384,0.050328493,3.2188754,2.8969882
1,48,20,2,15.657349348068237,0.782670533657074,0,1,0,3.0325904,0.107999995,0.44865963,3.2188754,1.7410034
1,49,23,1,18.471097946166992,0.802996770195339,1,0,0,3.1351106,0.06782609,0.39289057,3.2188754,1.2922907
1,50,42,2,34.47439098358154,0.8206438393819899,0,1,0,3.146234,0.06190476,0.46513075,3.2188754,0.16794415
1,51,31,1,25.585822582244873,0.8251043519666118,1,0,0,3.11504,0.070967734,0.568726,3.2188754,-0.0
1,52,20,2,16.44738507270813,0.8221386313438416,0,1,0,3.113186,0.08,0.31996587,3.2188754,2.0261202
1,53,21,1,17.00729489326477,0.8096018405187697,1,0,0,3.1197772,0.07238096,0.44318172,3.2188754,1.1378081
1,54,27,1,21.53050661087036,0.7972755078916196,1,0,0,3.0817995,0.08592592,0.48507738,3.2188754,1.2922907
1,55,42,2,35.229058027267456,0.8386795066651844,0,1,0,3.217555,0.040952377,0.0084539335,3.2188754,3.1634235
1,56,24,2,19.376516342163086,0.8072691857814789,0,1,0,3.0986812,0.07666667,0.57642984,3.2188754,0.3342211
1,57,25,1,19.035754919052124,0.761409912109375,1,0,0,2.9222078,0.1392,0.68853086,3.2188754,0.98110217
1,58,37,1,30.47641348838806,0.8235053436176197,1,0,0,3.1409113,0.06378378,0.46778178,3.2188754,0.3342211
1,59,43,1,36.71577858924866,0.8536714287691338,1,0,0,3.2106512,0.04465116,0.038479727,3.2188754,2.997069
1,60,43,1,35.67669200897217,0.8295972014582434,1,0,0,3.2037165,0.047441855,0.07221353,3.2188754,2.7888534
1,61,28,2,22.87239170074463,0.8167053971971784,0,1,0,3.1275392,0.068571426,0.47459397,3.2188754,0.66147697
1,62,27,1,22.751672983169556,0.8425360520680746,1,0,0,3.164139,0.059259254,0.27909994,3.2188754,1.7410034
1,63,50,2,42.33086824417114,0.8464664936065673,0,1,0,3.166198,0.06,0.27604985,3.2188754,1.2922907
1,64,30,2,24.70649790763855,0.823341186841329,0,1,0,3.1530046,0.06533333,0.24707069,3.2188754,2.1638014
1,65,17,1,14.25024127960205,0.8380328767439899,1,0,0,3.140418,0.06823529,0.3138291,3.2188754,1.8851018
1,66,43,1,36.75650715827942,0.8545790383982104,1,0,0,3.1594012,0.058604646,0.38543805,3.2188754,0.66147697
1,67,21,1,17.529239654541016,0.8345752897716704,1,0,0,3.1271334,0.07047619,0.41028327,3.2188754,1.2922907
1,68,27,1,22.63854432106018,0.8382941881815592,1,0,0,3.1586962,0.06074074,0.30685332,3.2188754,1.5940454
1,69,44,2,37.74722456932068,0.8578424020247026,0,1,0,3.149536,0.06090909,0.4546885,3.2188754,0.16794415
1,70,28,2,23.119126558303833,0.8255339520318168,0,1,0,3.1158516,0.071428575,0.5353251,3.2188754,0.3342211
1,71,20,2,16.086716175079346,0.8041543006896973,0,1,0,2.9053853,0.13399999,0.9408458,3.2188754,-0.0
1,72,35,1,29.95824146270752,0.8557882649557931,1,0,0,3.206589,0.04571428,0.07164107,3.2188754,2.7888534
1,73,38,2,31.9153413772583,0.8397696645636308,0,1,0,3.1599863,0.058947362,0.3582064,3.2188754,0.98110217
1,74,46,2,38.52857518196106,0.8374727705250615,0,1,0,3.1898801,0.050434776,0.1945049,3.2188754,1.8851018
1,75,20,2,12.255061864852905,0.6126441359519958,0,1,0,2.9949927,0.112,0.6734981,3.2188754,0.82228994
1,76,37,1,31.85386610031128,0.8607983653609818,1,0,0,3.1668053,0.057297293,0.31241915,3.2188754,1.2922907
1,77,42,2,35.688987016677856,0.8496048280170986,0,1,0,3.2188754,0.039999995,0.0,3.2188754,3.2188754
1,78,30,2,25.51151442527771,0.8502344449361166,0,1,0,3.1442823,0.063999996,0.40169257,3.2188754,0.98110217
1,79,14,2,9.989442586898804,0.713422281401498,0,1,0,3.070228,0.08857143,0.53595674,3.2188754,1.1378081
1,80,44,2,37.53243970870972,0.8528042489832098,0,1,0,3.1644075,0.05727272,0.3571696,3.2188754,0.82228994
1,81,19,1,15.091349601745605,0.7941006861234966,1,0,0,3.0081174,0.115789466,0.48891735,3.2188754,1.7410034
1,82,19,1,15.679267168045044,0.8250217688711066,1,0,0,3.1093457,0.075789474,0.46469584,3.2188754,1.1378081
1,83,42,2,33.80123233795166,0.8046117112750099,0,1,0,3.1829522,0.055238094,0.1676143,3.2188754,2.1638014
1,84,43,1,36.749147176742554,0.8545652932898943,1,0,0,3.1797988,0.053953487,0.24482971,3.2188754,1.5940454
1,85,26,2,21.41825032234192,0.8236244916915894,0,1,0,3.1142552,0.07230769,0.5230994,3.2188754,0.4987584
1,86,17,1,13.93672776222229,0.8194673482109519,1,0,0,3.1319418,0.07058824,0.3477346,3.2188754,1.7410034
1,87,25,1,20.90907597541809,0.8362822723388672,1,0,0,3.153882,0.0624,0.31840035,3.2188754,1.5940454
1,88,44,2,37.17875790596008,0.8447864164005626,0,1,0,3.190507,0.050909087,0.17775942,3.2188754,2.0261202
1,89,41,1,34.028414487838745,0.8298959673904791,1,0,0,3.1403663,0.06341463,0.49653548,3.2188754,-0.0
1,90,28,2,17.13403868675232,0.611856928893498,0,1,0,3.1660938,0.058571424,0.27425885,3.2188754,1.7410034
1,91,23,1,11.574817657470703,0.5030173529749331,1,0,0,3.0839753,0.08695652,0.43766293,3.2188754,1.5940454
1,92,44,2,36.858275175094604,0.8376654061404142,0,1,0,3.1979425,0.048181817,0.13726416,3.2188754,2.2978415
1,93,16,2,11.964894771575928,0.7477117478847504,0,1,0,3.0488682,0.0925,0.6584355,3.2188754,0.4987584
1,94,20,2,11.797453880310059,0.5894761681556702,0,1,0,3.0746427,0.08400001,0.6286958,3.2188754,0.3342211
1,95,24,2,12.243487119674683,0.5099543233712515,0,1,0,3.0986812,0.07666667,0.57642984,3.2188754,0.3342211
1,96,47,1,37.71036624908447,0.8022913628436149,1,0,0,3.200072,0.049361695,0.07845492,3.2188754,2.7888534
1,97,42,2,22.519250631332397,0.5360763470331827,0,1,0,3.1589937,0.06095238,0.3418889,3.2188754,0.98110217
1,98,19,1,7.828455448150635,0.41189605311343547,1,0,0,3.0583003,0.088421054,0.68126345,3.2188754,0.16794415
1,99,29,1,12.039519786834717,0.4151206098753831,1,0,0,3.1576867,0.06068965,0.3237773,3.2188754,1.4444189
2,0,16,2,15.273195266723633,0.9545398503541946,0,1,0,1.6031985,0.3425,0.52985626,2.3424704,-0.0
2,1,14,2,13.39948034286499,0.9569623470306396,0,1,0,1.6022959,0.33142856,0.49397537,2.4425511,0.5929533
2,2,45,1,41.21540379524231,0.9158018271128336,1,0,0,1.517811,0.4355556,0.91682625,3.2188754,-0.0
2,3,9,1,8.350163221359253,0.9276842011345757,1,0,0,1.35842,0.36888888,0.63538337,2.4425511,-0.0
2,4,44,2,39.328033447265625,0.8937105644832958,0,1,0,1.59539,0.46272734,1.2585983,3.2188754,-0.0
2,5,35,1,31.41288113594055,0.89736373765128,1,0,0,1.6504011,0.408,0.9634706,3.1079726,-0.0
2,6,9,1,8.4480881690979,0.938453753789266,1,0,0,1.3506943,0.36,0.62759626,2.4425511,-0.0
2,7,27,1,24.88573908805847,0.9215765617511891,1,0,0,1.421876,0.4933333,0.98900247,2.941617,-0.0
2,8,9,1,8.887959480285645,0.9874205589294434,1,0,0,1.435113,0.35111108,0.6856274,2.4425511,-0.0
2,9,24,2,22.072081804275513,0.9193483293056488,0,1,0,1.464271,0.41166666,0.8870924,3.2188754,-0.0
2,10,11,1,9.935381412506104,0.9030085910450328,1,0,0,1.264923,0.38545454,0.58711004,2.4425511,-0.0
2,11,9,1,8.035497188568115,0.8926608032650418,1,0,0,1.5653182,0.33777776,0.59075797,2.4425511,0.27876934
2,12,14,2,13.069663763046265,0.9333310127258301,0,1,0,1.6795644,0.3457143,0.5409436,2.4425511,0.43966988
2,13,38,2,33.775683641433716,0.8886854648590088,0,1,0,1.5724689,0.47789478,1.1919185,3.2188754,-0.0
2,14,14,2,13.66301441192627,0.9758575814110892,0,1,0,1.5400277,0.3228571,0.49300486,2.4425511,0.62686944
2,15,56,2,51.01145601272583,0.9107914013522012,0,1,0,1.4790753,0.48642856,1.0664718,3.2188754,-0.0
2,16,9,1,9.135509967803955,1.0146650208367243,1,0,0,1.2884748,0.37333333,0.60120106,2.4425511,-0.0
2,17,15,1,13.40616226196289,0.8936769803365071,1,0,0,1.6233629,0.3333333,0.6173797,2.7198095,-0.0
2,18,13,1,11.689768314361572,0.899013849405142,1,0,0,1.4886515,0.46153846,0.89872146,2.4522135,-0.0
2,19,13,1,11.190380334854126,0.8606821023500882,1,0,0,1.5234158,0.45846158,1.0953039,2.8307133,-0.0
2,20,31,1,28.41448950767517,0.916318331995318,1,0,0,1.6254032,0.396129,0.9869548,3.2188754,-0.0
2,21,15,1,13.750555276870728,0.91656969388326,1,0,0,1.6739463,0.33866665,0.62923115,2.477073,-0.0
2,22,30,2,27.295843601226807,0.9097598552703857,0,1,0,1.4859933,0.47466666,0.97411585,3.2188754,-0.0
2,23,52,2,45.80398678779602,0.8807494365251981,0,1,0,1.6092899,0.43769234,1.1578819,3.2188754,-0.0
2,24,25,1,23.847028493881226,0.9537508201599121,1,0,0,1.5665921,0.3664,0.6058354,2.4425511,-0.0
2,25,11,1,9.381421566009521,0.8527653434059836,1,0,0,1.4784799,0.4254546,0.6572678,2.4425511,-0.0
2,26,9,1,7.917466878890991,0.8792597717709012,1,0,0,1.5814027,0.3644444,0.6935422,2.5534546,-0.0
2,27,54,2,46.61922359466553,0.8631612989637587,0,1,0,1.5689002,0.47925928,1.3130324,3.2188754,-0.0
2,28,37,1,33.47828006744385,0.9047093649168272,1,0,0,1.6211592,0.41945946,1.1422869,3.2188754,-0.0
2,29,17,1,14.569662094116211,0.8569501989028033,1,0,0,1.615886,0.42117646,1.1977026,3.2188754,-0.0
2,30,29,1,27.109429359436035,0.934612931876347,1,0,0,1.6300704,0.3462069,0.60393816,2.5534546,-0.0
2,31,29,1,27.419453620910645,0.9453592711481554,1,0,0,1.4968009,0.4165517,0.7061382,3.0525208,-0.0
2,32,29,1,27.454070806503296,0.9465879654062206,1,0,0,1.6264228,0.32413793,0.50829357,2.5534546,-0.0
2,33,37,1,34.349828481674194,0.9281697724316571,1,0,0,1.5183985,0.4432433,0.8616581,3.2188754,-0.0
2,34,13,1,11.956801652908325,0.9197539733006403,1,0,0,1.7786242,0.3292308,0.4606423,2.4425511,0.5929533
2,35,46,2,40.60881996154785,0.882666333861973,0,1,0,1.5098572,0.47304353,1.1228267,3.2188754,-0.0
2,36,34,2,30.73530077934265,0.9039346961414113,0,1,0,1.4697075,0.47176468,1.1102259,3.2188754,-0.0
2,37,44,2,40.33962893486023,0.9167368141087618,0,1,0,1.5420704,0.44909096,0.9666261,3.2188754,-0.0
2,38,27,1,23.72637152671814,0.8785642429634377,1,0,0,1.6368154,0.37185186,0.79427457,3.1079726,-0.0
2,39,23,1,20.650863647460938,0.8978413084278936,1,0,0,1.542361,0.3826087,0.6958976,2.7198095,-0.0
2,40,11,1,10.029833316802979,0.9117561253634366,1,0,0,1.560653,0.35999998,0.8226479,3.0525208,-0.0
2,41,37,1,34.26657223701477,0.9259542645634832,1,0,0,1.4056592,0.4616216,0.99039423,3.2188754,-0.0
2,42,46,2,40.37968945503235,0.8777067194814268,0,1,0,1.5252777,0.48000005,1.2383338,3.2188754,-0.0
2,43,38,2,33.162508726119995,0.8726184493617007,0,1,0,1.5994003,0.44105265,1.1482205,3.2188754,-0.0
2,44,11,1,9.872454643249512,0.8971179181879217,1,0,0,1.5031949,0.43636367,0.8428215,2.4425511,-0.0
2,45,34,2,30.245417594909668,0.8894374370574951,0,1,0,1.6559561,0.4235294,1.072357,3.2188754,-0.0
2,46,21,1,18.7358136177063,0.8921045575823102,1,0,0,1.5787748,0.42476192,0.9624859,3.0525208,-0.0
2,47,11,1,10.009098052978516,0.9098269939422607,1,0,0,1.3658993,0.40727273,0.79175913,2.6089063,-0.0
2,48,16,2,14.379613161087036,0.8985618352890015,0,1,0,1.4600811,0.3675,0.6606797,2.477073,-0.0
2,49,9,1,7.900634527206421,0.8778482808007134,1,0,0,1.518577,0.36888888,0.6222482,2.4425511,-0.0
2,50,44,2,38.59275960922241,0.8769023580984636,0,1,0,1.6119599,0.44727275,1.1460277,3.2188754,-0.0
2,51,59,1,53.39539623260498,0.904858686156192,1,0,0,1.4471203,0.46644068,0.7119095,2.5534546,-0.0
2,52,48,2,43.21793985366821,0.9001738379398981,0,1,0,1.4862309,0.4491667,0.97215056,3.2188754,-0.0
2,53,13,1,11.784339904785156,0.9063982596764197,1,0,0,1.5861211,0.39692307,0.60073847,2.442551,-0.0
2,54,34,2,29.512703895568848,0.8678431230432847,0,1,0,1.5342392,0.4682353,1.1850736,3.2188754,-0.0
2,55,33,1,29.010827779769897,0.8789625240094734,1,0,0,1.5351298,0.45333332,1.1236135,3.2188754,-0.0
2,56,9,1,8.057898998260498,0.8950903945498996,1,0,0,1.614182,0.3422222,0.65655977,2.4425511,-0.0
2,57,9,1,7.859256982803345,0.8730823198954264,1,0,0,1.4235071,0.36444443,0.64176834,2.3424704,-0.0
2,58,46,2,40.932657957077026,0.8896847134051116,0,1,0,1.5224109,0.4504348,0.97169477,3.1634235,-0.0
2,59,16,2,14.209217309951782,0.8880125731229782,0,1,0,1.6078317,0.365,0.6439142,2.67795,-0.0
2,60,14,2,12.775237560272217,0.9125169685908726,0,1,0,1.5732242,0.38000003,0.6530852,2.67795,-0.0
2,61,44,2,39.03618764877319,0.8870911327275363,0,1,0,1.5458379,0.4454545,1.1642648,3.2188754,-0.0
2,62,36,2,31.6105694770813,0.8779014150301615,0,1,0,1.551634,0.45999998,1.1157529,3.2188754,-0.0
2,63,22,2,20.162023067474365,0.9162724018096924,0,1,0,1.4234626,0.4327273,0.7035286,2.5534546,-0.0
2,64,22,2,19.627949714660645,0.8920156522230669,0,1,0,1.3961722,0.48181817,0.7889497,2.5631173,-0.0
2,65,11,1,9.426017999649048,0.8565915931354869,1,0,0,1.7004559,0.31272724,0.64753544,2.6089063,-0.0
2,66,31,1,28.211998462677002,0.9098287551633774,1,0,0,1.611656,0.3858064,0.8419094,3.1079724,-0.0
2,67,42,2,35.76042413711548,0.8512319610232398,0,1,0,1.6530453,0.39333335,0.925446,3.2188754,-0.0
2,68,16,2,14.20289134979248,0.8874928504228592,0,1,0,1.6795974,0.33499998,0.63643044,2.5534546,-0.0
2,69,14,2,12.597538471221924,0.8997165986469814,0,1,0,1.5642941,0.36571428,0.6050581,2.4425511,-0.0
2,70,42,2,37.92951965332031,0.9029147284371513,0,1,0,1.6652365,0.39714286,0.83104557,3.1079726,-0.0
2,71,11,1,9.889624118804932,0.8988731124184348,1,0,0,1.576266,0.31272727,0.4638085,2.4425511,0.65341824
2,72,14,2,12.595398664474487,0.8995298998696464,0,1,0,1.5287138,0.35142854,0.5567162,2.4425511,-0.0
2,73,20,2,18.373595714569092,0.9185542821884155,0,1,0,1.4966754,0.42,0.74425465,2.664358,-0.0
2,74,9,1,8.385939598083496,0.9317146407233344,1,0,0,1.5059122,0.3422222,0.6652229,2.4425511,-0.0
2,75,13,1,10.879161596298218,0.8366932685558612,1,0,0,1.5376363,0.41846153,0.7713879,2.4561427,-0.0
2,76,42,2,36.97181987762451,0.8801602125167847,0,1,0,1.6417028,0.43523812,1.2133677,3.2188754,-0.0
2,77,9,1,7.468886613845825,0.8296904563903809,1,0,0,1.4015443,0.35111108,0.6752641,2.4425511,-0.0
2,78,40,2,31.591891050338745,0.7896191716194153,0,1,0,1.5017743,0.463,1.1359289,3.2188754,-0.0
2,79,29,1,20.42618203163147,0.7041365360391552,1,0,0,1.3194823,0.5103448,0.9387936,3.0525208,-0.0
2,80,25,1,22.146143913269043,0.8857652473449708,1,0,0,1.5180115,0.4304,1.0473939,3.2188754,-0.0
2,81,52,2,41.22216320037842,0.7926633999897883,0,1,0,1.6047789,0.4346154,0.8401794,3.2188754,-0.0
2,82,9,1,6.679893970489502,0.7420954704284668,1,0,0,1.4628005,0.35999998,0.64694494,2.4425511,-0.0
2,83,9,1,6.4385621547698975,0.7150559955173068,1,0,0,1.5860972,0.3422222,0.6457754,2.4425511,-0.0
2,84,11,1,9.244410753250122,0.8404009775681929,1,0,0,1.656403,0.34909093,0.669782,2.4425511,-0.0
2,85,14,2,11.771849870681763,0.8407035384859357,0,1,0,1.4297398,0.42285714,0.6887834,2.4425511,-0.0
2,86,44,2,32.702874183654785,0.743006706237793,0,1,0,1.6158687,0.4227272,1.0457993,3.2188754,-0.0
2,87,9,1,6.661003351211548,0.7399417559305826,1,0,0,1.3502578,0.36,0.62830967,2.4425511,-0.0
2,88,13,1,10.854262828826904,0.8349432945251465,1,0,0,1.4732616,0.46769235,0.92196625,2.5631173,-0.0
2,89,48,2,36.55002975463867,0.761312315861384,0,1,0,1.6875435,0.39499998,1.1258636,3.2188754,-0.0
2,90,9,1,6.651568412780762,0.7390631569756402,1,0,0,1.584392,0.3511111,0.64936465,2.3424704,-0.0
2,91,27,1,16.13951849937439,0.5976015373512551,1,0,0,1.5946648,0.44,1.123506,3.2188754,-0.0
2,92,48,2,37.993937730789185,0.7914078136285146,0,1,0,1.4232963,0.52000004,1.1217284,3.1634235,-0.0
2,93,46,2,30.631228923797607,0.6657315129819124,0,1,0,1.5342251,0.44521743,1.1780299,3.2188754,-0.0
2,94,49,1,27.075926303863525,0.5523655219953887,1,0,0,1.3482336,0.51836735,0.9998417,3.2188754,-0.0
2,95,29,1,16.823934316635132,0.5801180971079859,1,0,0,1.5113451,0.42206898,0.85036635,3.2188754,-0.0
2,96,40,2,33.38975739479065,0.834592604637146,0,1,0,1.4758569,0.443,0.8448513,3.2188754,-0.0
2,97,13,1,9.540472745895386,0.7338044826801007,1,0,0,1.6164114,0.33538458,0.5752949,2.4425511,-0.0
2,98,11,1,8.017284154891968,0.7287532633001154,1,0,0,1.5726644,0.36727273,0.6713879,2.4425511,-0.0
2,99,40,2,22.60711646080017,0.5650777280330658,0,1,0,1.6492863,0.44699997,1.2838653,3.2188754,-0.0
3,0,17,1,13.66000485420227,0.8034406549790326,1,0,0,1.3696688,0.5811764,1.4579767,3.2188754,-0.0
3,1,56,2,47.97201418876648,0.8566072540623801,0,1,0,0.9386856,0.6907143,0.9241479,3.2188754,-0.0
3,2,9,1,6.949692726135254,0.772074990802341,1,0,0,1.2047904,0.64,1.4238974,3.2188754,-0.0
3,3,9,1,6.467763185501099,0.7183609273698595,1,0,0,1.4244499,0.57777774,1.5926639,3.2188754,-0.0
3,4,22,2,19.394567251205444,0.8814057003368031,0,1,0,1.1716855,0.5872727,1.0131111,3.2188754,-0.0
3,5,9,1,6.388638019561768,0.7095669110616049,1,0,0,1.2487926,0.62666667,1.4611298,3.2188754,-0.0
3,6,9,1,6.323110818862915,0.7024570306142172,1,0,0,1.4306113,0.5733333,1.599472,3.2188754,-0.0
3,7,15,1,11.716762065887451,0.7810506979624431,1,0,0,1.3203491,0.59466666,1.4063858,3.2188754,-0.0
3,8,9,1,7.171905040740967,0.7967655923631456,1,0,0,1.3027341,0.60444444,1.4778126,3.2188754,-0.0
3,9,13,1,9.12140703201294,0.7014517784118652,1,0,0,1.4515107,0.5630769,1.5707749,3.2188754,-0.0
3,10,17,1,12.526536464691162,0.7368550861583036,1,0,0,1.416909,0.55999994,1.5111105,3.2188754,-0.0
3,11,9,1,6.611247777938843,0.7345830864376492,1,0,0,1.2364699,0.6311111,1.4343928,3.2188754,-0.0
3,12,54,2,46.494176626205444,0.8608137413307473,0,1,0,1.2038511,0.5985185,0.9342473,3.2188754,-0.0
3,13,9,1,6.599766492843628,0.7331373426649306,1,0,0,1.4121274,0.58666664,1.5788876,3.2188754,-0.0
3,14,9,1,6.343600034713745,0.7048444483015273,1,0,0,1.3751596,0.59111106,1.5424392,3.2188754,-0.0
3,15,24,2,21.69367241859436,0.9037759900093079,0,1,0,1.0049778,0.6683333,1.0847784,3.2188754,-0.0
3,16,9,1,6.182494640350342,0.6868328518337674,1,0,0,1.3159517,0.61777776,1.4935539,3.2188754,-0.0
3,17,9,1,5.280649185180664,0.5864591068691678,1,0,0,1.4059662,0.58666664,1.5721353,3.2188754,-0.0
3,18,14,2,10.024040699005127,0.7159222875322614,0,1,0,0.8240344,0.74000007,1.019306,3.2188754,-0.0
3,19,9,1,6.060312986373901,0.6733110745747884,1,0,0,1.023286,0.6844444,1.1761096,3.2188754,-0.0
3,20,9,1,7.474215984344482,0.8304684427049425,1,0,0,1.0313957,0.68888885,1.3050189,3.2188754,-0.0
3,21,71,1,59.7562370300293,0.8415733223230066,1,0,0,1.1501384,0.6202817,1.0223016,3.2188754,-0.0
3,22,9,1,7.009979724884033,0.778660774230957,1,0,0,1.1653495,0.6355555,1.4277241,3.2188754,-0.0
3,23,9,1,6.777180910110474,0.7527958287133111,1,0,0,1.4121274,0.5822222,1.579104,3.2188754,-0.0
3,24,13,1,11.10171365737915,0.8538996256314791,1,0,0,1.1576918,0.63384616,1.1282675,3.2188754,-0.0
3,25,14,2,11.65728497505188,0.8326632125037057,0,1,0,0.88469017,0.7228571,1.1148179,3.2188754,-0.0
3,26,9,1,6.553074598312378,0.7280072900984023,1,0,0,1.4121274,0.58666664,1.5788876,3.2188754,-0.0
3,27,19,1,15.031545400619507,0.7910500827588534,1,0,0,1.2055193,0.6273684,1.2996243,3.2188754,-0.0
3,28,9,1,7.124842882156372,0.7915298938751221,1,0,0,1.3135465,0.61333334,1.4917582,3.2188754,-0.0
3,29,20,2,17.34299087524414,0.8670490622520447,0,1,0,1.0737274,0.654,1.111838,3.2188754,-0.0
3,30,9,1,6.579441785812378,0.730767223570082,1,0,0,1.3998048,0.5822222,1.5662023,3.2188754,-0.0
3,31,9,1,6.444300651550293,0.7156987455156114,1,0,0,1.3936435,0.58666664,1.5591272,3.2188754,-0.0
3,32,9,1,5.67198634147644,0.6302207046084933,1,0,0,1.3135465,0.61333334,1.4791081,3.2188754,-0.0
3,33,48,2,35.04295229911804,0.729967271288236,0,1,0,1.2033255,0.59999996,1.1713705,3.2188754,-0.0
3,34,9,1,5.822200059890747,0.6468432479434543,1,0,0,1.3566757,0.58666664,1.5190604,3.2188754,-0.0
3,35,9,1,5.7313392162323,0.6367563671535916,1,0,0,1.4244499,0.57777774,1.5926639,3.2188754,-0.0
3,36,9,1,6.409235954284668,0.712137328253852,1,0,0,1.3443532,0.58666664,1.5081383,3.2188754,-0.0
3,37,50,2,41.69577193260193,0.8338024425506592,0,1,0,1.2787881,0.5864,1.1854619,3.2188754,-0.0
3,38,18,2,15.402276754379272,0.8554761277304755,0,1,0,1.1824094,0.59333336,1.2118849,3.2188754,-0.0
3,39,56,2,48.18144631385803,0.8602416132177625,0,1,0,1.3458223,0.5214286,1.0666493,3.2188754,-0.0
3,40,9,1,6.817569017410278,0.7573394245571561,1,0,0,1.1865642,0.6488888,1.3706942,3.2188754,-0.0
3,41,16,2,13.679956674575806,0.8548723459243774,0,1,0,1.0263352,0.6525,1.0483712,3.2188754,-0.0
3,42,13,1,10.084326028823853,0.7756001215714675,1,0,0,1.2595026,0.62153846,1.4115592,3.2188754,-0.0
3,43,40,2,34.47078275680542,0.8616052269935608,0,1,0,1.172189,0.614,1.1289368,3.2188754,-0.0
3,44,9,1,6.515754699707031,0.7237174775865343,1,0,0,1.3936436,0.5822222,1.5593464,3.2188754,-0.0
3,45,34,2,28.808078050613403,0.8471633546492633,0,1,0,1.1364657,0.62823534,1.2227695,3.2188754,-0.0
3,46,9,1,6.76027512550354,0.7509728272755941,1,0,0,1.381321,0.58666664,1.5459116,3.2188754,-0.0
3,47,9,1,6.589423656463623,0.7319333288404677,1,0,0,1.3073851,0.61333334,1.487879,3.2188754,-0.0
3,48,62,2,54.06245756149292,0.8717870058551911,0,1,0,1.137956,0.6122581,0.9231715,3.2188754,-0.0
3,49,14,2,12.223850965499878,0.87295172895704,0,1,0,0.87252253,0.7228571,0.98766726,3.2188754,-0.0
3,50,9,1,6.875409841537476,0.7639344268374972,1,0,0,1.1865642,0.6488888,1.3706942,3.2188754,-0.0
3,51,18,2,16.192392349243164,0.8994655741585625,0,1,0,0.9857408,0.6933334,1.1341499,3.2188754,-0.0
3,52,9,1,6.6746320724487305,0.7415130138397217,1,0,0,1.3581859,0.60444444,1.5224969,3.2188754,-0.0
3,53,18,2,14.969743728637695,0.8316524293687608,0,1,0,1.1609035,0.6377778,1.2639828,3.2188754,-0.0
3,54,9,1,6.93327522277832,0.7701874838935004,1,0,0,1.2626255,0.61777776,1.4502038,3.2188754,-0.0
3,55,9,1,7.026055812835693,0.7804499997033013,1,0,0,1.2088042,0.64444447,1.4460121,3.2188754,-0.0
3,56,9,1,5.9281980991363525,0.6585201422373453,1,0,0,1.4121274,0.57777774,1.5795367,3.2188754,-0.0
3,57,26,2,19.109722137451172,0.7348730655816885,0,1,0,1.1597548,0.6353846,1.2649472,3.2188754,-0.0
3,58,46,2,34.421433448791504,0.7481329441070557,0,1,0,1.1902189,0.60695654,1.0575778,3.2188754,-0.0
3,59,9,1,6.088628768920898,0.6765143076578776,1,0,0,1.1211948,0.6622222,1.4269861,3.2188754,-0.0
3,60,54,2,44.509371280670166,0.8241249631952356,0,1,0,1.5033426,0.48222223,1.0942353,3.2188754,-0.0
3,61,9,1,7.105427026748657,0.7894350157843696,1,0,0,1.1865641,0.6222222,1.4086748,3.2188754,-0.0
3,62,9,1,6.8936309814453125,0.7659589979383681,1,0,0,1.2034174,0.6222222,1.4449483,3.2188754,-0.0
3,63,9,1,6.62189245223999,0.7355780071682401,1,0,0,1.4121274,0.57777774,1.5795367,3.2188754,-0.0
3,64,9,1,6.726804733276367,0.7470856242709689,1,0,0,1.4121274,0.57777774,1.5795367,3.2188754,-0.0
3,65,9,1,7.204364061355591,0.800309525595771,1,0,0,1.0128735,0.6933333,1.1948361,3.2188754,-0.0
3,66,11,1,8.890764713287354,0.8082513375715776,1,0,0,1.1461297,0.6472727,1.2582966,3.2188754,-0.0
3,67,9,1,6.794665098190308,0.754906627866957,1,0,0,1.3207815,0.60888886,1.4934001,3.2188754,-0.0
3,68,9,1,6.8760387897491455,0.763836489783393,1,0,0,1.3320305,0.58666664,1.4938365,3.2188754,-0.0
3,69,9,1,6.752628326416016,0.7502920362684462,1,0,0,1.3813208,0.58666664,1.5467951,3.2188754,-0.0
3,70,9,1,6.809754371643066,0.7564720047844781,1,0,0,1.2109516,0.6488888,1.4322149,3.2188754,-0.0
3,71,14,2,12.607370138168335,0.9003101927893502,0,1,0,0.74525803,0.7685714,1.0005465,3.2188754,-0.0
3,72,42,2,37.67818832397461,0.8969797520410447,0,1,0,1.1308116,0.627619,1.1552274,3.2188754,-0.0
3,73,9,1,6.936071872711182,0.7706746525234647,1,0,0,1.2950625,0.6222222,1.4602594,3.2188754,-0.0
3,74,58,2,43.47653126716614,0.749444579255992,0,1,0,1.2223071,0.57034487,0.97986877,3.2188754,-0.0
3,75,9,1,5.021474838256836,0.5577190981970893,1,0,0,1.2579293,0.62666667,1.4582838,3.2188754,-0.0
3,76,24,2,20.262303590774536,0.8441118697325388,0,1,0,1.2146504,0.615,1.2613003,3.2188754,-0.0
3,77,56,2,42.87350153923035,0.7655351161956787,0,1,0,1.4926316,0.50285715,1.3042693,3.2188754,-0.0
3,78,54,2,34.0919234752655,0.6312164862950643,0,1,0,1.1173329,0.61407405,0.8577371,3.2188754,-0.0
3,79,9,1,4.472938537597656,0.4968765576680501,1,0,0,1.1919011,0.65333337,1.4524184,3.2188754,-0.0
3,80,9,1,6.736452102661133,0.7484946780734592,1,0,0,1.4121274,0.57777774,1.5795367,3.2188754,-0.0
3,81,39,1,33.39424443244934,0.8560917866535676,1,0,0,1.1971029,0.61128205,1.1831722,3.2188754,-0.0
3,82,19,1,15.139585733413696,0.7967395907954166,1,0,0,1.2623032,0.5873684,1.3093435,3.2188754,-0.0
3,83,9,1,6.332870244979858,0.7036522494422065,1,0,0,1.4059662,0.58666664,1.5721353,3.2188754,-0.0
3,84,21,1,17.96320390701294,0.855271407536098,1,0,0,1.2843207,0.5961905,1.4143491,3.2188754,-0.0
3,85,30,2,24.130094289779663,0.8041317860285441,0,1,0,1.1778042,0.62666667,1.3163378,3.2188754,-0.0
3,86,61,1,39.45655679702759,0.6467438916691014,1,0,0,1.1827133,0.59803283,1.0751871,3.2188754,-0.0
3,87,9,1,4.265221118927002,0.47391345765855575,1,0,0,1.3813208,0.58666664,1.5467951,3.2188754,-0.0
3,88,13,1,10.070154428482056,0.7744704026442307,1,0,0,1.4054224,0.5784615,1.5309268,3.2188754,-0.0
3,89,9,1,6.647353410720825,0.7384270032246908,1,0,0,1.3197079,0.59555554,1.4850569,3.2188754,-0.0
3,90,30,2,24.360725164413452,0.8118690013885498,0,1,0,1.076332,0.6293333,1.0926911,3.2188754,-0.0
3,91,9,1,5.4630446434021,0.6068910757700602,1,0,0,1.3998048,0.5822222,1.5662023,3.2188754,-0.0
3,92,9,1,5.653223037719727,0.6280247900221083,1,0,0,1.2580948,0.61333334,1.4342537,3.2188754,-0.0
3,93,9,1,5.310746669769287,0.5899712244669596,1,0,0,1.3751596,0.58666664,1.5397791,3.2188754,-0.0
3,94,9,1,5.268506765365601,0.5850541061825223,1,0,0,1.4182887,0.5822222,1.5858027,3.2188754,-0.0
3,95,60,2,36.31190371513367,0.6051226377487182,0,1,0,1.0955278,0.62399995,0.99163,3.2188754,-0.0
3,96,9,1,6.131282091140747,0.6810273064507378,1,0,0,1.3936435,0.58666664,1.5591272,3.2188754,-0.0
3,97,18,2,13.635900735855103,0.7575215895970663,0,1,0,1.2916675,0.5911112,1.3288103,3.2188754,-0.0
3,98,9,1,6.43412446975708,0.7147916422949897,1,0,0,1.3566757,0.58666664,1.519735,3.2188754,-0.0
3,99,9,1,5.576954364776611,0.6191046237945557,1,0,0,1.3751596,0.58666664,1.5388912,3.2188754,-0.0
4,0,18,2,14.721245288848877,0.8176798555586073,0,1,0,1.3801891,0.54888886,1.3949022,3.2188754,-0.0
4,1,9,1,6.430002450942993,0.7141826947530111,1,0,0,1.339702,0.60444444,1.5033219,3.2188754,-0.0
4,2,65,1,55.380762338638306,0.851797525699322,1,0,0,1.1708674,0.6006153,0.97631633,3.2188754,-0.0
4,3,60,2,52.13590335845947,0.8688226699829101,0,1,0,1.1094388,0.6133333,0.9989754,3.2188754,-0.0
4,4,14,2,12.181110620498657,0.8699356487819127,0,1,0,0.8768107,0.7057143,1.0724345,3.2188754,-0.0
4,5,9,1,6.6475701332092285,0.7383257548014323,1,0,0,1.0532115,0.6933333,1.316284,3.2188754,-0.0
4,6,9,1,6.1811137199401855,0.6866230169932047,1,0,0,1.2294356,0.64,1.4429874,3.2188754,-0.0
4,7,9,1,6.385062217712402,0.7091727786593967,1,0,0,1.3282743,0.61333334,1.508669,3.2188754,-0.0
4,8,9,1,7.718689918518066,0.8575761318206787,1,0,0,0.9207717,0.73777777,1.27304,3.2188754,-0.0
4,9,9,1,6.523983716964722,0.7247760030958388,1,0,0,1.07591,0.6755555,1.3278353,3.2188754,-0.0
4,10,13,1,9.718146800994873,0.7474294258997991,1,0,0,1.4728383,0.56,1.5914047,3.2188754,-0.0
4,11,30,2,25.49117350578308,0.8495883941650391,0,1,0,1.1613979,0.60933334,1.106143,3.2188754,-0.0
4,12,28,2,23.156925916671753,0.8269970842770168,0,1,0,1.3504288,0.54428566,1.2345338,3.2188754,-0.0
4,13,18,2,14.909709453582764,0.8281777567333646,0,1,0,0.9670693,0.6777778,1.1280121,3.2188754,-0.0
4,14,17,1,13.114520072937012,0.7712939066045424,1,0,0,1.3360239,0.5835294,1.4446799,3.2188754,-0.0
4,15,9,1,7.023128509521484,0.7799405256907145,1,0,0,1.2248421,0.6355555,1.3998822,3.2188754,-0.0
4,16,11,1,9.129880905151367,0.8298520825125955,1,0,0,1.1859384,0.6254545,1.1287845,3.2188754,-0.0
4,17,56,2,46.56368374824524,0.8314765564032963,0,1,0,0.91019446,0.70785713,0.9517633,3.2188754,-0.0
4,18,9,1,6.886529922485352,0.7651699913872613,1,0,0,1.0209653,0.71111107,1.2338362,3.2188754,-0.0
4,19,20,2,15.695515632629395,0.7846143841743469,0,1,0,1.4199269,0.57799995,1.5077102,3.2188754,-0.0
4,20,27,1,22.69847273826599,0.8406098242159243,1,0,0,1.1015502,0.6385185,1.0578375,3.2188754,-0.0
4,21,9,1,6.210116386413574,0.6900129318237305,1,0,0,1.4244499,0.57777774,1.5926639,3.2188754,-0.0
4,22,9,1,6.950331687927246,0.7722022533416748,1,0,0,0.83995634,0.75111115,1.2000276,3.2188754,-0.0
4,23,9,1,6.46377158164978,0.7181968424055312,1,0,0,1.4244499,0.57777774,1.5926639,3.2188754,-0.0
4,24,9,1,6.931485652923584,0.7699409855736626,1,0,0,1.4306113,0.5733333,1.599472,3.2188754,-0.0
4,25,9,1,6.194235563278198,0.6882483959197998,1,0,0,1.4306113,0.5733333,1.599472,3.2188754,-0.0
4,26,9,1,6.286263465881348,0.6983628273010254,1,0,0,1.4244499,0.57777774,1.5926639,3.2188754,-0.0
4,27,9,1,7.4597249031066895,0.8287465572357178,1,0,0,0.702409,0.7822222,0.9972567,3.2188754,-0.0
4,28,28,2,24.55690908432007,0.8768889563424247,0,1,0,1.2389574,0.58285713,1.1255283,3.2188754,-0.0
4,29,9,1,6.145042419433594,0.6827824910481771,1,0,0,1.4306113,0.5733333,1.599472,3.2188754,-0.0
4,30,9,1,6.615146636962891,0.7347929212782118,1,0,0,1.135634,0.6666667,1.3947437,3.2188754,-0.0
4,31,9,1,6.369355916976929,0.7077062129974365,1,0,0,1.3242384,0.60888886,1.5061164,3.2188754,-0.0
4,32,16,2,12.950389623641968,0.8092730343341827,0,1,0,1.1078792,0.63,0.8999814,3.2188754,-0.0
4,33,9,1,7.18017840385437,0.7977976004282633,1,0,0,1.0928131,0.6711111,1.3330173,3.2188754,-0.0
4,34,38,2,33.20230770111084,0.87358347993148,0,1,0,0.9983151,0.67473686,0.783258,3.2188754,-0.0
4,35,44,2,38.989501953125,0.8859647891738198,0,1,0,1.0363867,0.6609091,1.132094,3.2188754,-0.0
4,36,9,1,6.531521797180176,0.7257246441311307,1,0,0,1.1520015,0.6622222,1.4573189,3.2188754,-0.0
4,37,18,2,14.106180667877197,0.7834235032399496,0,1,0,1.2074249,0.61777776,1.3298235,3.2188754,-0.0
4,38,9,1,6.255563259124756,0.6948929892645942,1,0,0,1.4306113,0.5733333,1.599472,3.2188754,-0.0
4,39,9,1,7.083111047744751,0.7870123386383057,1,0,0,0.92861146,0.72888887,1.273046,3.2188754,-0.0
4,40,14,2,11.309443473815918,0.8075633730207171,0,1,0,1.2432518,0.58285713,1.0273217,3.2188754,-0.0
4,41,18,2,14.463511228561401,0.8033004601796468,0,1,0,1.240148,0.6133333,1.336305,3.2188754,-0.0
4,42,28,2,23.26164174079895,0.830660206930978,0,1,0,1.1336119,0.63857144,0.9579062,3.2188754,-0.0
4,43,17,1,13.307862043380737,0.7826079200295841,1,0,0,1.2748505,0.6164706,1.4836364,3.2188754,-0.0
4,44,59,1,50.996196031570435,0.8642912476749743,1,0,0,1.0268353,0.6488136,0.95830935,3.2188754,-0.0
4,45,9,1,6.508646011352539,0.7230712042914497,1,0,0,1.3936435,0.58666664,1.5591272,3.2188754,-0.0
4,46,9,1,7.435415744781494,0.8258213731977675,1,0,0,0.8227892,0.7644444,1.0645077,3.2188754,-0.0
4,47,22,2,18.1285617351532,0.8238590847362172,0,1,0,1.1669424,0.6436364,1.3010437,3.2188754,-0.0
4,48,9,1,6.407397031784058,0.7118181652492948,1,0,0,1.4121274,0.5822222,1.579104,3.2188754,-0.0
4,49,9,1,6.918691635131836,0.7685760921902127,1,0,0,1.0926126,0.6755555,1.2624221,3.2188754,-0.0
4,50,14,2,10.96891474723816,0.7831934690475464,0,1,0,1.1418333,0.64285713,1.3218324,3.2188754,-0.0
4,51,9,1,6.482229471206665,0.7200790776146783,1,0,0,1.4306113,0.5733333,1.599472,3.2188754,-0.0
4,52,28,2,24.147664546966553,0.8622902120862689,0,1,0,1.2178208,0.6028572,1.1124655,3.2188754,-0.0
4,53,31,1,26.51130199432373,0.8550892183857579,1,0,0,0.93415904,0.70838714,1.132754,3.2188754,-0.0
4,54,14,2,11.59961986541748,0.8281329870223999,0,1,0,1.1217433,0.6285714,1.1957676,3.2188754,-0.0
4,55,9,1,6.537163734436035,0.7262401845720079,1,0,0,1.4306113,0.5733333,1.599472,3.2188754,-0.0
4,56,9,1,6.308609962463379,0.7006088097890218,1,0,0,1.3998048,0.57777774,1.5670747,3.2188754,-0.0
4,57,9,1,6.812126874923706,0.7565601136949327,1,0,0,1.1903204,0.6488889,1.4441805,3.2188754,-0.0
4,58,9,1,6.259284496307373,0.695364793141683,1,0,0,1.4306113,0.5733333,1.599472,3.2188754,-0.0
4,59,9,1,6.538344621658325,0.7263313134511312,1,0,0,1.2700915,0.6311111,1.4741849,3.2188754,-0.0
4,60,11,1,8.754958868026733,0.795813495462591,1,0,0,1.160342,0.65090907,1.2767143,3.2188754,-0.0
4,61,57,1,48.70888543128967,0.854427136872944,1,0,0,1.1734754,0.6098246,1.0211929,3.2188754,-0.0
4,62,29,1,24.516729593276978,0.8452301847523657,1,0,0,1.3195164,0.56551725,1.1587725,3.2188754,-0.0
4,63,18,2,16.95805072784424,0.942002640830146,0,1,0,0.87327665,0.7088889,0.98562235,3.2188754,-0.0
4,64,17,1,13.418004274368286,0.7892645667580998,1,0,0,1.2606429,0.6070589,1.1897366,3.2188754,-0.0
4,65,71,1,61.38005590438843,0.8643586366948947,1,0,0,1.2964287,0.55323946,0.83428013,3.2188754,-0.0
4,66,9,1,6.734959602355957,0.7481612629360623,1,0,0,1.2439133,0.6355555,1.4728981,3.2188754,-0.0
4,67,16,2,14.299284934997559,0.893579751253128,0,1,0,1.25794,0.575,1.1208397,3.2188754,-0.0
4,68,9,1,6.410773515701294,0.7123081684112549,1,0,0,1.4244499,0.57777774,1.5926639,3.2188754,-0.0
4,69,9,1,6.738052129745483,0.7484491136338975,1,0,0,1.1915228,0.64444447,1.4610538,3.2188754,-0.0
4,70,9,1,7.383772850036621,0.8203085793389214,1,0,0,0.9153468,0.7155555,1.2715193,3.2188754,-0.0
4,71,50,2,44.49646019935608,0.889673113822937,0,1,0,1.0548891,0.62880003,0.8040088,3.2188754,-0.0
4,72,55,1,47.177781105041504,0.8575809131969105,1,0,0,1.2507156,0.5658182,0.87307197,3.2188754,-0.0
4,73,54,2,45.6179039478302,0.8446593461213289,0,1,0,1.1779891,0.62000006,1.0479562,3.2188754,-0.0
4,74,41,1,30.664199829101562,0.747796035394436,1,0,0,0.9845207,0.68,1.0945827,3.2188754,-0.0
4,75,41,1,24.94276237487793,0.6082710405675377,1,0,0,1.1290252,0.63707316,1.1877744,3.2188754,-0.0
4,76,11,1,8.502604246139526,0.7729176391254772,1,0,0,1.378828,0.58181816,1.3874855,3.2188754,-0.0
4,77,9,1,7.266244411468506,0.8073604901631674,1,0,0,0.9030804,0.72444445,1.1997025,3.2188754,-0.0
4,78,28,2,23.820469856262207,0.8506590894290379,0,1,0,1.3518276,0.55142856,0.9603595,3.2188754,-0.0
4,79,9,1,6.896036624908447,0.7661599583095975,1,0,0,1.3689984,0.58666664,1.532037,3.2188754,-0.0
4,80,13,1,10.94531512260437,0.8416686424842248,1,0,0,1.1686025,0.61230767,1.0489147,3.2188754,-0.0
4,81,17,1,12.849107265472412,0.7557710198795095,1,0,0,1.5017174,0.5552941,1.5930389,3.2188754,-0.0
4,82,13,1,10.1110200881958,0.7777707760150616,1,0,0,1.3831477,0.59076923,1.5247611,3.2188754,-0.0
4,83,58,2,49.63510012626648,0.8556260404915645,0,1,0,1.0522896,0.657931,1.1079992,3.2188754,-0.0
4,84,63,1,53.53622055053711,0.8496506592584034,1,0,0,1.2409452,0.6209524,1.1371022,3.2188754,-0.0
4,85,32,2,26.20638108253479,0.8187713548541069,0,1,0,1.1607113,0.62874997,1.1879166,3.2188754,-0.0
4,86,9,1,6.3187689781188965,0.7019724316067166,1,0,0,0.93477273,0.72888887,1.2740188,3.2188754,-0.0
4,87,26,2,18.049564599990845,0.6941363628094013,0,1,0,1.0886552,0.6323077,1.0282481,3.2188754,-0.0
4,88,9,1,6.935459136962891,0.7704916265275743,1,0,0,1.2516078,0.6311111,1.4563762,3.2188754,-0.0
4,89,14,2,12.324689388275146,0.8801542179925101,0,1,0,1.0829527,0.65999997,0.9066871,3.2188754,-0.0
4,90,9,1,6.958649158477783,0.7730711301167806,1,0,0,1.321218,0.60444444,1.4830345,3.2188754,-0.0
4,91,66,2,56.35422492027283,0.8536664861621279,0,1,0,1.0997609,0.6375758,0.9857449,3.2188754,-0.0
4,92,11,1,8.339953422546387,0.757890831340443,1,0,0,1.43792,0.57454544,1.5755172,3.2188754,-0.0
4,93,19,1,15.947112798690796,0.8392697008032548,1,0,0,1.2989421,0.58947366,1.4265622,3.2188754,-0.0
4,94,24,2,18.9637131690979,0.7900292376677195,0,1,0,1.2235209,0.62666667,1.2729748,3.2188754,-0.0
4,95,12,2,10.20270586013794,0.8497650424639384,0,1,0,0.89134353,0.7133333,0.82999396,3.2188754,-0.0
4,96,9,1,7.314053773880005,0.8126726415422227,1,0,0,1.2133349,0.6444444,1.3763819,3.2188754,-0.0
4,97,38,2,32.60638499259949,0.8579294305098685,0,1,0,1.0123223,0.66842103,1.0031453,3.2188754,-0.0
4,98,53,1,36.48098969459534,0.688201404967398,1,0,0,1.0583003,0.6513207,0.9330811,3.2188754,-0.0
4,99,9,1,4.927955389022827,0.5474626223246256,1,0,0,1.274948,0.61777776,1.4432954,3.2188754,-0.0
5,0,12,2,11.111677169799805,0.9257217248280843,0,1,0,1.1859115,0.5766667,0.8717043,2.5534546,-0.0
5,1,14,2,12.322003364562988,0.8799284185682025,0,1,0,1.1167378,0.6028571,0.9967529,2.5534546,-0.0
5,2,18,2,16.45607304573059,0.9140283531612821,0,1,0,1.1564138,0.5577778,0.97735,2.5534546,-0.0
5,3,14,2,12.580811500549316,0.8984860522406442,0,1,0,1.2367984,0.5228571,0.8795067,2.5534546,-0.0
5,4,42,2,39.787301778793335,0.9472383998689198,0,1,0,0.91640836,0.6961905,0.78313845,2.5534546,-0.0
5,5,12,2,11.205417156219482,0.9337395429611206,0,1,0,0.95247054,0.6266666,0.8313825,2.5534546,-0.0
5,6,10,2,8.985525369644165,0.8982505559921264,0,1,0,0.8899886,0.66800004,0.9249395,2.5534546,-0.0
5,7,27,1,24.790512084960938,0.9180727623127125,1,0,0,1.1916587,0.5644444,0.9581232,2.5534546,-0.0
5,8,50,2,46.07091164588928,0.9212857627868652,0,1,0,1.2072229,0.57519996,0.87613714,2.7124717,-0.0
5,9,55,1,49.772331953048706,0.9047944805838845,1,0,0,1.2073327,0.6043636,0.9249573,3.0870426,-0.0
5,10,12,2,10.356949090957642,0.8629110256830851,0,1,0,1.0397466,0.59999996,0.9312339,2.5534546,-0.0
5,11,24,2,21.691834211349487,0.9037792285283407,0,1,0,1.3630654,0.50333333,0.9762961,2.5534546,-0.0
5,12,61,1,56.12863087654114,0.9199153204433254,1,0,0,1.1754725,0.602623,1.0217347,3.2188754,-0.0
5,13,73,1,64.69402956962585,0.8860163884620144,1,0,0,1.225534,0.58082193,1.0116827,2.709703,-0.0
5,14,13,1,11.48162841796875,0.8830354947310227,1,0,0,0.97679234,0.64307696,0.8105231,2.0085995,-0.0
5,15,34,2,31.532537698745728,0.927168607711792,0,1,0,1.1016347,0.6141177,0.9876963,2.5534546,-0.0
5,16,12,2,11.122445344924927,0.9266182581583658,0,1,0,1.2628016,0.53666663,1.010487,2.5534546,-0.0
5,17,52,2,47.3774950504303,0.9109029265550467,0,1,0,1.0896491,0.63461536,0.8786383,2.8969882,-0.0
5,18,21,1,19.353424310684204,0.9213586648305258,1,0,0,1.1437544,0.5714286,0.99116474,2.5534546,-0.0
5,19,58,2,51.617992639541626,0.889829368426882,0,1,0,1.2934935,0.5434483,0.8720722,2.6740208,-0.0
5,20,56,2,52.14557337760925,0.9309487555708204,0,1,0,1.0820043,0.61642855,0.85977745,3.2188754,-0.0
5,21,31,1,28.787130117416382,0.9285645792561192,1,0,0,1.1255693,0.596129,0.9186018,2.5534546,-0.0
5,22,15,1,13.852053165435791,0.9234702110290527,1,0,0,1.0134537,0.65066665,0.77949786,2.5534546,-0.0
5,23,20,2,18.02033281326294,0.9009148597717285,0,1,0,1.1726376,0.572,1.1112652,2.5534546,-0.0
5,24,12,2,11.550029993057251,0.9622276822725931,0,1,0,0.8779295,0.68333334,0.84945965,2.442551,-0.0
5,25,10,2,8.9018075466156,0.8900784969329834,0,1,0,0.86945516,0.65999997,0.8160316,2.5534546,-0.0
5,26,54,2,50.581188917160034,0.936484694480896,0,1,0,0.9936246,0.6488888,0.86802745,2.5534546,-0.0
5,27,34,2,31.505759954452515,0.9265180405448464,0,1,0,1.1455992,0.60117644,0.89943904,2.997069,-0.0
5,28,14,2,13.261932849884033,0.9472440651484898,0,1,0,0.99593556,0.64857143,0.8723926,2.5534546,-0.0
5,29,14,2,12.859071969985962,0.9182711328778949,0,1,0,0.75838035,0.7485714,0.8809719,2.5433474,-0.0
5,30,29,1,27.188858032226562,0.9373528628513731,1,0,0,1.1369373,0.582069,0.9310008,2.5534546,-0.0
5,31,43,1,39.485217571258545,0.9181628227233887,1,0,0,1.1209922,0.6111628,0.92564356,2.8097835,-0.0
5,32,14,2,12.699528932571411,0.906951870237078,0,1,0,1.0339352,0.64285713,0.9081579,2.5534546,-0.0
5,33,12,2,10.746399641036987,0.8951940337816874,0,1,0,0.9986689,0.6433334,1.025041,2.5534546,-0.0
5,34,23,1,21.451069116592407,0.9324746028236721,1,0,0,1.1509067,0.586087,1.0383162,2.5534546,-0.0
5,35,30,2,26.50178861618042,0.8832747618357341,0,1,0,1.2492232,0.5973333,1.1497147,3.2188754,-0.0
5,36,14,2,12.538814306259155,0.8955577782222203,0,1,0,1.0800635,0.59999996,0.86658084,2.5534546,-0.0
5,37,23,1,20.62800145149231,0.896673233612724,1,0,0,1.2553118,0.5617391,0.96584177,2.7651548,-0.0
5,38,50,2,45.873443603515625,0.9172749042510986,0,1,0,1.017035,0.6664,0.9148155,2.5534546,-0.0
5,39,12,2,10.779428005218506,0.8981522719065348,0,1,0,0.98573655,0.64333326,0.93449795,2.5534546,-0.0
5,40,29,1,26.513607025146484,0.9140640784954203,1,0,0,1.1898547,0.5710345,1.0696279,2.5534546,-0.0
5,41,29,1,26.426881313323975,0.9111322945561903,1,0,0,1.115466,0.6193103,0.8706258,2.5534546,-0.0
5,42,17,1,15.680521965026855,0.9223247696371639,1,0,0,1.1521162,0.55294114,0.83648694,2.5534546,-0.0
5,43,33,1,29.12646722793579,0.8824828104539351,1,0,0,1.2246755,0.6109091,1.0405374,2.8443055,-0.0
5,44,18,2,16.180927753448486,0.898856070306566,0,1,0,1.2433158,0.5555555,1.1020606,2.5534546,-0.0
5,45,29,1,25.94419813156128,0.894592835985381,1,0,0,1.4449347,0.4413793,0.9720609,2.5534546,-0.0
5,46,52,2,46.81827092170715,0.9001578321823707,0,1,0,1.2041411,0.58923084,0.8931227,2.67795,-0.0
5,47,40,2,37.073758125305176,0.9267808616161346,0,1,0,1.0384876,0.62600005,0.89333314,2.5534546,-0.0
5,48,55,1,50.4273464679718,0.9167686982588334,1,0,0,1.0171887,0.6610909,0.75673884,2.5534546,-0.0
5,49,37,1,34.010430097579956,0.919061125935735,1,0,0,0.9045664,0.6962162,0.95311207,2.5534546,-0.0
5,50,32,2,29.152751922607422,0.9109446331858635,0,1,0,1.1077044,0.6275,0.82053185,2.6434278,-0.0
5,51,22,2,19.745518922805786,0.897450490431352,0,1,0,1.2394857,0.5454545,0.8942589,2.5534546,-0.0
5,52,15,1,13.445347785949707,0.8961891492207845,1,0,0,0.9389085,0.65333337,0.80081505,2.5534546,-0.0
5,53,27,1,24.625583171844482,0.911790167843854,1,0,0,1.0937068,0.60444444,0.99821955,2.5534546,-0.0
5,54,24,2,22.00866985321045,0.9169855614503225,0,1,0,0.9954235,0.625,0.79244995,2.5534546,-0.0
5,55,25,1,22.9045627117157,0.9161220550537109,1,0,0,1.1770788,0.5808,1.0964772,2.5534546,-0.0
5,56,12,2,10.488599300384521,0.8739121754964193,0,1,0,1.1655756,0.58,1.0988928,2.5534546,-0.0
5,57,10,2,9.082401037216187,0.9081387042999267,0,1,0,0.8814961,0.65999997,0.8144728,2.5534546,-0.0
5,58,35,1,32.05603265762329,0.9157533918108259,1,0,0,1.0070525,0.66742855,0.9242665,2.5534546,-0.0
5,59,20,2,18.32381534576416,0.9160389304161072,0,1,0,1.0131614,0.6279999,0.80656755,2.5534546,-0.0
5,60,33,1,30.12985610961914,0.9128106435139974,1,0,0,1.1135808,0.5987879,0.9198227,2.5534546,-0.0
5,61,12,2,10.40828824043274,0.8672305345535278,0,1,0,1.1873037,0.5566667,1.0428902,2.5534546,-0.0
5,62,59,1,53.21220803260803,0.9017817974090576,1,0,0,1.1475749,0.5911864,0.8213425,2.5534546,-0.0
5,63,56,2,50.74424505233765,0.9060344355446952,0,1,0,1.0561637,0.6307143,0.80755144,2.5534546,-0.0
5,64,31,1,28.244461059570312,0.9110303771111273,1,0,0,1.1184325,0.61419356,0.8488849,2.5534546,-0.0
5,65,10,2,8.802241325378418,0.8800712585449219,0,1,0,0.9177948,0.67200005,0.8350073,2.5534546,-0.0
5,66,54,2,48.616010427474976,0.9001213267997459,0,1,0,1.2778711,0.5474074,0.82102805,2.5534546,-0.0
5,67,17,1,15.677252054214478,0.922191297306734,1,0,0,1.1888268,0.5717647,1.0151944,2.5534546,-0.0
5,68,46,2,41.48560810089111,0.9016740270282911,0,1,0,1.2179102,0.5913044,0.9116833,3.2188754,-0.0
5,69,23,1,21.275182485580444,0.9248214700947637,1,0,0,0.9568691,0.6608696,0.8343737,2.5534546,-0.0
5,70,18,2,16.50132393836975,0.9165988365809122,0,1,0,0.9789241,0.63777775,0.9675428,2.5534546,-0.0
5,71,43,1,39.32860469818115,0.9144888312317604,1,0,0,0.99348706,0.67720926,0.89544666,2.5534546,-0.0
5,72,58,2,51.36521363258362,0.8855546384022154,0,1,0,1.2893322,0.55862063,0.92543614,3.0870423,-0.0
5,73,15,1,13.853973150253296,0.9234975973765055,1,0,0,0.6960555,0.75733334,0.7138767,1.9424007,-0.0
5,74,31,1,28.072052717208862,0.9053749115236344,1,0,0,1.3651433,0.5070968,0.8281436,2.5534546,-0.0
5,75,39,1,30.7857084274292,0.789261139356173,1,0,0,1.3208393,0.5210256,0.901927,2.5534546,-0.0
5,76,11,1,9.723240613937378,0.8837487264112993,1,0,0,0.69300705,0.75636363,0.7179762,1.6986954,-0.0
5,77,50,2,45.40015935897827,0.9078849744796753,0,1,0,1.2193283,0.59200007,0.8721541,2.941617,-0.0
5,78,25,1,22.81819176673889,0.9125853729248047,1,0,0,1.1744276,0.5872,1.1048455,2.5534546,-0.0
5,79,15,1,12.928320407867432,0.8618880271911621,1,0,0,1.1802571,0.592,1.0323243,2.5534546,-0.0
5,80,12,2,10.910933256149292,0.9092002709706625,0,1,0,0.8981964,0.67333335,0.9553598,2.5534546,-0.0
5,81,30,2,27.44439148902893,0.9146464029947917,0,1,0,1.0900985,0.5933333,1.0567362,2.5534546,-0.0
5,82,17,1,15.523276090621948,0.9130442703471464,1,0,0,0.82904136,0.7176471,0.9273446,2.65702,-0.0
5,83,12,2,10.886060237884521,0.907086968421936,0,1,0,1.1116538,0.59,0.88599795,2.442551,-0.0
5,84,44,2,40.64989376068115,0.9237116846171293,0,1,0,1.0878416,0.62909085,0.9003043,2.5534546,-0.0
5,85,16,2,14.430493831634521,0.9016847759485245,0,1,0,1.1709496,0.5625,0.85729283,2.5534546,-0.0
5,86,41,1,32.247175216674805,0.7863920549067055,1,0,0,1.3464462,0.5248781,0.9422822,2.5534546,-0.0
5,87,27,1,19.731881141662598,0.7306748319555212,1,0,0,1.2088178,0.5451852,0.9884126,2.7334013,-0.0
5,88,52,2,47.19804048538208,0.9074803774173443,0,1,0,1.1246134,0.61538464,0.87526,2.6740208,-0.0
5,89,66,2,46.881901264190674,0.7102233930067583,0,1,0,1.3742487,0.5254546,0.96762186,3.2188754,-0.0
5,90,14,2,9.30834412574768,0.6645576102393014,0,1,0,1.0900316,0.60571426,0.8591828,2.5534546,-0.0
5,91,17,1,11.866601943969727,0.6977974527022418,1,0,0,0.918789,0.67999995,0.9290127,2.5534546,-0.0
5,92,55,1,45.818652868270874,0.8329736189408736,1,0,0,1.1123835,0.61381817,0.81403047,2.7651548,-0.0
5,93,60,2,41.935302734375,0.6987778941790262,0,1,0,1.1911987,0.56600004,0.97486085,2.5534546,-0.0
5,94,15,1,10.229129314422607,0.6818078358968099,1,0,0,0.9594761,0.6426667,0.8337003,2.6740208,-0.0
5,95,10,2,6.046551942825317,0.604474949836731,0,1,0,0.89693326,0.648,0.8350181,2.5534546,-0.0
5,96,27,1,23.16407012939453,0.857654889424642,1,0,0,1.2399442,0.5451852,0.93782246,2.5534546,-0.0
5,97,43,1,32.4950966835022,0.7556170918220697,1,0,0,0.9474701,0.6734884,0.9396166,2.5534546,-0.0
5,98,50,2,34.62419152259827,0.6923163080215454,0,1,0,0.92479676,0.7120001,0.8608593,2.997069,-0.0
5,99,58,2,33.09859228134155,0.5704089937538936,0,1,0,1.1329883,0.59999996,0.794726,2.5534546,-0.0
6,0,18,2,14.395206451416016,0.7995065450668335,0,1,0,2.2970834,0.3288889,1.2788463,3.2188754,-0.0
6,1,14,2,10.321483612060547,0.7369608879089355,0,1,0,2.2516668,0.3342857,1.4340383,3.2188754,-0.0
6,2,24,2,19.195064067840576,0.7996264596780142,0,1,0,2.1840904,0.36166668,1.353126,3.2188754,-0.0
6,3,16,2,12.168837785720825,0.7604891657829285,0,1,0,2.5832384,0.2425,1.1435673,3.2188754,-0.0
6,4,20,2,16.599467515945435,0.8298981189727783,0,1,0,1.9650209,0.42800003,1.4277601,3.2188754,-0.0
6,5,14,2,11.190773725509644,0.799340980393546,0,1,0,1.7627637,0.48285717,1.4763298,3.2188754,-0.0
6,6,19,1,14.217613935470581,0.747975324329577,1,0,0,2.7092748,0.20842105,0.99005663,3.2188754,-0.0
6,7,20,2,16.793792247772217,0.8396735191345215,0,1,0,1.844918,0.454,1.5296708,3.2188754,-0.0
6,8,10,2,8.54886531829834,0.8546347379684448,0,1,0,1.7427632,0.488,1.4826981,3.2188754,0.16794415
6,9,18,2,13.95630407333374,0.7753502262963189,0,1,0,1.9645296,0.42,1.519173,3.2188754,-0.0
6,10,24,2,18.376019954681396,0.7655830780665079,0,1,0,2.5074432,0.2733333,1.0700855,3.2188754,-0.0
6,11,49,1,40.400362491607666,0.8244432527191785,1,0,0,2.1015046,0.39102042,1.2992146,3.2188754,-0.0
6,12,41,1,32.83975386619568,0.8007982940208621,1,0,0,2.28691,0.32780486,1.3240951,3.2188754,-0.0
6,13,34,2,25.06852149963379,0.7371900712742525,0,1,0,2.8168619,0.17294118,0.92231196,3.2188754,-0.0
6,14,22,2,18.187499523162842,0.8264725099910389,0,1,0,1.8434159,0.46,1.4797105,3.2188754,-0.0
6,15,27,1,21.1107976436615,0.7817268106672499,1,0,0,2.2850904,0.3288889,1.3426231,3.2188754,-0.0
6,16,12,2,10.14690113067627,0.8453250726064047,0,1,0,1.864944,0.45666668,1.4253086,3.2188754,-0.0
6,17,46,2,35.93195652961731,0.7810850661733876,0,1,0,2.2922208,0.32869568,1.2976938,3.2188754,-0.0
6,18,16,2,11.370421648025513,0.7106513530015945,0,1,0,3.0350354,0.1025,0.5862878,3.2188754,0.82228994
6,19,23,1,16.919638633728027,0.7354840506678042,1,0,0,2.9339402,0.1373913,0.6481954,3.2188754,1.1378081
6,20,14,2,11.831998825073242,0.8449182340076992,0,1,0,1.9091545,0.44285712,1.4496346,3.2188754,-0.0
6,21,31,1,24.34631657600403,0.7852786279493763,1,0,0,2.340839,0.30580646,1.3085997,3.2188754,-0.0
6,22,19,1,15.852531433105469,0.834051345524035,1,0,0,1.9292741,0.4357895,1.4447298,3.2188754,-0.0
6,23,45,1,36.613808393478394,0.8134450912475586,1,0,0,2.079974,0.3911111,1.33814,3.2188754,-0.0
6,24,47,1,39.29386305809021,0.8357601723772414,1,0,0,2.0273058,0.40680853,1.4068688,3.2188754,-0.0
6,25,28,2,22.804176807403564,0.8142918944358826,0,1,0,2.16592,0.37142855,1.3263614,3.2188754,-0.0
6,26,12,2,9.504256963729858,0.7918058435122172,0,1,0,1.8462682,0.45666662,1.5395095,3.2188754,-0.0
6,27,43,1,34.42309761047363,0.8004523543424384,1,0,0,2.371743,0.2995349,1.3439665,3.2188754,-0.0
6,28,9,1,7.871740341186523,0.8744136492411295,1,0,0,2.2031116,0.36,1.3055385,3.2188754,-0.0
6,29,25,1,17.926745653152466,0.7169297122955323,1,0,0,2.6016653,0.23040001,1.0223035,3.2188754,-0.0
6,30,12,2,9.524624586105347,0.7935484051704407,0,1,0,1.9152476,0.43999997,1.4676658,3.2188754,-0.0
6,31,20,2,15.906352043151855,0.7952172517776489,0,1,0,1.995108,0.42000002,1.3984022,3.2188754,-0.0
6,32,46,2,36.251302003860474,0.7878488043080205,0,1,0,2.3076282,0.32,1.3510929,3.2188754,-0.0
6,33,10,2,7.825516223907471,0.7824511766433716,0,1,0,1.6094377,0.52,1.6094377,3.2188754,-0.0
6,34,51,1,41.768240213394165,0.8189357682770374,1,0,0,2.0262582,0.3960784,1.4273297,3.2188754,-0.0
6,35,24,2,20.40531349182129,0.8500703275203705,0,1,0,1.7605253,0.48166665,1.5347613,3.2188754,-0.0
6,36,14,2,11.205878973007202,0.8002126557486398,0,1,0,1.7271382,0.49142858,1.5119892,3.2188754,-0.0
6,37,37,1,31.220616340637207,0.8436811743555842,1,0,0,1.7930374,0.47135136,1.4450116,3.2188754,-0.0
6,38,18,2,14.549743413925171,0.8080562220679389,0,1,0,1.9339784,0.4377778,1.3970394,3.2188754,-0.0
6,39,21,1,17.677404403686523,0.8415851933615548,1,0,0,1.8556849,0.46285716,1.3541638,3.2188754,-0.0
6,40,16,2,12.966424226760864,0.8102757632732391,0,1,0,1.7547888,0.485,1.4754437,3.2188754,-0.0
6,41,10,2,7.8591628074646,0.7857157945632934,0,1,0,1.7091744,0.496,1.5194404,3.2188754,-0.0
6,42,22,2,18.20428442955017,0.8273487849669023,0,1,0,1.8850415,0.4509091,1.4163141,3.2188754,-0.0
6,43,51,1,42.53538942337036,0.8339033641067206,1,0,0,1.9406329,0.4329412,1.3882895,3.2188754,-0.0
6,44,26,2,20.9226815700531,0.8046149473923904,0,1,0,2.1304598,0.38769227,1.2380093,3.2188754,-0.0
6,45,14,2,11.25251817703247,0.8036080087934222,0,1,0,1.8243122,0.4628571,1.5398654,3.2188754,-0.0
6,46,14,2,11.038029432296753,0.788264274597168,0,1,0,1.9056879,0.44285712,1.4819434,3.2188754,-0.0
6,47,18,2,14.237508773803711,0.790916191207038,0,1,0,2.0378914,0.4088889,1.3676685,3.2188754,-0.0
6,48,20,2,15.483019351959229,0.7739363431930542,0,1,0,2.2702565,0.334,1.3579361,3.2188754,-0.0
6,49,21,1,15.985534429550171,0.7610399723052979,1,0,0,2.0665035,0.39809528,1.387316,3.2188754,-0.0
6,50,31,1,23.202009677886963,0.748387175221597,1,0,0,2.765979,0.17290322,1.0022278,3.2188754,-0.0
6,51,25,1,16.920321941375732,0.6766328144073487,1,0,0,2.707729,0.21120003,0.8431586,3.2188754,0.98110217
6,52,20,2,15.99969744682312,0.799759590625763,0,1,0,1.9703888,0.42,1.4872001,3.2188754,-0.0
6,53,12,2,9.414389371871948,0.7845324476559957,0,1,0,1.9952368,0.42,1.4255303,3.2188754,-0.0
6,54,10,2,7.636597394943237,0.7635593175888061,0,1,0,1.7095301,0.496,1.5155703,3.2188754,-0.0
6,55,16,2,12.72355031967163,0.795112133026123,0,1,0,1.9744658,0.42000002,1.4422748,3.2188754,-0.0
6,56,24,2,19.011743783950806,0.792072594165802,0,1,0,2.2887833,0.32333332,1.3895004,3.2188754,-0.0
6,57,23,1,19.1515109539032,0.8325991319573444,1,0,0,2.0852642,0.3965217,1.3629256,3.2188754,-0.0
6,58,24,2,20.410318851470947,0.8503125309944153,0,1,0,1.733183,0.49,1.5046484,3.2188754,-0.0
6,59,28,2,22.474777460098267,0.8025352188519069,0,1,0,2.3409727,0.2957143,1.2045065,3.2188754,-0.0
6,60,12,2,9.60891056060791,0.8002894520759583,0,1,0,1.7058138,0.49666667,1.5285401,3.2188754,-0.0
6,61,16,2,12.060944318771362,0.7536225318908691,0,1,0,2.3543024,0.31,1.3131832,3.2188754,-0.0
6,62,16,2,12.333926439285278,0.7707916796207428,0,1,0,2.1863647,0.35750002,1.3569218,3.2188754,-0.0
6,63,14,2,11.28045105934143,0.8056517328534808,0,1,0,1.8677788,0.45714286,1.3792877,3.2188754,-0.0
6,64,10,2,8.145592212677002,0.8144590854644775,0,1,0,1.6262321,0.516,1.5933515,3.2188754,-0.0
6,65,43,1,35.466246366500854,0.8247013424718103,1,0,0,2.1632724,0.36279073,1.3705249,3.2188754,-0.0
6,66,14,2,11.56937837600708,0.8262048278536115,0,1,0,1.8200328,0.46857142,1.4361596,3.2188754,-0.0
6,67,26,2,20.245849609375,0.778471433199369,0,1,0,2.6998305,0.20769231,1.0294738,3.2188754,-0.0
6,68,44,2,37.32249069213867,0.8480875329537825,0,1,0,1.8972031,0.44727275,1.427396,3.2188754,-0.0
6,69,12,2,8.836222887039185,0.7361847162246704,0,1,0,1.8258241,0.46666667,1.4444637,3.2188754,-0.0
6,70,31,1,25.92887806892395,0.8363123632246449,1,0,0,2.1174428,0.3793548,1.4079256,3.2188754,-0.0
6,71,14,2,11.460255146026611,0.8183740547725132,0,1,0,1.861348,0.45714283,1.4381615,3.2188754,-0.0
6,72,20,2,15.791347742080688,0.789440393447876,0,1,0,2.1206722,0.378,1.4204831,3.2188754,-0.0
6,73,44,2,34.048320055007935,0.7736881104382601,0,1,0,2.6361868,0.22454546,1.1101398,3.2188754,-0.0
6,74,16,2,13.273768663406372,0.8295052349567413,0,1,0,1.7836094,0.47750002,1.4675043,3.2188754,-0.0
6,75,32,2,25.196939706802368,0.7872214168310165,0,1,0,2.2946377,0.33625,1.2474419,3.2188754,-0.0
6,76,16,2,13.254652261734009,0.828253984451294,0,1,0,1.8080535,0.4675,1.537436,3.2188754,-0.0
6,77,20,2,14.461530447006226,0.723001229763031,0,1,0,2.6366591,0.224,1.0722677,3.2188754,0.3342211
6,78,29,1,21.79402780532837,0.7513403399237271,1,0,0,2.9207404,0.13793103,0.79994226,3.2188754,0.16794415
6,79,43,1,35.060516357421875,0.8153375692145769,1,0,0,1.9256058,0.42883718,1.5080236,3.2188754,-0.0
6,80,34,2,27.915762424468994,0.8208996548372156,0,1,0,2.20491,0.35882354,1.3064531,3.2188754,-0.0
6,81,22,2,17.010551929473877,0.7729980186982588,0,1,0,2.6368647,0.22363637,1.1312424,3.2188754,-0.0
6,82,12,2,9.613123178482056,0.801093598206838,0,1,0,1.895171,0.4466667,1.4534478,3.2188754,-0.0
6,83,24,2,19.068076372146606,0.7944402595361074,0,1,0,1.87544,0.45499995,1.3818036,3.2188754,-0.0
6,84,22,2,18.429562091827393,0.8373976945877075,0,1,0,1.7481747,0.48363635,1.5595324,3.2188754,-0.0
6,85,18,2,14.947801351547241,0.8302341964509752,0,1,0,1.9020759,0.44444445,1.4597539,3.2188754,-0.0
6,86,33,1,27.69090509414673,0.8389360976941658,1,0,0,2.0502462,0.39636365,1.3530988,3.2188754,-0.0
6,87,31,1,21.02383327484131,0.6780854578941099,1,0,0,1.850534,0.4580645,1.4562598,3.2188754,-0.0
6,88,47,1,39.96053075790405,0.8500414807745751,1,0,0,1.9346628,0.43404254,1.3966064,3.2188754,-0.0
6,89,16,2,12.962559938430786,0.8100668638944626,0,1,0,2.066986,0.4,1.3757888,3.2188754,-0.0
6,90,20,2,14.989691019058228,0.7492044925689697,0,1,0,2.248471,0.34,1.2487588,3.2188754,0.16794415
6,91,12,2,6.9298012256622314,0.5772779583930969,0,1,0,1.7191869,0.4933333,1.5198323,3.2188754,-0.0
6,92,28,2,22.67022943496704,0.8094873768942696,0,1,0,2.299656,0.31999996,1.3721331,3.2188754,-0.0
6,93,24,2,19.68651509284973,0.8202295899391174,0,1,0,1.9677035,0.43166664,1.314906,3.2188754,-0.0
6,94,12,2,7.75797438621521,0.6464157501856486,0,1,0,1.7665296,0.48,1.534955,3.2188754,-0.0
6,95,13,1,6.73742151260376,0.5181088447570801,1,0,0,2.8524692,0.1630769,0.8157937,3.2188754,0.3342211
6,96,10,2,7.051553249359131,0.7049540758132935,0,1,0,2.9406126,0.13599999,0.6730671,3.2188754,0.98110217
6,97,20,2,14.614602088928223,0.7306478142738342,0,1,0,1.7417332,0.48799998,1.4948095,3.2188754,-0.0
6,98,10,2,5.717176914215088,0.5716176509857178,0,1,0,1.7422556,0.488,1.488817,3.2188754,-0.0
6,99,12,2,5.922438383102417,0.4933251937230428,0,1,0,1.7058138,0.49666667,1.5285401,3.2188754,-0.0
7,0,39,1,31.176225423812866,0.7992695478292612,1,0,0,2.297364,0.32102564,1.3479941,3.2188754,-0.0
7,1,29,1,24.130386352539062,0.8319314348286596,1,0,0,2.01782,0.38620687,1.3376215,3.2188754,-0.0
7,2,47,1,37.48399257659912,0.7973365682236692,1,0,0,2.5424845,0.2519149,1.1689489,3.2188754,-0.0
7,3,10,2,8.009862422943115,0.8008146047592163,0,1,0,1.6094377,0.52,1.6094377,3.2188754,-0.0
7,4,45,1,37.232765674591064,0.8272443771362304,1,0,0,2.081637,0.39199993,1.3872558,3.2188754,-0.0
7,5,25,1,18.15213656425476,0.7259818649291992,1,0,0,2.5501688,0.2496,1.1516336,3.2188754,0.16794415
7,6,23,1,18.846661806106567,0.8191873508950939,1,0,0,2.0209005,0.41043475,1.4321982,3.2188754,-0.0
7,7,26,2,22.06183099746704,0.8484309269831731,0,1,0,1.8135287,0.46461535,1.5489347,3.2188754,-0.0
7,8,12,2,9.991483926773071,0.8322840531667074,0,1,0,1.6911963,0.5,1.5494026,3.2188754,-0.0
7,9,21,1,17.61155939102173,0.8385471843537831,1,0,0,1.6960413,0.50285715,1.4894261,3.2188754,-0.0
7,10,14,2,11.150386095046997,0.7960896151406425,0,1,0,1.8298706,0.46571428,1.4421145,3.2188754,-0.0
7,11,33,1,27.778430700302124,0.841576200543028,1,0,0,1.7267349,0.49454546,1.4190581,3.2188754,-0.0
7,12,34,2,26.24305033683777,0.7718070815591251,0,1,0,1.8104277,0.46941176,1.4378399,3.2188754,-0.0
7,13,17,1,12.085489273071289,0.7107583074008718,1,0,0,2.5627499,0.24470587,1.1881955,3.2188754,-0.0
7,14,16,2,11.454285621643066,0.7157033234834671,0,1,0,2.1679235,0.36,1.4406389,3.2188754,-0.0
7,15,24,2,18.494168519973755,0.7703523635864258,0,1,0,1.7594175,0.48333335,1.4921191,3.2188754,-0.0
7,16,14,2,10.701022624969482,0.7642863648278373,0,1,0,1.7039346,0.49714285,1.529606,3.2188754,-0.0
7,17,10,2,7.058224201202393,0.7057710409164428,0,1,0,1.6094377,0.52,1.6094377,3.2188754,-0.0
7,18,12,2,9.025261640548706,0.7520184318224589,0,1,0,1.7182504,0.4933333,1.5291924,3.2188754,-0.0
7,19,14,2,10.210172653198242,0.7291094235011509,0,1,0,2.165952,0.36285713,1.2682607,3.2188754,0.3342211
7,20,52,2,38.83462738990784,0.7466484720890338,0,1,0,2.7499666,0.1769231,1.0344102,3.2188754,-0.0
7,21,10,2,7.820812463760376,0.781976318359375,0,1,0,1.6262321,0.516,1.5933515,3.2188754,-0.0
7,22,16,2,12.914089441299438,0.8070238828659058,0,1,0,1.9553828,0.425,1.4477787,3.2188754,-0.0
7,23,24,2,17.54088306427002,0.7308287223180135,0,1,0,2.769596,0.17833333,1.03917,3.2188754,-0.0
7,24,14,2,10.363774299621582,0.7401978628976005,0,1,0,2.0096333,0.40857142,1.4675268,3.2188754,-0.0
7,25,24,2,17.481901168823242,0.7282825410366058,0,1,0,2.135165,0.37833333,1.3684998,3.2188754,-0.0
7,26,25,1,18.694194078445435,0.7476210498809814,1,0,0,1.9345055,0.43999997,1.3761809,3.2188754,-0.0
7,27,22,2,14.268657207489014,0.648437575860457,0,1,0,3.1111658,0.07636364,0.46562666,3.2188754,0.98110217
7,28,18,2,13.395761728286743,0.7441807058122423,0,1,0,2.076845,0.3955556,1.3280846,3.2188754,-0.0
7,29,10,2,7.189414978027344,0.7188311815261841,0,1,0,1.676108,0.504,1.5488505,3.2188754,-0.0
7,30,25,1,18.21619701385498,0.7284842109680176,1,0,0,2.4650342,0.28,1.1918058,3.2188754,-0.0
7,31,10,2,7.2884790897369385,0.7288479089736939,0,1,0,1.6094377,0.52,1.6094377,3.2188754,-0.0
7,32,14,2,10.312443494796753,0.7365307807922363,0,1,0,1.739015,0.48857144,1.5003028,3.2188754,-0.0
7,33,20,2,14.007512092590332,0.7003756046295166,0,1,0,2.5619965,0.24000001,1.2638588,3.2188754,-0.0
7,34,47,1,35.59461998939514,0.7572110815251127,1,0,0,2.3738277,0.2646808,1.2418532,3.2188754,-0.0
7,35,18,2,13.910245895385742,0.7726994620429145,0,1,0,1.8338146,0.46666664,1.295503,3.2188754,-0.0
7,36,16,2,11.804512023925781,0.73752461373806,0,1,0,2.074799,0.39,1.445408,3.2188754,-0.0
7,37,25,1,19.688750743865967,0.7874678611755371,1,0,0,1.4740667,0.5648,1.4666935,3.2188754,-0.0
7,38,12,2,9.220012426376343,0.7682492534319559,0,1,0,1.8226137,0.44666663,1.4655576,3.2188754,-0.0
7,39,12,2,8.96085786819458,0.7464871605237325,0,1,0,2.059056,0.39999998,1.4430621,3.2188754,-0.0
7,40,12,2,8.340155601501465,0.6947652101516724,0,1,0,1.8495055,0.45666668,1.4204552,3.2188754,-0.0
7,41,10,2,7.596607685089111,0.7595593452453613,0,1,0,1.6262321,0.516,1.5933515,3.2188754,-0.0
7,42,10,2,7.353400230407715,0.7349738121032715,0,1,0,2.001084,0.40399998,1.4977418,3.2188754,-0.0
7,43,25,1,20.08775043487549,0.8033897876739502,1,0,0,2.0059032,0.42079997,1.3460453,3.2188754,-0.0
7,44,16,2,12.012535810470581,0.7506176233291626,0,1,0,2.7670784,0.18,1.0630755,3.2188754,-0.0
7,45,51,1,41.68741703033447,0.8172255964840159,1,0,0,2.1681116,0.35607842,1.2931523,3.2188754,-0.0
7,46,28,2,23.82959747314453,0.8508945788655963,0,1,0,2.0852082,0.37142855,1.4011396,3.2188754,-0.0
7,47,10,2,8.197394132614136,0.8195255517959594,0,1,0,1.6929023,0.5,1.5313975,3.2188754,-0.0
7,48,33,1,26.858470678329468,0.8137065425063624,1,0,0,1.7870042,0.47757578,1.4700359,3.2188754,-0.0
7,49,18,2,13.959323167800903,0.7754616075091891,0,1,0,2.1717672,0.36222222,1.3832457,3.2188754,-0.0
7,50,10,2,7.763885259628296,0.7763885259628296,0,1,0,1.6596543,0.508,1.5620878,3.2188754,-0.0
7,51,10,2,7.714894533157349,0.7714894533157348,0,1,0,1.6094377,0.52,1.6094377,3.2188754,-0.0
7,52,29,1,23.23829436302185,0.8011816534502753,1,0,0,2.4144156,0.28965515,1.2192363,3.2188754,-0.0
7,53,14,2,11.194804191589355,0.7995565789086478,0,1,0,2.4332423,0.28857142,1.2253958,3.2188754,0.16794415
7,54,41,1,32.27846002578735,0.7872006602403594,1,0,0,2.7287917,0.19707316,1.0451705,3.2188754,-0.0
7,55,50,2,40.52036929130554,0.8102093029022217,0,1,0,2.575399,0.23679999,1.2318356,3.2188754,-0.0
7,56,22,2,17.874103784561157,0.8122757131403143,0,1,0,1.7592216,0.48363638,1.4825801,3.2188754,-0.0
7,57,12,2,9.560955047607422,0.7966628472010294,0,1,0,1.8707429,0.44666663,1.4087385,3.2188754,-0.0
7,58,27,1,20.88804054260254,0.7735864674603498,1,0,0,2.1874409,0.34814814,1.2967716,3.2188754,-0.0
7,59,16,2,12.403460264205933,0.775153860449791,0,1,0,2.0731962,0.3925,1.4195027,3.2188754,-0.0
7,60,32,2,24.35160231590271,0.7609219029545784,0,1,0,2.7372084,0.18875,1.0743767,3.2188754,-0.0
7,61,34,2,27.32396674156189,0.8034755412270042,0,1,0,2.4246964,0.28352943,1.308674,3.2188754,-0.0
7,62,18,2,14.565980672836304,0.8089635372161865,0,1,0,2.2229154,0.34888887,1.3424847,3.2188754,-0.0
7,63,10,2,8.189793825149536,0.8187267780303955,0,1,0,1.6430266,0.51199996,1.5769223,3.2188754,-0.0
7,64,38,2,33.48542022705078,0.8810892230586002,0,1,0,1.7351066,0.48842108,1.5364001,3.2188754,-0.0
7,65,20,2,16.453812837600708,0.8225894689559936,0,1,0,2.0678115,0.402,1.3401085,3.2188754,-0.0
7,66,18,2,15.209745407104492,0.8448164463043213,0,1,0,1.8426484,0.46222222,1.4386706,3.2188754,-0.0
7,67,43,1,36.863765478134155,0.8571202422297278,1,0,0,1.788265,0.46976742,1.4423953,3.2188754,-0.0
7,68,21,1,14.805207014083862,0.7048889909471784,1,0,0,3.1553624,0.06285714,0.2840389,3.2188754,1.8851018
7,69,39,1,31.090106964111328,0.7970373630523682,1,0,0,2.054188,0.38564104,1.3777728,3.2188754,-0.0
7,70,14,2,10.99847936630249,0.7855342967169625,0,1,0,1.6214339,0.51714283,1.597982,3.2188754,-0.0
7,71,12,2,9.526399850845337,0.7936575611432394,0,1,0,1.6374284,0.5133333,1.5824375,3.2188754,-0.0
7,72,10,2,7.818320989608765,0.7816715717315674,0,1,0,1.6428598,0.51199996,1.5788481,3.2188754,-0.0
7,73,10,2,7.749799489974976,0.7749799489974976,0,1,0,1.6094377,0.52,1.6094377,3.2188754,-0.0
7,74,16,2,12.937492847442627,0.8085307627916336,0,1,0,1.6917496,0.5,1.5434535,3.2188754,-0.0
7,75,24,2,16.99659824371338,0.708062986532847,0,1,0,2.9037235,0.145,0.71076334,3.2188754,0.98110217
7,76,21,1,16.98881244659424,0.808816739491054,1,0,0,1.8152955,0.472381,1.4217446,3.2188754,-0.0
7,77,12,2,9.23323917388916,0.7693106532096863,0,1,0,1.9952368,0.42,1.4255303,3.2188754,-0.0
7,78,19,1,14.590941190719604,0.7677318924351743,1,0,0,2.3546693,0.31368423,1.0967785,3.2188754,-0.0
7,79,47,1,35.5550582408905,0.7562957418725845,1,0,0,2.305755,0.3208511,1.3029507,3.2188754,-0.0
7,80,12,2,9.46584439277649,0.7888203660647074,0,1,0,2.1877642,0.35,1.4604064,3.2188754,-0.0
7,81,17,1,13.741462230682373,0.80829137914321,1,0,0,2.3786488,0.29647058,1.3190179,3.2188754,-0.0
7,82,27,1,20.55896306037903,0.7612930138905843,1,0,0,2.4314744,0.28296295,1.2718672,3.2188754,-0.0
7,83,35,1,22.520142793655396,0.6432313305991036,1,0,0,2.7116795,0.19542857,1.0641155,3.2188754,-0.0
7,84,10,2,7.54559326171875,0.754408597946167,0,1,0,1.9313252,0.42399997,1.5769205,3.2188754,-0.0
7,85,31,1,21.92105460166931,0.707049754358107,1,0,0,2.9274328,0.13677418,0.7905881,3.2188754,-0.0
7,86,12,2,8.611820697784424,0.7176077365875244,0,1,0,1.8322729,0.45999995,1.5553848,3.2188754,-0.0
7,87,46,2,27.25333595275879,0.5923849862554799,0,1,0,2.1047149,0.38608697,1.3377168,3.2188754,-0.0
7,88,32,2,25.244402408599854,0.7888089492917061,0,1,0,2.260338,0.33375,1.355663,3.2188754,-0.0
7,89,27,1,17.770833492279053,0.658066537645128,1,0,0,2.697841,0.19999999,1.0914767,3.2188754,-0.0
7,90,18,2,10.821974515914917,0.6010858482784696,0,1,0,1.738118,0.4888889,1.4969299,3.2188754,-0.0
7,91,17,1,9.26001262664795,0.5445022723254036,1,0,0,1.9323301,0.43529412,1.4243368,3.2188754,-0.0
7,92,16,2,12.525094509124756,0.7825306206941605,0,1,0,2.135148,0.38,1.2801713,3.2188754,-0.0
7,93,10,2,7.933466672897339,0.7931900024414062,0,1,0,1.6428598,0.51199996,1.5788481,3.2188754,-0.0
7,94,23,1,16.70364999771118,0.7261132572008215,1,0,0,2.329737,0.30434784,1.2625259,3.2188754,-0.0
7,95,12,2,7.8766045570373535,0.6563837130864462,0,1,0,1.9610877,0.42,1.4934971,3.2188754,-0.0
7,96,22,2,17.911132097244263,0.8140241449529474,0,1,0,1.7878493,0.47636363,1.4668244,3.2188754,-0.0
7,97,15,1,10.227356910705566,0.681723435719808,1,0,0,2.6565177,0.20533332,1.0232515,3.2188754,-0.0
7,98,17,1,9.999534368515015,0.5879407069262337,1,0,0,2.2216654,0.3529412,1.2865447,3.2188754,-0.0
7,99,10,2,5.614105224609375,0.5612097263336182,0,1,0,1.6094377,0.52,1.6094377,3.2188754,-0.0
8,0,30,2,23.94545269012451,0.7979470014572143,0,1,0,2.7127774,0.18533333,1.0711863,3.2188754,-0.0
8,1,13,1,9.447345972061157,0.7264281603006216,1,0,0,2.9841886,0.11076923,0.8129797,3.2188754,0.16794415
8,2,64,2,49.44400930404663,0.7724349349737167,0,1,0,3.1708708,0.06,0.1916433,3.2188754,2.0261202
8,3,45,1,36.88147258758545,0.8194607681698269,1,0,0,2.7877917,0.17066665,0.9872927,3.2188754,-0.0
8,4,39,1,30.032415628433228,0.7699679472507575,1,0,0,3.0633812,0.0851282,0.5247409,3.2188754,0.82228994
8,5,29,1,22.551225900650024,0.7775074531292093,1,0,0,3.1099505,0.07724137,0.4359635,3.2188754,0.98110217
8,6,41,1,33.532729387283325,0.817785925981475,1,0,0,2.902495,0.13658537,0.8457891,3.2188754,-0.0
8,7,47,1,37.165040731430054,0.7906171768269641,1,0,0,3.0809598,0.07914893,0.5260011,3.2188754,0.66147697
8,8,33,1,23.247049570083618,0.7042430819887103,1,0,0,2.9989686,0.10303031,0.62337077,3.2188754,-0.0
8,9,21,1,14.748291015625,0.7021318049657912,1,0,0,3.1139305,0.07809524,0.41015208,3.2188754,1.2922907
8,10,12,2,8.254042625427246,0.6877535581588745,0,1,0,2.9646313,0.11666667,0.84323287,3.2188754,0.16794415
8,11,30,2,21.696907997131348,0.723163096110026,0,1,0,3.117177,0.07066666,0.5476589,3.2188754,0.16794415
8,12,29,1,20.455000638961792,0.7052179533859779,1,0,0,3.1728826,0.05655172,0.24336782,3.2188754,1.8851018
8,13,49,1,36.29792308807373,0.7406601857165901,1,0,0,2.9159517,0.12326532,0.61817455,3.2188754,0.82228994
8,14,20,2,13.927652835845947,0.6962769031524658,0,1,0,2.9965968,0.12799999,0.40449873,3.2188754,1.8851018
8,15,27,1,19.164716482162476,0.7096710205078125,1,0,0,2.9344656,0.12296297,0.7805224,3.2188754,0.3342211
8,16,37,1,25.815176725387573,0.6976250764485952,1,0,0,3.1453583,0.06270269,0.44110006,3.2188754,0.4987584
8,17,21,1,15.01255178451538,0.7147628239222935,1,0,0,3.124493,0.07238095,0.40986255,3.2188754,1.2922907
8,18,20,2,14.272005081176758,0.7135748505592346,0,1,0,3.0597374,0.089999996,0.66404295,3.2188754,0.16794415
8,19,20,2,14.473278999328613,0.7235852122306824,0,1,0,3.0338235,0.102,0.55567706,3.2188754,1.2922907
8,20,45,1,35.07467484474182,0.7792400466071234,1,0,0,3.0150757,0.104888886,0.56383747,3.2188754,0.98110217
8,21,42,2,32.8406195640564,0.7818670954023089,0,1,0,3.1619182,0.057142854,0.2182376,3.2188754,2.0369434
8,22,18,2,14.189764738082886,0.7881514496273465,0,1,0,3.128607,0.07111111,0.3721859,3.2188754,1.5940454
8,23,49,1,39.52393364906311,0.8064288071223668,1,0,0,3.026294,0.09306122,0.5640773,3.2188754,0.9640681
8,24,33,1,25.258349895477295,0.7652091474244089,1,0,0,3.1124778,0.07515152,0.48151103,3.2188754,0.4987584
8,25,49,1,38.43146777153015,0.7841272256812271,1,0,0,3.0659158,0.08734694,0.489286,3.2188754,1.0143967
8,26,25,1,19.81070876121521,0.7922027683258057,1,0,0,3.1200242,0.0768,0.3478241,3.2188754,1.5940454
8,27,43,1,37.20709586143494,0.8651944925618726,1,0,0,2.5066144,0.23999996,0.9744715,3.2188754,0.16794415
8,28,17,1,12.927842855453491,0.760282881119672,1,0,0,3.0295298,0.09647059,0.75738245,3.2188754,-0.0
8,29,37,1,28.574191093444824,0.7722012352299046,1,0,0,2.932241,0.12432432,0.8278752,3.2188754,-0.0
8,30,41,1,34.62188744544983,0.8443486574219494,1,0,0,2.623834,0.22536585,1.0353118,3.2188754,-0.0
8,31,28,2,22.05851936340332,0.7875458938734872,0,1,0,3.1608453,0.06,0.30153087,3.2188754,1.5940454
8,32,21,1,15.170717239379883,0.7223666508992513,1,0,0,3.0655956,0.08571429,0.685488,3.2188754,-0.0
8,33,49,1,36.934942960739136,0.7537293774741036,1,0,0,3.0938773,0.08408164,0.50432247,3.2188754,-0.0
8,34,47,1,36.275962114334106,0.7716197663165153,1,0,0,2.8036766,0.16,1.0065973,3.2188754,-0.0
8,35,28,2,20.872985363006592,0.7453184127807617,0,1,0,3.097472,0.08142857,0.4381815,3.2188754,1.4444189
8,36,48,2,36.24028730392456,0.7548243949810663,0,1,0,2.8622196,0.15499999,0.9377675,3.2188754,-0.0
8,37,37,1,27.704354524612427,0.7486167211790342,1,0,0,3.1145198,0.07459459,0.4868453,3.2188754,0.3342211
8,38,27,1,19.67709970474243,0.7287251772703948,1,0,0,3.112036,0.072592594,0.54477435,3.2188754,0.3342211
8,39,47,1,37.71474575996399,0.802268053622956,1,0,0,2.3073452,0.29021278,1.2375059,3.2188754,-0.0
8,40,51,1,40.31394815444946,0.7902998737260407,1,0,0,2.6150336,0.22196078,1.1039492,3.2188754,-0.0
8,41,21,1,15.184545993804932,0.7229771159944081,1,0,0,3.047844,0.10285715,0.4276618,3.2188754,1.7410034
8,42,17,1,12.134064197540283,0.7136494552387911,1,0,0,3.0295298,0.09647059,0.75738245,3.2188754,-0.0
8,43,13,1,10.353517293930054,0.7962638414823092,1,0,0,2.3043208,0.3261538,1.2866982,3.2188754,-0.0
8,44,45,1,36.11470627784729,0.8024020618862576,1,0,0,3.0905695,0.07911111,0.4600875,3.2188754,0.69234693
8,45,58,2,48.144200563430786,0.8298827656384172,0,1,0,2.6734507,0.19793102,1.1042724,3.2188754,-0.0
8,46,24,2,19.16058087348938,0.798198918501536,0,1,0,3.091753,0.07833333,0.60965633,3.2188754,0.16794415
8,47,36,2,30.08185315132141,0.8354872465133667,0,1,0,2.754979,0.17777777,0.98676234,3.2188754,-0.0
8,48,23,1,17.936973094940186,0.7797332742939824,1,0,0,3.0625367,0.09043478,0.6270319,3.2188754,0.16794415
8,49,35,1,29.126744985580444,0.8320600305284772,1,0,0,2.7502575,0.19085714,0.8743276,3.2188754,0.4987584
8,50,13,1,9.98407244682312,0.7679617771735558,1,0,0,3.0968404,0.08923077,0.29055455,3.2188754,2.2978415
8,51,33,1,28.446988821029663,0.8619661186680649,1,0,0,2.6769779,0.20606062,0.995891,3.2188754,-0.0
8,52,30,2,25.188297510147095,0.8394419431686402,0,1,0,2.6144714,0.21466666,1.1710699,3.2188754,-0.0
8,53,21,1,16.309139728546143,0.7764508837745303,1,0,0,3.1271334,0.07047619,0.41028327,3.2188754,1.2922907
8,54,13,1,9.994147300720215,0.7683093364422138,1,0,0,3.009636,0.104615375,0.7248279,3.2188754,0.4987584
8,55,43,1,35.16532802581787,0.8176630763120429,1,0,0,2.9868526,0.1088372,0.6726001,3.2188754,-0.0
8,56,38,2,32.2222466468811,0.8478168311871981,0,1,0,2.7617207,0.1694737,1.0107651,3.2188754,-0.0
8,57,42,2,33.033957958221436,0.7864250796181815,0,1,0,3.1937547,0.049523808,0.16085166,3.2188754,2.1638014
8,58,47,1,42.12026500701904,0.8959995990103864,1,0,0,2.4665263,0.2706383,1.1497277,3.2188754,-0.0
8,59,27,1,22.516409873962402,0.8338108504260028,1,0,0,2.9331915,0.12888889,0.8323391,3.2188754,-0.0
8,60,40,2,32.900036334991455,0.8223981022834778,0,1,0,2.8248672,0.16,0.787891,3.2188754,0.75929505
8,61,21,1,16.655922412872314,0.792986620040167,1,0,0,3.1485007,0.064761914,0.31472594,3.2188754,1.7410034
8,62,27,1,20.356040239334106,0.7538530031840006,1,0,0,3.0382397,0.10222221,0.51250607,3.2188754,1.4444189
8,63,33,1,26.293752431869507,0.7966711304404519,1,0,0,3.1213338,0.06909091,0.5517791,3.2188754,-0.0
8,64,46,2,34.799535512924194,0.7563524764517079,0,1,0,3.2090116,0.045217384,0.050328493,3.2188754,2.8969882
8,65,21,1,15.487680435180664,0.7374113627842495,1,0,0,3.0740178,0.08761905,0.57990116,3.2188754,0.4987584
8,66,28,2,20.78159213066101,0.7421259709766933,0,1,0,3.1500683,0.06285714,0.35752958,3.2188754,1.2922907
8,67,22,2,15.566327333450317,0.7073484225706621,0,1,0,3.1450195,0.06545455,0.33845028,3.2188754,1.5940454
8,68,19,1,13.817447900772095,0.7271779587394313,1,0,0,2.6696103,0.22315788,0.8296427,3.2188754,0.82228994
8,69,44,2,34.29383873939514,0.7792778990485452,0,1,0,2.9748597,0.11545453,0.7353406,3.2188754,-0.0
8,70,27,1,19.45958662033081,0.7206361823611789,1,0,0,3.174699,0.056296296,0.2252549,3.2188754,2.0261202
8,71,24,2,16.8587007522583,0.70219353834788,0,1,0,3.0939846,0.08166666,0.54302263,3.2188754,0.4987584
8,72,34,2,25.879659175872803,0.7610221399980432,0,1,0,3.0582619,0.082352936,0.6406379,3.2188754,-0.0
8,73,47,1,36.03195095062256,0.7664876592920181,1,0,0,2.7300668,0.15574467,0.9312435,3.2188754,0.5510799
8,74,36,2,24.784355878829956,0.6883645587497287,0,1,0,2.6817992,0.19333333,1.1293267,3.2188754,-0.0
8,75,22,2,13.487464666366577,0.6128320802341808,0,1,0,3.0701144,0.08727273,0.6349848,3.2188754,0.16794415
8,76,31,1,25.1697199344635,0.8118451641451928,1,0,0,3.0355206,0.09548386,0.61374885,3.2188754,-0.0
8,77,31,1,25.499756813049316,0.8224369172127016,1,0,0,3.0344813,0.100645155,0.60487765,3.2188754,0.6614769
8,78,18,2,13.605005264282227,0.7557780345280966,0,1,0,3.0677578,0.086666666,0.6230739,3.2188754,0.4987584
8,79,35,1,26.150797843933105,0.7469571454184396,1,0,0,2.5292416,0.25142854,1.2492808,3.2188754,-0.0
8,80,43,1,35.11949801445007,0.8166740772336029,1,0,0,3.0234709,0.09395349,0.5565086,3.2188754,1.1331923
8,81,37,1,30.303355932235718,0.8189163981257258,1,0,0,2.6887267,0.19675675,1.0319258,3.2188754,-0.0
8,82,20,2,14.241541862487793,0.7119496464729309,0,1,0,3.0394082,0.1,0.57105684,3.2188754,0.82228994
8,83,27,1,16.679591417312622,0.6176330071908457,1,0,0,3.164139,0.059259254,0.27909994,3.2188754,1.7410034
8,84,26,2,21.102684020996094,0.8115495443344116,0,1,0,3.0950723,0.07692308,0.6190145,3.2188754,-0.0
8,85,25,1,20.207110166549683,0.8081400680541992,1,0,0,3.0563514,0.0944,0.5435179,3.2188754,1.1378081
8,86,46,2,32.823140144348145,0.7134417865587317,0,1,0,3.2099814,0.045217384,0.037882764,3.2188754,2.997069
8,87,36,2,19.31925082206726,0.5364345974392362,0,1,0,3.069926,0.08888889,0.5818877,3.2188754,-0.0
8,88,31,1,25.581994771957397,0.8249829738370834,1,0,0,3.1654663,0.060645156,0.24057303,3.2188754,1.8851018
8,89,22,2,16.296277284622192,0.7406940135088834,0,1,0,3.1516993,0.06363637,0.30783913,3.2188754,1.7410034
8,90,32,2,22.337698221206665,0.697990320622921,0,1,0,3.1489449,0.062499996,0.38935605,3.2188754,0.98110217
8,91,37,1,18.84780526161194,0.5092617756611592,1,0,0,3.1247537,0.07027027,0.40053177,3.2188754,0.98110217
8,92,43,1,33.33549499511719,0.7751150242117948,1,0,0,3.0693781,0.08465116,0.54726833,3.2188754,0.6904565
8,93,34,2,20.495299339294434,0.6026906897039974,0,1,0,3.129142,0.067058824,0.5154784,3.2188754,0.16794415
8,94,30,2,13.16417646408081,0.43862979412078856,0,1,0,3.117177,0.07066666,0.5476589,3.2188754,0.16794415
8,95,59,1,24.88113784790039,0.42157593824095646,1,0,0,2.6841176,0.1938983,0.98687494,3.2188754,-0.0
8,96,40,2,26.056270122528076,0.6512921929359436,0,1,0,2.9810417,0.111,0.6787235,3.2188754,0.16794415
8,97,25,1,14.88121485710144,0.5952093124389648,1,0,0,3.153882,0.0624,0.31840035,3.2188754,1.5940454
8,98,15,1,7.188507556915283,0.47913066546122235,1,0,0,3.0375345,0.096,0.6785164,3.2188754,0.4987584
8,99,24,2,10.200353860855103,0.42487989862759906,0,1,0,3.0124595,0.105,0.6849978,3.2188754,0.66147697
9,0,33,1,23.72293472290039,0.7187548622940526,1,0,0,3.160494,0.059393942,0.33025482,3.2188754,1.2922907
9,1,18,2,12.19995903968811,0.6775519185596042,0,1,0,3.040049,0.093333334,0.7373202,3.2188754,-0.0
9,2,41,1,30.761051654815674,0.7502201301295582,1,0,0,3.1525314,0.060487807,0.4195983,3.2188754,0.4987584
9,3,32,2,24.8689124584198,0.7770406156778336,0,1,0,3.1287298,0.067499995,0.5019086,3.2188754,0.3342211
9,4,23,1,16.311058044433594,0.7088703798211139,1,0,0,3.0789242,0.081739135,0.6564289,3.2188754,-0.0
9,5,50,2,37.85576677322388,0.7570345544815064,0,1,0,2.8903642,0.14000002,0.94670653,3.2188754,-0.0
9,6,56,2,42.86435556411743,0.7653272577694484,0,1,0,3.13871,0.066428564,0.39345056,3.2188754,0.3342211
9,7,52,2,42.008140325546265,0.807718996818249,0,1,0,2.774787,0.17,1.0555712,3.2188754,-0.0
9,8,17,1,12.227701663970947,0.7190991569967831,1,0,0,3.0964599,0.08,0.48966292,3.2188754,1.1378081
9,9,27,1,20.01810884475708,0.741145098650897,1,0,0,3.164139,0.059259254,0.27909994,3.2188754,1.7410034
9,10,29,1,21.57771134376526,0.7439725974510456,1,0,0,3.1306887,0.0675862,0.46663725,3.2188754,0.66147697
9,11,42,2,33.062798738479614,0.7870773587908063,0,1,0,3.075923,0.086666666,0.5476647,3.2188754,0.3342211
9,12,31,1,21.693058013916016,0.6995398767532841,1,0,0,3.1415653,0.06451612,0.42343998,3.2188754,0.82228994
9,13,26,2,18.472490310668945,0.7102248943769015,0,1,0,3.1782954,0.055384617,0.20289883,3.2188754,2.1638014
9,14,60,2,46.480340003967285,0.7745664437611898,0,1,0,3.0117466,0.11000001,0.6588104,3.2188754,-0.0
9,15,21,1,16.05520725250244,0.7644092582520985,1,0,0,3.0655956,0.08571429,0.685488,3.2188754,-0.0
9,16,42,2,29.817323684692383,0.7098767076219831,0,1,0,3.1788683,0.05428571,0.24765207,3.2188754,1.5940454
9,17,31,1,22.8178288936615,0.7359939544431625,1,0,0,3.1258214,0.06838709,0.50967425,3.2188754,0.3342211
9,18,27,1,20.555012941360474,0.7612217797173394,1,0,0,3.1241565,0.069629624,0.48297125,3.2188754,0.66147697
9,19,26,2,20.291184186935425,0.7803110434458806,0,1,0,3.1107352,0.078461535,0.3751413,3.2188754,1.7410034
9,20,42,2,30.511019706726074,0.726196703456697,0,1,0,3.0049908,0.10190476,0.6829802,3.2188754,0.16794415
9,21,29,1,21.43494725227356,0.7390037980572931,1,0,0,3.1417103,0.064827584,0.40831664,3.2188754,0.98110217
9,22,38,2,29.51231098175049,0.7764797775368941,0,1,0,3.1228516,0.07052631,0.5179844,3.2188754,-0.0
9,23,20,2,15.476403713226318,0.7736194014549256,0,1,0,3.1148221,0.074,0.45355812,3.2188754,1.1378081
9,24,19,1,13.674386739730835,0.7195145832864862,1,0,0,3.0927393,0.08,0.53515005,3.2188754,0.82228994
9,25,25,1,17.430163383483887,0.6970620918273925,1,0,0,3.1100705,0.073599994,0.53303194,3.2188754,0.4987584
9,26,18,2,13.30474066734314,0.739068071047465,0,1,0,3.0857317,0.08222222,0.5489653,3.2188754,0.82228994
9,27,32,2,24.55397891998291,0.767217606306076,0,1,0,3.1338718,0.06625,0.47328034,3.2188754,0.4987584
9,28,32,2,23.853920221328735,0.7453084290027618,0,1,0,3.1634235,0.05875,0.30874237,3.2188754,1.4444189
9,29,33,1,24.1995210647583,0.7331362854350697,1,0,0,3.1413784,0.06424242,0.43838876,3.2188754,0.66147697
9,30,18,2,13.169344663619995,0.7314575513203939,0,1,0,3.046503,0.1,0.48815742,3.2188754,1.5940454
9,31,27,1,21.00868821144104,0.7780430758440936,1,0,0,3.0996573,0.075555556,0.60789293,3.2188754,-0.0
9,32,34,2,26.745430946350098,0.7865381100598503,0,1,0,3.1666853,0.057647057,0.29980814,3.2188754,1.4444189
9,33,44,2,35.110228300094604,0.797797213901173,0,1,0,3.215879,0.041818175,0.019647403,3.2188754,3.0870426
9,34,39,1,30.650641202926636,0.7857312483665271,1,0,0,3.1614962,0.058461532,0.35370666,3.2188754,0.98110217
9,35,27,1,21.36178469657898,0.7910095320807563,1,0,0,3.1241565,0.069629624,0.48297125,3.2188754,0.66147697
9,36,43,1,34.18071246147156,0.79478129675222,1,0,0,3.2008379,0.049302325,0.06998551,3.2188754,2.8969882
9,37,43,1,33.675164222717285,0.7830614932747775,1,0,0,3.1668344,0.05674418,0.33726576,3.2188754,0.98110217
9,38,31,1,23.689560890197754,0.764147566210839,1,0,0,3.0277197,0.10709676,0.5034601,3.2188754,1.4444189
9,39,22,2,17.397578716278076,0.7906563390385021,0,1,0,3.1171584,0.07272728,0.46612567,3.2188754,0.98110217
9,40,41,1,32.69068455696106,0.7972842949192699,1,0,0,3.2078094,0.04585366,0.05318405,3.2188754,2.8969882
9,41,46,2,35.287527084350586,0.767053484916687,0,1,0,3.1287553,0.07304347,0.33544236,3.2188754,1.5940454
9,42,18,2,14.656017303466797,0.814078688621521,0,1,0,3.1014426,0.08444444,0.335223,3.2188754,2.0261202
9,43,30,2,23.863999128341675,0.7953315575917562,0,1,0,3.1336281,0.066666655,0.45906708,3.2188754,0.66147697
9,44,44,2,34.54364991188049,0.7849878452040933,0,1,0,2.9477189,0.13,0.7226013,3.2188754,0.66147697
9,45,27,1,20.720120906829834,0.7673373310654251,1,0,0,3.1058776,0.074074075,0.57617617,3.2188754,0.16794415
9,46,28,2,21.96692132949829,0.7844068833759853,0,1,0,3.103915,0.07428571,0.5973488,3.2188754,-0.0
9,47,24,2,18.91465711593628,0.7879610856374105,0,1,0,3.0847557,0.080000006,0.643216,3.2188754,-0.0
9,48,36,2,28.7398202419281,0.7981996072663201,0,1,0,3.173741,0.055555552,0.26701733,3.2188754,1.5940454
9,49,10,2,7.682803630828857,0.7680802583694458,0,1,0,3.1267722,0.076,0.27631018,3.2188754,2.2978415
9,50,17,1,12.950734376907349,0.7616901818443748,1,0,0,3.0684402,0.08705883,0.60174084,3.2188754,0.66147697
9,51,47,1,37.661086559295654,0.8011467964091199,1,0,0,3.0290654,0.102127664,0.6330721,3.2188754,-0.0
9,52,18,2,14.110841989517212,0.783739447593689,0,1,0,3.0767977,0.08444444,0.58580136,3.2188754,0.66147697
9,53,21,1,15.887073278427124,0.7564534005664644,1,0,0,2.9362285,0.12571429,0.8715541,3.2188754,0.16794415
9,54,30,2,23.525145053863525,0.7840711037317912,0,1,0,3.1597261,0.059999995,0.3185247,3.2188754,1.4444189
9,55,33,1,26.334718704223633,0.7978762424353397,1,0,0,3.1413784,0.06424242,0.43838876,3.2188754,0.66147697
9,56,23,1,18.326192617416382,0.7967475082563318,1,0,0,3.100609,0.07652175,0.5547165,3.2188754,0.4987584
9,57,40,2,31.44081425666809,0.785936850309372,0,1,0,3.1855671,0.053999998,0.16741239,3.2188754,2.1638014
9,58,25,1,20.213980674743652,0.8083557224273682,1,0,0,3.017975,0.107200004,0.6119577,3.2188754,0.82228994
9,59,50,2,39.861546754837036,0.7970270776748657,0,1,0,3.132915,0.058399998,0.3387145,3.2188754,1.4853909
9,60,26,2,20.876070976257324,0.8027140910808856,0,1,0,3.1563818,0.06153846,0.3124673,3.2188754,1.5940454
9,61,24,2,18.666955947875977,0.7776633501052856,0,1,0,2.9980443,0.10833334,0.75060004,3.2188754,-0.0
9,62,33,1,26.23049759864807,0.7947569254672888,1,0,0,3.1558127,0.060606062,0.35673618,3.2188754,1.1378081
9,63,13,1,10.136583089828491,0.7795308186457708,1,0,0,3.0345228,0.09846154,0.6386166,3.2188754,0.82228994
9,64,17,1,13.428740978240967,0.7898302218493294,1,0,0,3.0684402,0.08705883,0.60174084,3.2188754,0.66147697
9,65,29,1,23.21061635017395,0.8001504437676792,1,0,0,3.1078792,0.07310344,0.58733404,3.2188754,-0.0
9,66,34,2,27.592976331710815,0.8114696180119234,0,1,0,3.1530585,0.061176468,0.37808907,3.2188754,0.98110217
9,67,39,1,31.378237009048462,0.8043892261309501,1,0,0,3.1491282,0.06153845,0.42994687,3.2188754,0.4987584
9,68,41,1,32.50880670547485,0.7928715159253377,1,0,0,3.1525314,0.060487807,0.4195983,3.2188754,0.4987584
9,69,20,2,15.569546461105347,0.7783246636390686,0,1,0,3.0746427,0.08400001,0.6286958,3.2188754,0.3342211
9,70,18,2,14.408061742782593,0.8002447684605917,0,1,0,3.0767977,0.08444444,0.58580136,3.2188754,0.66147697
9,71,18,2,14.40961217880249,0.8003947734832764,0,1,0,3.0857317,0.08222222,0.5489653,3.2188754,0.82228994
9,72,26,2,20.67247724533081,0.7950952786665696,0,1,0,3.1015317,0.07538462,0.58671755,3.2188754,0.16794415
9,73,23,1,18.3014919757843,0.7956018655196481,1,0,0,3.0789242,0.081739135,0.6564289,3.2188754,-0.0
9,74,34,2,27.460867166519165,0.807578402407029,0,1,0,3.1436577,0.06352941,0.4320922,3.2188754,0.66147697
9,75,30,2,23.731035947799683,0.7908331155776978,0,1,0,3.1104639,0.07733332,0.4074397,3.2188754,1.4444189
9,76,19,1,15.479828357696533,0.8145826615785298,1,0,0,3.133358,0.069473684,0.36281946,3.2188754,1.5940454
9,77,26,2,20.671432971954346,0.7949589949387771,0,1,0,3.0950723,0.07692308,0.6190145,3.2188754,-0.0
9,78,47,1,37.80904006958008,0.8043514819855385,1,0,0,3.2113507,0.044255313,0.03687736,3.2188754,2.997069
9,79,48,2,34.50082969665527,0.7185944120089213,0,1,0,2.8870687,0.1425,0.90390635,3.2188754,-0.0
9,80,42,2,33.5262496471405,0.7981239330200922,0,1,0,3.169326,0.056190472,0.31726983,3.2188754,1.1378081
9,81,48,2,38.458460330963135,0.8010708590348562,0,1,0,3.1983643,0.05083333,0.07489867,3.2188754,2.7888534
9,82,18,2,13.280731678009033,0.7376124991310967,0,1,0,3.040049,0.093333334,0.7373202,3.2188754,-0.0
9,83,30,2,19.80878257751465,0.6602591196695964,0,1,0,3.1495059,0.06266666,0.37356302,3.2188754,1.1378081
9,84,48,2,38.64910674095154,0.8050739864508311,0,1,0,3.099046,0.07916667,0.51979977,3.2188754,-0.0
9,85,32,2,25.880770921707153,0.8087422847747803,0,1,0,3.1586695,0.06,0.33521155,3.2188754,1.2922907
9,86,25,1,18.931480646133423,0.7570958137512207,1,0,0,3.1034892,0.0752,0.5652745,3.2188754,0.3342211
9,87,38,2,23.84018111228943,0.6272929216686048,0,1,0,3.1761162,0.05473684,0.26009092,3.2188754,1.5940454
9,88,44,2,35.344528675079346,0.8032162243669684,0,1,0,3.1667566,0.05727273,0.33341154,3.2188754,0.98110217
9,89,24,2,19.11677622795105,0.7964483698209127,0,1,0,3.1256344,0.07,0.447166,3.2188754,0.98110217
9,90,26,2,18.452112197875977,0.7096001368302566,0,1,0,3.1563818,0.06153846,0.3124673,3.2188754,1.5940454
9,91,46,2,25.022409915924072,0.5438441867413728,0,1,0,3.0715961,0.08869565,0.5956638,3.2188754,-0.0
9,92,28,2,22.533963441848755,0.8045699426106044,0,1,0,3.1275392,0.068571426,0.47459397,3.2188754,0.66147697
9,93,26,2,20.63201332092285,0.7933106330724863,0,1,0,3.0950723,0.07692308,0.6190145,3.2188754,-0.0
9,94,23,1,17.564485549926758,0.7635416777237601,1,0,0,3.0934556,0.078260876,0.5882708,3.2188754,0.3342211
9,95,42,2,26.660233736038208,0.634653335525876,0,1,0,2.9652193,0.119047605,0.7947874,3.2188754,-0.0
9,96,19,1,15.223240613937378,0.8011179472270765,1,0,0,3.1093457,0.075789474,0.46469584,3.2188754,1.1378081
9,97,45,1,28.373119354248047,0.6302884525722927,1,0,0,3.1620443,0.05777777,0.37697476,3.2188754,0.66147697
9,98,21,1,9.498542547225952,0.45226327578226727,1,0,0,3.089346,0.080000006,0.579273,3.2188754,0.4987584
9,99,41,1,17.753957748413086,0.432974611840597,1,0,0,3.2156599,0.041951217,0.020336198,3.2188754,3.0870426
10,0,9,1,7.585079669952393,0.8427866299947103,1,0,0,1.4306113,0.5733333,1.599472,3.2188754,-0.0
10,1,9,1,6.75361180305481,0.7503352165222168,1,0,0,1.4306113,0.5733333,1.599472,3.2188754,-0.0
10,2,9,1,6.6857686042785645,0.7427515718672011,1,0,0,1.4306113,0.5733333,1.599472,3.2188754,-0.0
10,3,9,1,6.806269645690918,0.7561380333370633,1,0,0,1.4306113,0.5733333,1.599472,3.2188754,-0.0
10,4,9,1,7.634369850158691,0.8481526904635959,1,0,0,1.4306113,0.5733333,1.599472,3.2188754,-0.0
10,5,9,1,7.095117807388306,0.7882345252566867,1,0,0,1.4306113,0.5733333,1.599472,3.2188754,-0.0
10,6,9,1,6.776899337768555,0.7528760433197021,1,0,0,1.4306113,0.5733333,1.599472,3.2188754,-0.0
10,7,9,1,6.940821170806885,0.7707806428273519,1,0,0,1.4306113,0.5733333,1.599472,3.2188754,-0.0
10,8,9,1,7.632568597793579,0.84806317753262,1,0,0,1.4306113,0.5733333,1.599472,3.2188754,-0.0
10,9,9,1,7.039999723434448,0.7819983164469401,1,0,0,1.4306113,0.5733333,1.599472,3.2188754,-0.0
10,10,9,1,6.621915578842163,0.7356451087527804,1,0,0,1.4306113,0.5733333,1.599472,3.2188754,-0.0
10,11,28,2,22.470818281173706,0.8023835250309536,0,1,0,1.5346788,0.5385714,1.5742356,3.2188754,-0.0
10,12,9,1,7.731189012527466,0.8587842782338461,1,0,0,1.4306113,0.5733333,1.599472,3.2188754,-0.0
10,13,46,2,37.31770420074463,0.8111330374427463,0,1,0,1.5993425,0.52000004,1.5748729,3.2188754,-0.0
10,14,9,1,6.86539101600647,0.7628212240007188,1,0,0,1.4306113,0.5733333,1.599472,3.2188754,-0.0
10,15,9,1,6.9758460521698,0.774925947189331,1,0,0,1.4306113,0.5733333,1.599472,3.2188754,-0.0
10,16,29,1,24.195528507232666,0.8342941958328773,1,0,0,1.5539398,0.5365517,1.6084805,3.2188754,-0.0
10,17,9,1,6.7913830280303955,0.754430373509725,1,0,0,1.4306113,0.5733333,1.599472,3.2188754,-0.0
10,18,9,1,6.996426820755005,0.7771582073635526,1,0,0,1.4306113,0.5733333,1.599472,3.2188754,-0.0
10,19,9,1,6.693128347396851,0.7435122595893012,1,0,0,1.4306113,0.5733333,1.599472,3.2188754,-0.0
10,20,9,1,7.543200731277466,0.8380766974555122,1,0,0,1.4306113,0.5733333,1.599472,3.2188754,-0.0
10,21,21,1,16.96959090232849,0.8079314572470528,1,0,0,1.5327978,0.5428571,1.6076119,3.2188754,-0.0
10,22,9,1,6.92664361000061,0.7694598038991293,1,0,0,1.4306113,0.5733333,1.599472,3.2188754,-0.0
10,23,9,1,6.937253713607788,0.7706345452202691,1,0,0,1.4306113,0.5733333,1.599472,3.2188754,-0.0
10,24,13,1,11.059801578521729,0.8507146835327148,1,0,0,1.4856349,0.55692303,1.604669,3.2188754,-0.0
10,25,9,1,6.920263290405273,0.7688594659169515,1,0,0,1.4306113,0.5733333,1.599472,3.2188754,-0.0
10,26,36,2,29.219943523406982,0.8115059667163425,0,1,0,1.5733858,0.52444446,1.5727199,3.2188754,-0.0
10,27,9,1,6.792416095733643,0.7546018759409586,1,0,0,1.4306113,0.5733333,1.599472,3.2188754,-0.0
10,28,56,2,45.058725357055664,0.8045189678668976,0,1,0,1.7027705,0.47857141,1.5391371,3.2188754,-0.0
10,29,44,2,35.3924605846405,0.8043049628084357,0,1,0,1.6289585,0.5127273,1.5872854,3.2188754,-0.0
10,30,9,1,6.980592250823975,0.7754331429799398,1,0,0,1.4306113,0.5733333,1.599472,3.2188754,-0.0
10,31,11,1,8.975631475448608,0.8158754868940874,1,0,0,1.4631252,0.56363636,1.6027733,3.2188754,-0.0
10,32,13,1,10.423597812652588,0.8016895881065955,1,0,0,1.4856349,0.55692303,1.604669,3.2188754,-0.0
10,33,9,1,6.905487775802612,0.7670541604359945,1,0,0,1.4306113,0.5733333,1.599472,3.2188754,-0.0
10,34,21,1,16.757545232772827,0.7977362814403716,1,0,0,1.5327978,0.5428571,1.6076119,3.2188754,-0.0
10,35,23,1,18.71049690246582,0.8133404980535093,1,0,0,1.5394622,0.54086953,1.6079158,3.2188754,-0.0
10,36,9,1,6.794774293899536,0.7543875641292996,1,0,0,1.4306113,0.5733333,1.599472,3.2188754,-0.0
10,37,17,1,13.714275360107422,0.8062099288491642,1,0,0,1.5147649,0.5482353,1.6066508,3.2188754,-0.0
10,38,9,1,6.7981626987457275,0.7552383210923936,1,0,0,1.4306113,0.5733333,1.599472,3.2188754,-0.0
10,39,15,1,12.081209897994995,0.8053473154703776,1,0,0,1.502142,0.552,1.6058571,3.2188754,-0.0
10,40,19,1,15.293102979660034,0.8047935084292763,1,0,0,1.5247304,0.5452631,1.6072071,3.2188754,-0.0
10,41,9,1,6.928878307342529,0.7695390913221571,1,0,0,1.4306113,0.5733333,1.599472,3.2188754,-0.0
10,42,9,1,6.926749229431152,0.7695273293389214,1,0,0,1.4306113,0.5733333,1.599472,3.2188754,-0.0
10,43,9,1,6.851147413253784,0.7611277368333604,1,0,0,1.4306113,0.5733333,1.599472,3.2188754,-0.0
10,44,9,1,6.779355049133301,0.7529231707255045,1,0,0,1.4306113,0.5733333,1.599472,3.2188754,-0.0
10,45,13,1,10.460066318511963,0.804543715256911,1,0,0,1.4856349,0.55692303,1.604669,3.2188754,-0.0
10,46,9,1,7.0833580493927,0.7870397832658556,1,0,0,1.4306113,0.5733333,1.599472,3.2188754,-0.0
10,47,9,1,6.995441913604736,0.7768097453647189,1,0,0,1.4306113,0.5733333,1.599472,3.2188754,-0.0
10,48,9,1,6.835813522338867,0.7594221962822808,1,0,0,1.4306113,0.5733333,1.599472,3.2188754,-0.0
10,49,9,1,6.811442136764526,0.7567650742001004,1,0,0,1.4306113,0.5733333,1.599472,3.2188754,-0.0
10,50,36,2,29.328314542770386,0.8144912256134881,0,1,0,1.547531,0.53999996,1.5866578,3.2188754,-0.0
10,51,28,2,23.306199550628662,0.8320949758802142,0,1,0,1.598111,0.5142857,1.5520093,3.2188754,-0.0
10,52,9,1,6.850229501724243,0.7611366113026937,1,0,0,1.4306113,0.5733333,1.599472,3.2188754,-0.0
10,53,9,1,7.032152891159058,0.7811262607574463,1,0,0,1.4306113,0.5733333,1.599472,3.2188754,-0.0
10,54,11,1,8.717211723327637,0.7922460382634943,1,0,0,1.4631252,0.56363636,1.6027733,3.2188754,-0.0
10,55,9,1,7.067671298980713,0.7850715319315592,1,0,0,1.4306113,0.5733333,1.599472,3.2188754,-0.0
10,56,9,1,7.130549192428589,0.7921156353420682,1,0,0,1.4306113,0.5733333,1.599472,3.2188754,-0.0
10,57,13,1,10.329861879348755,0.7945583967062143,1,0,0,1.4856349,0.55692303,1.604669,3.2188754,-0.0
10,58,18,2,14.750094890594482,0.8194497161441379,0,1,0,1.5191693,0.5511111,1.5614896,3.2188754,-0.0
10,59,9,1,7.0172295570373535,0.7794121636284722,1,0,0,1.4306113,0.5733333,1.599472,3.2188754,-0.0
10,60,26,2,21.3458890914917,0.8208881524892954,0,1,0,1.4984894,0.5538461,1.5940197,3.2188754,-0.0
10,61,50,2,40.486698150634766,0.8096232604980469,0,1,0,1.618462,0.5144,1.5945673,3.2188754,-0.0
10,62,51,1,27.09903573989868,0.5312143166859945,1,0,0,1.6579213,0.4854902,1.5531268,3.2188754,-0.0
10,63,9,1,4.080611228942871,0.45318860477871364,1,0,0,1.4306113,0.5733333,1.599472,3.2188754,-0.0
10,64,9,1,6.885304689407349,0.7648092375861274,1,0,0,1.4306113,0.5733333,1.599472,3.2188754,-0.0
10,65,15,1,11.974968910217285,0.7982295354207357,1,0,0,1.502142,0.552,1.6058571,3.2188754,-0.0
10,66,9,1,6.8986194133758545,0.7664561536577013,1,0,0,1.4306113,0.5733333,1.599472,3.2188754,-0.0
10,67,9,1,7.0201568603515625,0.7798497676849365,1,0,0,1.4306113,0.5733333,1.599472,3.2188754,-0.0
10,68,9,1,7.012528657913208,0.778889364666409,1,0,0,1.4306113,0.5733333,1.599472,3.2188754,-0.0
10,69,31,1,25.31888484954834,0.8166218111591954,1,0,0,1.5575204,0.53548384,1.6086003,3.2188754,-0.0
10,70,9,1,6.9105658531188965,0.7677286995781792,1,0,0,1.4306113,0.5733333,1.599472,3.2188754,-0.0
10,71,40,2,27.809749364852905,0.6951179027557373,0,1,0,1.5401337,0.541,1.5975565,3.2188754,-0.0
10,72,9,1,6.961915016174316,0.7734341356489394,1,0,0,1.4306113,0.5733333,1.599472,3.2188754,-0.0
10,73,15,1,12.006807327270508,0.8003535111745198,1,0,0,1.502142,0.552,1.6058571,3.2188754,-0.0
10,74,9,1,6.857626676559448,0.7616176340315077,1,0,0,1.4306113,0.5733333,1.599472,3.2188754,-0.0
10,75,17,1,13.65546989440918,0.80317424325382,1,0,0,1.5147649,0.5482353,1.6066508,3.2188754,-0.0
10,76,9,1,7.029432773590088,0.7809907065497504,1,0,0,1.4306113,0.5733333,1.599472,3.2188754,-0.0
10,77,9,1,6.866532564163208,0.762667735417684,1,0,0,1.4306113,0.5733333,1.599472,3.2188754,-0.0
10,78,9,1,6.761980056762695,0.7510387102762858,1,0,0,1.4306113,0.5733333,1.599472,3.2188754,-0.0
10,79,13,1,10.457205295562744,0.8044004073509803,1,0,0,1.4856349,0.55692303,1.604669,3.2188754,-0.0
10,80,9,1,6.942891836166382,0.7713213761647543,1,0,0,1.4306113,0.5733333,1.599472,3.2188754,-0.0
10,81,9,1,6.8468475341796875,0.7606281439463297,1,0,0,1.4306113,0.5733333,1.599472,3.2188754,-0.0
10,82,9,1,6.895521402359009,0.7661690447065566,1,0,0,1.4306113,0.5733333,1.599472,3.2188754,-0.0
10,83,9,1,6.709357023239136,0.7453166908688016,1,0,0,1.4306113,0.5733333,1.599472,3.2188754,-0.0
10,84,15,1,12.092990398406982,0.8061656475067138,1,0,0,1.502142,0.552,1.6058571,3.2188754,-0.0
10,85,9,1,7.011045455932617,0.7788932853274875,1,0,0,1.4306113,0.5733333,1.599472,3.2188754,-0.0
10,86,9,1,6.622860431671143,0.735759867562188,1,0,0,1.4306113,0.5733333,1.599472,3.2188754,-0.0
10,87,9,1,6.406306982040405,0.7116429275936551,1,0,0,1.4306113,0.5733333,1.599472,3.2188754,-0.0
10,88,16,2,13.321757555007935,0.8325412571430206,0,1,0,1.4985342,0.5575,1.5549272,3.2188754,-0.0
10,89,9,1,6.4946160316467285,0.721563286251492,1,0,0,1.4306113,0.5733333,1.599472,3.2188754,-0.0
10,90,9,1,5.9628825187683105,0.6622494061787924,1,0,0,1.4306113,0.5733333,1.599472,3.2188754,-0.0
10,91,9,1,5.687007665634155,0.6318326261308458,1,0,0,1.4306113,0.5733333,1.599472,3.2188754,-0.0
10,92,9,1,6.873735427856445,0.7636029720306396,1,0,0,1.4306113,0.5733333,1.599472,3.2188754,-0.0
10,93,9,1,6.4623024463653564,0.7179209921095107,1,0,0,1.4306113,0.5733333,1.599472,3.2188754,-0.0
10,94,22,2,14.597764253616333,0.6634659767150879,0,1,0,1.5227214,0.5345454,1.5618557,3.2188754,-0.0
10,95,22,2,11.280004978179932,0.5126280676234852,0,1,0,1.4631252,0.56363636,1.6027734,3.2188754,-0.0
10,96,9,1,6.755058288574219,0.7505620320638021,1,0,0,1.4306113,0.5733333,1.599472,3.2188754,-0.0
10,97,9,1,6.3245508670806885,0.7027278741200765,1,0,0,1.4306113,0.5733333,1.599472,3.2188754,-0.0
10,98,9,1,5.82963752746582,0.6475382116105821,1,0,0,1.4306113,0.5733333,1.599472,3.2188754,-0.0
10,99,9,1,5.552263259887695,0.6167499489254422,1,0,0,1.4306113,0.5733333,1.599472,3.2188754,-0.0
11,0,9,1,7.689692258834839,0.8542326026492648,1,0,0,1.4306113,0.5733333,1.599472,3.2188754,-0.0
11,1,9,1,6.720892429351807,0.7465985616048177,1,0,0,1.4306113,0.5733333,1.599472,3.2188754,-0.0
11,2,54,2,43.21445083618164,0.8002022151593808,0,1,0,1.6238567,0.5133334,1.5808764,3.2188754,-0.0
11,3,9,1,6.9783501625061035,0.7750938998328315,1,0,0,1.4306113,0.5733333,1.599472,3.2188754,-0.0
11,4,15,1,12.776134967803955,0.8516407330830892,1,0,0,1.502142,0.552,1.6058571,3.2188754,-0.0
11,5,9,1,6.914721250534058,0.7679666943020291,1,0,0,1.4306113,0.5733333,1.599472,3.2188754,-0.0
11,6,30,2,24.88616704940796,0.829419215520223,0,1,0,1.5132825,0.54933333,1.5965297,3.2188754,-0.0
11,7,9,1,7.016110181808472,0.7794560591379801,1,0,0,1.4306113,0.5733333,1.599472,3.2188754,-0.0
11,8,9,1,7.22906756401062,0.8030067284901937,1,0,0,1.4306113,0.5733333,1.599472,3.2188754,-0.0
11,9,9,1,6.231346845626831,0.6919714609781901,1,0,0,1.4306113,0.5733333,1.599472,3.2188754,-0.0
11,10,9,1,6.527478933334351,0.72527543703715,1,0,0,1.4306113,0.5733333,1.599472,3.2188754,-0.0
11,11,9,1,6.616553783416748,0.7351160579257541,1,0,0,1.4306113,0.5733333,1.599472,3.2188754,-0.0
11,12,9,1,7.275162696838379,0.8080701033274332,1,0,0,1.4306113,0.5733333,1.599472,3.2188754,-0.0
11,13,31,1,23.778575897216797,0.7670185719766924,1,0,0,1.5575204,0.53548384,1.6086003,3.2188754,-0.0
11,14,9,1,6.656623125076294,0.7395137945810953,1,0,0,1.4306113,0.5733333,1.599472,3.2188754,-0.0
11,15,25,1,19.36795926094055,0.7745931148529053,1,0,0,1.5450602,0.5392,1.6081495,3.2188754,-0.0
11,16,9,1,7.759629964828491,0.8620122803582085,1,0,0,1.4306113,0.5733333,1.599472,3.2188754,-0.0
11,17,9,1,6.859495639801025,0.7620506021711562,1,0,0,1.4306113,0.5733333,1.599472,3.2188754,-0.0
11,18,9,1,6.765435218811035,0.7514917055765787,1,0,0,1.4306113,0.5733333,1.599472,3.2188754,-0.0
11,19,17,1,13.898954629898071,0.8173757160411161,1,0,0,1.5147649,0.5482353,1.6066508,3.2188754,-0.0
11,20,9,1,7.161786079406738,0.7955825328826904,1,0,0,1.4306113,0.5733333,1.599472,3.2188754,-0.0
11,21,11,1,8.135196447372437,0.7393337813290682,1,0,0,1.4631252,0.56363636,1.6027733,3.2188754,-0.0
11,22,11,1,8.077503681182861,0.734226335178722,1,0,0,1.4631252,0.56363636,1.6027733,3.2188754,-0.0
11,23,15,1,11.521974325180054,0.7679633299509684,1,0,0,1.502142,0.552,1.6058571,3.2188754,-0.0
11,24,42,2,32.458043575286865,0.772593447140285,0,1,0,1.5673016,0.53047615,1.5820576,3.2188754,-0.0
11,25,9,1,6.5941290855407715,0.7324040465884738,1,0,0,1.4306113,0.5733333,1.599472,3.2188754,-0.0
11,26,9,1,6.517391920089722,0.7239324781629775,1,0,0,1.4306113,0.5733333,1.599472,3.2188754,-0.0
11,27,17,1,13.185563325881958,0.775472921483657,1,0,0,1.5147649,0.5482353,1.6066508,3.2188754,-0.0
11,28,9,1,7.179751873016357,0.7976390520731608,1,0,0,1.4306113,0.5733333,1.599472,3.2188754,-0.0
11,29,23,1,17.226566314697266,0.7488624531289806,1,0,0,1.5394622,0.54086953,1.6079158,3.2188754,-0.0
11,30,9,1,6.409703016281128,0.7120035489400228,1,0,0,1.4306113,0.5733333,1.599472,3.2188754,-0.0
11,31,9,1,6.619450092315674,0.7352161142561171,1,0,0,1.4306113,0.5733333,1.599472,3.2188754,-0.0
11,32,13,1,9.866213321685791,0.7589394862835224,1,0,0,1.4856349,0.55692303,1.604669,3.2188754,-0.0
11,33,9,1,6.7168169021606445,0.7460334565904405,1,0,0,1.4306113,0.5733333,1.599472,3.2188754,-0.0
11,34,9,1,6.509459733963013,0.7231615119510226,1,0,0,1.4306113,0.5733333,1.599472,3.2188754,-0.0
11,35,9,1,6.780828952789307,0.7530240217844645,1,0,0,1.4306113,0.5733333,1.599472,3.2188754,-0.0
11,36,9,1,6.640322208404541,0.7374822828504775,1,0,0,1.4306113,0.5733333,1.599472,3.2188754,-0.0
11,37,9,1,6.642813205718994,0.7380903561909994,1,0,0,1.4306113,0.5733333,1.599472,3.2188754,-0.0
11,38,15,1,11.691271543502808,0.7793458302815756,1,0,0,1.502142,0.552,1.6058571,3.2188754,-0.0
11,39,21,1,16.145867824554443,0.7685266222272601,1,0,0,1.5327978,0.5428571,1.6076119,3.2188754,-0.0
11,40,17,1,13.875729322433472,0.8160415957955753,1,0,0,1.5147649,0.5482353,1.6066508,3.2188754,-0.0
11,41,9,1,7.068962097167969,0.7853291299608018,1,0,0,1.4306113,0.5733333,1.599472,3.2188754,-0.0
11,42,13,1,10.481140375137329,0.8060061564812293,1,0,0,1.4856349,0.55692303,1.604669,3.2188754,-0.0
11,43,9,1,7.156286239624023,0.7947527037726508,1,0,0,1.4306113,0.5733333,1.599472,3.2188754,-0.0
11,44,9,1,6.623319625854492,0.7358662552303739,1,0,0,1.4306113,0.5733333,1.599472,3.2188754,-0.0
11,45,15,1,11.515758275985718,0.7675824801127116,1,0,0,1.502142,0.552,1.6058571,3.2188754,-0.0
11,46,9,1,6.724822044372559,0.7468565569983588,1,0,0,1.4306113,0.5733333,1.599472,3.2188754,-0.0
11,47,9,1,6.529235363006592,0.7253593603769938,1,0,0,1.4306113,0.5733333,1.599472,3.2188754,-0.0
11,48,28,2,23.312631845474243,0.8323570660182408,0,1,0,1.5221168,0.54571426,1.5825902,3.2188754,-0.0
11,49,9,1,7.288912296295166,0.8097663190629747,1,0,0,1.4306113,0.5733333,1.599472,3.2188754,-0.0
11,50,9,1,7.236090421676636,0.8038333257039388,1,0,0,1.4306113,0.5733333,1.599472,3.2188754,-0.0
11,51,9,1,7.085912227630615,0.7873235808478461,1,0,0,1.4306113,0.5733333,1.599472,3.2188754,-0.0
11,52,9,1,6.76576566696167,0.7516935666402181,1,0,0,1.4306113,0.5733333,1.599472,3.2188754,-0.0
11,53,9,1,6.5495007038116455,0.7277223004235162,1,0,0,1.4306113,0.5733333,1.599472,3.2188754,-0.0
11,54,42,2,32.79946184158325,0.780902311915443,0,1,0,1.5750015,0.5285714,1.5782441,3.2188754,-0.0
11,55,9,1,6.365533113479614,0.7071691619025336,1,0,0,1.4306113,0.5733333,1.599472,3.2188754,-0.0
11,56,9,1,6.815897464752197,0.757043096754286,1,0,0,1.4306113,0.5733333,1.599472,3.2188754,-0.0
11,57,19,1,14.573765516281128,0.7669068512163664,1,0,0,1.5247304,0.5452631,1.6072071,3.2188754,-0.0
11,58,17,1,12.998993635177612,0.7644944892210119,1,0,0,1.5147649,0.5482353,1.6066508,3.2188754,-0.0
11,59,9,1,6.7230064868927,0.7467775609758165,1,0,0,1.4306113,0.5733333,1.599472,3.2188754,-0.0
11,60,9,1,6.823824167251587,0.7581378353966607,1,0,0,1.4306113,0.5733333,1.599472,3.2188754,-0.0
11,61,9,1,6.632677316665649,0.736738125483195,1,0,0,1.4306113,0.5733333,1.599472,3.2188754,-0.0
11,62,9,1,6.821725606918335,0.757801373799642,1,0,0,1.4306113,0.5733333,1.599472,3.2188754,-0.0
11,63,17,1,13.013139009475708,0.7653605236726648,1,0,0,1.5147649,0.5482353,1.6066508,3.2188754,-0.0
11,64,15,1,12.097201347351074,0.8064800898234049,1,0,0,1.502142,0.552,1.6058571,3.2188754,-0.0
11,65,13,1,10.711046934127808,0.8236445830418513,1,0,0,1.4856349,0.55692303,1.604669,3.2188754,-0.0
11,66,9,1,7.095026969909668,0.7881689071655273,1,0,0,1.4306113,0.5733333,1.599472,3.2188754,-0.0
11,67,9,1,7.057516813278198,0.7838908831278483,1,0,0,1.4306113,0.5733333,1.599472,3.2188754,-0.0
11,68,9,1,6.650871753692627,0.7388758924272325,1,0,0,1.4306113,0.5733333,1.599472,3.2188754,-0.0
11,69,9,1,6.66976261138916,0.7408660782708062,1,0,0,1.4306113,0.5733333,1.599472,3.2188754,-0.0
11,70,9,1,6.585500955581665,0.7317223283979628,1,0,0,1.4306113,0.5733333,1.599472,3.2188754,-0.0
11,71,9,1,6.748831033706665,0.7498701148562961,1,0,0,1.4306113,0.5733333,1.599472,3.2188754,-0.0
11,72,9,1,7.074526786804199,0.7855955759684244,1,0,0,1.4306113,0.5733333,1.599472,3.2188754,-0.0
11,73,9,1,7.206706523895264,0.8005200227101644,1,0,0,1.4306113,0.5733333,1.599472,3.2188754,-0.0
11,74,13,1,10.632526636123657,0.8178100402538593,1,0,0,1.4856349,0.55692303,1.604669,3.2188754,-0.0
11,75,9,1,7.060878753662109,0.7843685679965549,1,0,0,1.4306113,0.5733333,1.599472,3.2188754,-0.0
11,76,39,1,30.68095636367798,0.7866268769288675,1,0,0,1.5681701,0.53230774,1.6089088,3.2188754,-0.0
11,77,15,1,10.036507844924927,0.6688742319742839,1,0,0,1.502142,0.552,1.6058571,3.2188754,-0.0
11,78,17,1,10.713701963424683,0.6301526322084314,1,0,0,1.5147649,0.5482353,1.6066508,3.2188754,-0.0
11,79,17,1,8.198961973190308,0.4821557016933666,1,0,0,1.5147649,0.5482353,1.6066508,3.2188754,-0.0
11,80,17,1,13.543863296508789,0.7964890143450569,1,0,0,1.5147649,0.5482353,1.6066508,3.2188754,-0.0
11,81,9,1,5.9687652587890625,0.6630836592780219,1,0,0,1.4306113,0.5733333,1.599472,3.2188754,-0.0
11,82,9,1,5.820486545562744,0.6465018325381808,1,0,0,1.4306113,0.5733333,1.599472,3.2188754,-0.0
11,83,19,1,11.686195373535156,0.6149186586078844,1,0,0,1.5247304,0.5452631,1.6072071,3.2188754,-0.0
11,84,9,1,6.764066934585571,0.7515629927317301,1,0,0,1.4306113,0.5733333,1.599472,3.2188754,-0.0
11,85,13,1,9.276492834091187,0.7135763718531682,1,0,0,1.4856349,0.55692303,1.604669,3.2188754,-0.0
11,86,9,1,5.5992114543914795,0.6219135390387641,1,0,0,1.4306113,0.5733333,1.599472,3.2188754,-0.0
11,87,11,1,6.968735456466675,0.6332389224659313,1,0,0,1.4631252,0.56363636,1.6027733,3.2188754,-0.0
11,88,9,1,7.151024103164673,0.7943876849280463,1,0,0,1.4306113,0.5733333,1.599472,3.2188754,-0.0
11,89,9,1,6.8856446743011475,0.7647875679863824,1,0,0,1.4306113,0.5733333,1.599472,3.2188754,-0.0
11,90,15,1,10.831113338470459,0.7218730290730794,1,0,0,1.502142,0.552,1.6058571,3.2188754,-0.0
11,91,9,1,5.91746187210083,0.6573846869998508,1,0,0,1.4306113,0.5733333,1.599472,3.2188754,-0.0
11,92,9,1,6.818682670593262,0.7576314078436958,1,0,0,1.4306113,0.5733333,1.599472,3.2188754,-0.0
11,93,9,1,6.112607479095459,0.6787697209252251,1,0,0,1.4306113,0.5733333,1.599472,3.2188754,-0.0
11,94,9,1,5.521950006484985,0.6131569544474283,1,0,0,1.4306113,0.5733333,1.599472,3.2188754,-0.0
11,95,9,1,5.681172609329224,0.6312414010365804,1,0,0,1.4306113,0.5733333,1.599472,3.2188754,-0.0
11,96,9,1,6.89922308921814,0.7664128144582113,1,0,0,1.4306113,0.5733333,1.599472,3.2188754,-0.0
11,97,9,1,6.4881041049957275,0.7205071449279785,1,0,0,1.4306113,0.5733333,1.599472,3.2188754,-0.0
11,98,15,1,10.576171159744263,0.704836654663086,1,0,0,1.502142,0.552,1.6058571,3.2188754,-0.0
11,99,9,1,5.093613862991333,0.5658462577395968,1,0,0,1.4306113,0.5733333,1.599472,3.2188754,-0.0
12,0,37,1,35.06870412826538,0.9476473718076139,1,0,0,1.235095,0.5567568,1.2696385,2.5534546,-0.0
12,1,57,1,46.86804246902466,0.8221379372111538,1,0,0,1.2873844,0.5389474,1.2675242,2.664358,-0.0
12,2,21,1,17.2615327835083,0.8218081905728295,1,0,0,1.2292055,0.5580953,1.2639534,2.5534546,-0.0
12,3,58,2,47.453189849853516,0.8180156124049219,0,1,0,1.2426146,0.55448276,1.1757029,2.5534546,-0.0
12,4,39,1,36.708598613739014,0.9411672200912085,1,0,0,1.2760938,0.5364103,1.2547264,2.5534546,-0.0
12,5,10,2,7.803289890289307,0.7801783800125122,0,1,0,1.2767273,0.54,1.2767273,2.5534546,-0.0
12,6,57,1,47.48280906677246,0.8329522818849798,1,0,0,1.2686224,0.54385966,1.266931,2.5534546,-0.0
12,7,10,2,8.042701959609985,0.8040660142898559,0,1,0,1.2767273,0.54,1.2767273,2.5534546,-0.0
12,8,55,1,49.28842759132385,0.8959937529130415,1,0,0,1.2585825,0.5469091,1.2720748,2.5534546,-0.0
12,9,12,2,9.535912990570068,0.794659415880839,0,1,0,1.2767273,0.54,1.2767274,2.5534546,-0.0
12,10,41,1,34.849430084228516,0.849850933726241,1,0,0,1.2428826,0.55317074,1.2736876,2.5534546,-0.0
12,11,10,2,7.7847983837127686,0.7784798383712769,0,1,0,1.2767273,0.54,1.2767273,2.5534546,-0.0
12,12,10,2,9.628891229629517,0.9626766443252563,0,1,0,1.2767273,0.54,1.2767273,2.5534546,-0.0
12,13,16,2,14.806207418441772,0.9251987040042877,0,1,0,1.2767273,0.54,1.2767273,2.5534546,-0.0
12,14,49,1,40.76390099525452,0.8317520667095574,1,0,0,1.231218,0.55346936,1.2636579,2.5534546,-0.0
12,15,10,2,7.890424728393555,0.7889425039291382,0,1,0,1.2767273,0.54,1.2767273,2.5534546,-0.0
12,16,35,1,33.31054067611694,0.9515208380562918,1,0,0,1.2702773,0.54285717,1.2526498,2.5534546,-0.0
12,17,10,2,7.668919563293457,0.7665882349014282,0,1,0,1.2767273,0.54,1.2767273,2.5534546,-0.0
12,18,57,1,47.165841817855835,0.8273739396480092,1,0,0,1.27743,0.54105264,1.2654893,2.5534546,-0.0
12,19,12,2,9.675013303756714,0.8062003056208292,0,1,0,1.2767273,0.54,1.2767274,2.5534546,-0.0
12,20,18,2,17.583112716674805,0.9765230284796821,0,1,0,1.2767273,0.54,1.2767273,2.5534546,-0.0
12,21,29,1,26.01871371269226,0.8971062364249394,1,0,0,1.244039,0.5531035,1.2599906,2.5534546,-0.0
12,22,10,2,8.05142855644226,0.8049917459487915,0,1,0,1.2767273,0.54,1.2767273,2.5534546,-0.0
12,23,46,2,37.8966863155365,0.8237643863843835,0,1,0,1.2767273,0.54,1.2767276,2.5534546,-0.0
12,24,41,1,37.578606605529785,0.9163394206907691,1,0,0,1.2076304,0.56585366,1.253658,2.5534546,-0.0
12,25,10,2,7.805725574493408,0.7801180601119995,0,1,0,1.2767273,0.54,1.2767273,2.5534546,-0.0
12,26,51,1,42.78505349159241,0.8387937405530144,1,0,0,1.262489,0.54588234,1.2681513,2.5534546,-0.0
12,27,10,2,8.318253993988037,0.8314722299575805,0,1,0,1.2767273,0.54,1.2767273,2.5534546,-0.0
12,28,10,2,9.873415231704712,0.9872420787811279,0,1,0,1.2767273,0.54,1.2767273,2.5534546,-0.0
12,29,16,2,14.546965599060059,0.9091853499412537,0,1,0,1.2767273,0.54,1.2767273,2.5534546,-0.0
12,30,53,1,45.02829599380493,0.84946530719973,1,0,0,1.279039,0.53962266,1.2577451,2.5534546,-0.0
12,31,41,1,34.525402307510376,0.8419593892446379,1,0,0,1.2692733,0.53756094,1.2582064,2.5534546,-0.0
12,32,10,2,8.053520917892456,0.8052513122558593,0,1,0,1.2767273,0.54,1.2767273,2.5534546,-0.0
12,33,41,1,35.02605676651001,0.8541457943800019,1,0,0,1.2523869,0.5492683,1.2704228,2.5534546,-0.0
12,34,66,2,54.8376681804657,0.830659031867981,0,1,0,1.2835929,0.5375758,1.2475513,2.5534546,-0.0
12,35,12,2,9.766752004623413,0.8137272198994955,0,1,0,1.2767273,0.54,1.2767274,2.5534546,-0.0
12,36,13,1,10.584604501724243,0.8142003462864802,1,0,0,1.1999613,0.5692308,1.2551341,2.5534546,-0.0
12,37,10,2,8.338907718658447,0.8335587501525878,0,1,0,1.2767273,0.54,1.2767273,2.5534546,-0.0
12,38,27,1,23.02241086959839,0.8525147349746139,1,0,0,1.2294412,0.55703706,1.2758514,2.5534546,-0.0
12,39,12,2,9.76992917060852,0.8140722115834554,0,1,0,1.2767273,0.54,1.2767274,2.5534546,-0.0
12,40,29,1,24.182162284851074,0.8337809052960626,1,0,0,1.2613004,0.5475862,1.2529578,2.5534546,-0.0
12,41,10,2,8.085158109664917,0.8085158109664917,0,1,0,1.2767273,0.54,1.2767273,2.5534546,-0.0
12,42,41,1,34.89660692214966,0.8510800163920332,1,0,0,1.2654595,0.54536587,1.2630733,2.5534546,-0.0
12,43,39,1,32.96135759353638,0.8449126329177465,1,0,0,1.2826343,0.5333333,1.2492537,2.5534546,-0.0
12,44,35,1,29.679802179336548,0.8478320871080671,1,0,0,1.2559801,0.54857147,1.264158,2.5534546,-0.0
12,45,23,1,19.64253544807434,0.8537914649299954,1,0,0,1.2212175,0.56,1.27552,2.5534546,-0.0
12,46,15,1,12.605756998062134,0.8402824242909749,1,0,0,1.2334034,0.54933333,1.2440423,2.5534546,-0.0
12,47,21,1,18.191951274871826,0.8661633786701021,1,0,0,1.2421486,0.5542857,1.2555181,2.5534546,-0.0
12,48,10,2,7.631179571151733,0.7631179571151734,0,1,0,1.2767273,0.54,1.2767273,2.5534546,-0.0
12,49,10,2,8.162704467773438,0.8162102937698364,0,1,0,1.2767273,0.54,1.2767273,2.5534546,-0.0
12,50,23,1,19.507755517959595,0.8480540773142939,1,0,0,1.2333379,0.5565218,1.2651403,2.5534546,-0.0
12,51,10,2,7.930546283721924,0.7929545402526855,0,1,0,1.2767273,0.54,1.2767273,2.5534546,-0.0
12,52,10,2,7.542751789093018,0.7541749238967895,0,1,0,1.2767273,0.54,1.2767273,2.5534546,-0.0
12,53,35,1,28.956260204315186,0.8271431446075439,1,0,0,1.2846035,0.5394286,1.2591939,2.5534546,-0.0
12,54,45,1,37.42203974723816,0.8314438819885254,1,0,0,1.2565095,0.54755557,1.269565,2.5534546,-0.0
12,55,10,2,7.857784986495972,0.7856279134750366,0,1,0,1.2767273,0.54,1.2767273,2.5534546,-0.0
12,56,10,2,8.112557649612427,0.8111051797866822,0,1,0,1.2767273,0.54,1.2767273,2.5534546,-0.0
12,57,12,2,9.963967323303223,0.8300720055898031,0,1,0,1.2767273,0.54,1.2767274,2.5534546,-0.0
12,58,10,2,7.968355417251587,0.7968355417251587,0,1,0,1.2767273,0.54,1.2767273,2.5534546,-0.0
12,59,51,1,43.59705567359924,0.8547056516011556,1,0,0,1.2648897,0.5411765,1.2669165,2.5534546,-0.0
12,60,10,2,8.050028800964355,0.8049437761306762,0,1,0,1.2767273,0.54,1.2767273,2.5534546,-0.0
12,61,17,1,14.271383285522461,0.8394343712750603,1,0,0,1.2016257,0.56705886,1.2745166,2.5534546,-0.0
12,62,10,2,7.928279638290405,0.7926772117614747,0,1,0,1.2767273,0.54,1.2767273,2.5534546,-0.0
12,63,23,1,19.043717622756958,0.8278125161709993,1,0,0,1.2212175,0.56,1.27552,2.5534546,-0.0
12,64,10,2,7.5899505615234375,0.7589950561523438,0,1,0,1.2767273,0.54,1.2767273,2.5534546,-0.0
12,65,41,1,34.46984052658081,0.8404830490670553,1,0,0,1.2590163,0.5473171,1.2660265,2.5534546,-0.0
12,66,17,1,14.453614234924316,0.8500936311833999,1,0,0,1.2016257,0.56705886,1.2745166,2.5534546,-0.0
12,67,29,1,25.249824285507202,0.870527275677385,1,0,0,1.2668487,0.5448276,1.2489445,2.5534546,-0.0
12,68,53,1,44.24655508995056,0.834679792512138,1,0,0,1.299696,0.53886795,1.1588786,2.5534546,-0.0
12,69,11,1,8.996151447296143,0.8176492994481867,1,0,0,1.1860038,0.57454544,1.250662,2.5534546,-0.0
12,70,12,2,9.573097705841064,0.7976321776707967,0,1,0,1.2767273,0.54,1.2767274,2.5534546,-0.0
12,71,10,2,7.907254457473755,0.7904671907424927,0,1,0,1.2767273,0.54,1.2767273,2.5534546,-0.0
12,72,28,2,23.856475591659546,0.8519628899438041,0,1,0,1.2767274,0.54,1.2767272,2.5534546,-0.0
12,73,17,1,14.335509538650513,0.8432044421925264,1,0,0,1.3091586,0.522353,1.2057564,2.5534546,-0.0
12,74,14,2,11.728886365890503,0.837634835924421,0,1,0,1.2767273,0.54,1.2767274,2.5534546,-0.0
12,75,16,2,12.343942165374756,0.7713247090578079,0,1,0,1.2767273,0.54,1.2767273,2.5534546,-0.0
12,76,41,1,34.869696617126465,0.8503897422697486,1,0,0,1.2455876,0.5512195,1.2763475,2.5534546,-0.0
12,77,17,1,13.929209470748901,0.8193652629852295,1,0,0,1.3113704,0.52,1.205246,2.5534546,-0.0
12,78,22,2,16.55204176902771,0.752108021215959,0,1,0,1.2767274,0.54,1.2767272,2.5534546,-0.0
12,79,10,2,6.543057441711426,0.6541051149368287,0,1,0,1.2767273,0.54,1.2767273,2.5534546,-0.0
12,80,32,2,27.10361075401306,0.8467830568552017,0,1,0,1.2767273,0.54,1.2767273,2.5534546,-0.0
12,81,10,2,8.054016351699829,0.8051989555358887,0,1,0,1.2767273,0.54,1.2767273,2.5534546,-0.0
12,82,9,1,7.350057601928711,0.8166163762410482,1,0,0,1.1960998,0.5644444,1.2251221,2.5534546,-0.0
12,83,63,1,44.1264910697937,0.7002744674682617,1,0,0,1.2492415,0.5511111,1.2701209,2.5534546,-0.0
12,84,59,1,47.86664056777954,0.8110920291835979,1,0,0,1.298111,0.53152543,1.2495753,2.5534546,-0.0
12,85,9,1,6.2923407554626465,0.699148972829183,1,0,0,1.2066126,0.5688889,1.210585,2.5534546,-0.0
12,86,65,1,41.92404222488403,0.6448924688192514,1,0,0,1.3696983,0.49415383,1.2085599,2.5534546,-0.0
12,87,33,1,19.154995441436768,0.5804075327786532,1,0,0,1.2779412,0.5418182,1.2572529,2.5534546,-0.0
12,88,43,1,36.88204073905945,0.857502588005953,1,0,0,1.2572609,0.54883724,1.2640051,2.5534546,-0.0
12,89,32,2,23.33532977104187,0.7290084436535835,0,1,0,1.2767273,0.54,1.2767273,2.5534546,-0.0
12,90,21,1,13.25312614440918,0.630901677267892,1,0,0,1.1205555,0.59809524,1.246247,2.5534546,-0.0
12,91,20,2,13.271183252334595,0.663352656364441,0,1,0,1.2767274,0.54,1.2767273,2.5534546,-0.0
12,92,55,1,44.33558201789856,0.8059347196058794,1,0,0,1.3321669,0.51054543,1.2253331,2.5534546,-0.0
12,93,10,2,7.130904197692871,0.7130547523498535,0,1,0,1.2767273,0.54,1.2767273,2.5534546,-0.0
12,94,25,1,16.599802494049072,0.6638913631439209,1,0,0,1.2256583,0.5584,1.2757056,2.5534546,-0.0
12,95,10,2,6.021079063415527,0.6019049406051635,0,1,0,1.2767273,0.54,1.2767273,2.5534546,-0.0
12,96,35,1,27.394652605056763,0.7825433049883161,1,0,0,1.2559801,0.54857147,1.264158,2.5534546,-0.0
12,97,28,2,18.841124534606934,0.6726584093911308,0,1,0,1.2767274,0.54,1.2767272,2.5534546,-0.0
12,98,14,2,8.767449140548706,0.6261744669505528,0,1,0,1.2767273,0.54,1.2767274,2.5534546,-0.0
12,99,19,1,12.149171352386475,0.6393249536815443,1,0,0,1.2970805,0.53263164,1.2185576,2.5534546,-0.0
13,0,10,2,8.427040815353394,0.8426534414291382,0,1,0,1.6094377,0.52,1.6094377,3.2188754,-0.0
13,1,10,2,7.775183439254761,0.7772659301757813,0,1,0,1.6094377,0.52,1.6094377,3.2188754,-0.0
13,2,43,1,36.761390924453735,0.8548575445663097,1,0,0,1.5755168,0.5302326,1.5689977,3.2188754,-0.0
13,3,20,2,16.720481634140015,0.8359477400779725,0,1,0,1.6094377,0.52,1.6094377,3.2188754,-0.0
13,4,10,2,8.756780624389648,0.8755150079727173,0,1,0,1.6094377,0.52,1.6094377,3.2188754,-0.0
13,5,14,2,11.189868211746216,0.7992035150527954,0,1,0,1.6094378,0.52,1.6094377,3.2188754,-0.0
13,6,10,2,7.810894012451172,0.7810894012451172,0,1,0,1.6094377,0.52,1.6094377,3.2188754,-0.0
13,7,12,2,9.757146120071411,0.8130532105763754,0,1,0,1.6094378,0.52,1.6094377,3.2188754,-0.0
13,8,10,2,8.675601720809937,0.8674564361572266,0,1,0,1.6094377,0.52,1.6094377,3.2188754,-0.0
13,9,10,2,7.714572906494141,0.7712989330291748,0,1,0,1.6094377,0.52,1.6094377,3.2188754,-0.0
13,10,10,2,7.823180198669434,0.7822166681289673,0,1,0,1.6094377,0.52,1.6094377,3.2188754,-0.0
13,11,14,2,11.500699281692505,0.8213356563023159,0,1,0,1.6094378,0.52,1.6094377,3.2188754,-0.0
13,12,10,2,8.857454299926758,0.8855945348739624,0,1,0,1.6094377,0.52,1.6094377,3.2188754,-0.0
13,13,10,2,7.571611166000366,0.7570605993270874,0,1,0,1.6038926,0.524,1.6039692,3.2188754,-0.0
13,14,10,2,7.817157030105591,0.7816154003143311,0,1,0,1.6094377,0.52,1.6094377,3.2188754,-0.0
13,15,10,2,7.83150839805603,0.7828483819961548,0,1,0,1.6094377,0.52,1.6094377,3.2188754,-0.0
13,16,10,2,8.890198945999146,0.888919734954834,0,1,0,1.6094377,0.52,1.6094377,3.2188754,-0.0
13,17,23,1,19.38332223892212,0.8426002315852953,1,0,0,1.5824031,0.5217391,1.5731362,3.2188754,-0.0
13,18,12,2,9.723004579544067,0.810041626294454,0,1,0,1.6094378,0.52,1.6094377,3.2188754,-0.0
13,19,10,2,7.996648550033569,0.7993635892868042,0,1,0,1.6094377,0.52,1.6094377,3.2188754,-0.0
13,20,12,2,10.508449792861938,0.8754813075065613,0,1,0,1.6094378,0.52,1.6094377,3.2188754,-0.0
13,21,10,2,7.906224966049194,0.7902534008026123,0,1,0,1.6094377,0.52,1.6094377,3.2188754,-0.0
13,22,10,2,7.82891321182251,0.7827829360961914,0,1,0,1.6094377,0.52,1.6094377,3.2188754,-0.0
13,23,10,2,7.988664865493774,0.7988159894943238,0,1,0,1.6094377,0.52,1.6094377,3.2188754,-0.0
13,24,18,2,15.449950933456421,0.8581521113713583,0,1,0,1.6094377,0.52,1.6094377,3.2188754,-0.0
13,25,10,2,7.684743404388428,0.7684743404388428,0,1,0,1.6094377,0.52,1.6094377,3.2188754,-0.0
13,26,10,2,7.878992319107056,0.787647008895874,0,1,0,1.5983474,0.524,1.5986552,3.2188754,-0.0
13,27,18,2,14.940259456634521,0.8299302922354804,0,1,0,1.6094377,0.52,1.6094377,3.2188754,-0.0
13,28,27,1,23.034103631973267,0.8529203909414785,1,0,0,1.548649,0.5451852,1.5356206,3.2188754,-0.0
13,29,10,2,8.170026540756226,0.8170026540756226,0,1,0,1.6094377,0.52,1.6094377,3.2188754,-0.0
13,30,10,2,8.21586799621582,0.821586799621582,0,1,0,1.6094377,0.52,1.6094377,3.2188754,-0.0
13,31,10,2,7.894218683242798,0.789269995689392,0,1,0,1.6094377,0.52,1.6094377,3.2188754,-0.0
13,32,27,1,23.207667112350464,0.8595059006302445,1,0,0,1.5081244,0.5451852,1.5045629,3.2188754,-0.0
13,33,10,2,7.951070547103882,0.7951070547103882,0,1,0,1.6094377,0.52,1.6094377,3.2188754,-0.0
13,34,31,1,26.951943397521973,0.8693200157534692,1,0,0,1.5372946,0.5329032,1.5495034,3.2188754,-0.0
13,35,10,2,8.092737436294556,0.8092737436294556,0,1,0,1.6094377,0.52,1.6094377,3.2188754,-0.0
13,36,10,2,7.94491171836853,0.7944298267364502,0,1,0,1.6094377,0.52,1.6094377,3.2188754,-0.0
13,37,10,2,8.03919267654419,0.803767991065979,0,1,0,1.6094377,0.52,1.6094377,3.2188754,-0.0
13,38,16,2,13.105963945388794,0.8188966363668442,0,1,0,1.6094377,0.52,1.6094377,3.2188754,-0.0
13,39,10,2,7.87792444229126,0.7873228311538696,0,1,0,1.6094377,0.52,1.6094377,3.2188754,-0.0
13,40,10,2,8.101240396499634,0.8098064661026001,0,1,0,1.6094377,0.52,1.6094377,3.2188754,-0.0
13,41,10,2,7.852788209915161,0.7852788209915161,0,1,0,1.6094377,0.52,1.6094377,3.2188754,-0.0
13,42,10,2,7.884835481643677,0.788077449798584,0,1,0,1.6038926,0.524,1.6039692,3.2188754,-0.0
13,43,10,2,8.018584489822388,0.8018584489822388,0,1,0,1.6094377,0.52,1.6094377,3.2188754,-0.0
13,44,10,2,8.059852600097656,0.8059212923049927,0,1,0,1.6038926,0.524,1.6039692,3.2188754,-0.0
13,45,25,1,21.22763204574585,0.8490050315856934,1,0,0,1.511291,0.5536,1.5454999,3.2188754,-0.0
13,46,18,2,15.058099508285522,0.8365610837936401,0,1,0,1.6094377,0.52,1.6094377,3.2188754,-0.0
13,47,10,2,8.102603197097778,0.8101589679718018,0,1,0,1.6094377,0.52,1.6094377,3.2188754,-0.0
13,48,10,2,7.8612120151519775,0.7861212015151977,0,1,0,1.6094377,0.52,1.6094377,3.2188754,-0.0
13,49,18,2,15.095206022262573,0.8385671377182007,0,1,0,1.6094377,0.52,1.6094377,3.2188754,-0.0
13,50,10,2,8.002447605133057,0.8002447605133056,0,1,0,1.6094377,0.52,1.6094377,3.2188754,-0.0
13,51,10,2,8.112144231796265,0.8109897613525391,0,1,0,1.6094377,0.52,1.6094377,3.2188754,-0.0
13,52,10,2,8.02410364151001,0.8022080183029174,0,1,0,1.6094377,0.52,1.6094377,3.2188754,-0.0
13,53,10,2,8.113523960113525,0.8111931800842285,0,1,0,1.6094377,0.52,1.6094377,3.2188754,-0.0
13,54,28,2,23.655053853988647,0.8446968282972064,0,1,0,1.6094377,0.52,1.6094376,3.2188754,-0.0
13,55,12,2,9.809401273727417,0.8174077868461609,0,1,0,1.6094378,0.52,1.6094377,3.2188754,-0.0
13,56,43,1,36.28102731704712,0.8435788376386776,1,0,0,1.6834767,0.4902326,1.5294337,3.2188754,-0.0
13,57,10,2,8.272209405899048,0.8270702600479126,0,1,0,1.6094377,0.52,1.6094377,3.2188754,-0.0
13,58,22,2,18.919599771499634,0.8598442077636719,0,1,0,1.6094378,0.52,1.6094377,3.2188754,-0.0
13,59,10,2,8.009209394454956,0.8009209394454956,0,1,0,1.6094377,0.52,1.6094377,3.2188754,-0.0
13,60,20,2,16.862606048583984,0.8429542183876038,0,1,0,1.6094377,0.52,1.6094377,3.2188754,-0.0
13,61,10,2,7.986265659332275,0.7982737064361572,0,1,0,1.6094377,0.52,1.6094377,3.2188754,-0.0
13,62,10,2,7.976738929748535,0.7975732564926148,0,1,0,1.6094377,0.52,1.6094377,3.2188754,-0.0
13,63,10,2,8.037433624267578,0.8035917043685913,0,1,0,1.6094377,0.52,1.6094377,3.2188754,-0.0
13,64,10,2,7.955528736114502,0.7953483104705811,0,1,0,1.6094377,0.52,1.6094377,3.2188754,-0.0
13,65,10,2,8.035681962966919,0.8035681962966919,0,1,0,1.6094377,0.52,1.6094377,3.2188754,-0.0
13,66,10,2,8.12113356590271,0.812113356590271,0,1,0,1.6094377,0.52,1.6094377,3.2188754,-0.0
13,67,30,2,25.43544101715088,0.8477476596832275,0,1,0,1.6094377,0.52,1.6094375,3.2188754,-0.0
13,68,45,1,39.53940939903259,0.8784608523050944,1,0,0,1.5181329,0.5324444,1.5442868,3.2188754,-0.0
13,69,23,1,19.576563119888306,0.8510670039964758,1,0,0,1.5812488,0.52347827,1.573827,3.2188754,-0.0
13,70,10,2,7.0733397006988525,0.7072340726852417,0,1,0,1.6094377,0.52,1.6094377,3.2188754,-0.0
13,71,20,2,13.66245698928833,0.6829472184181213,0,1,0,1.6094377,0.52,1.6094377,3.2188754,-0.0
13,72,10,2,7.9853293895721436,0.7982317447662354,0,1,0,1.6094377,0.52,1.6094377,3.2188754,-0.0
13,73,10,2,7.997806549072266,0.7995291233062745,0,1,0,1.6094377,0.52,1.6094377,3.2188754,-0.0
13,74,20,2,16.741527318954468,0.8369720578193665,0,1,0,1.6094377,0.52,1.6094377,3.2188754,-0.0
13,75,14,2,11.647555828094482,0.8317894254411969,0,1,0,1.6094378,0.52,1.6094377,3.2188754,-0.0
13,76,10,2,8.045143604278564,0.8043520450592041,0,1,0,1.6094377,0.52,1.6094377,3.2188754,-0.0
13,77,10,2,7.89232325553894,0.7891311407089233,0,1,0,1.6094377,0.52,1.6094377,3.2188754,-0.0
13,78,10,2,7.941906213760376,0.7940726995468139,0,1,0,1.6038926,0.524,1.6039692,3.2188754,-0.0
13,79,16,2,13.704449653625488,0.8564031720161438,0,1,0,1.6094377,0.52,1.6094377,3.2188754,-0.0
13,80,10,2,7.985028266906738,0.7985028266906739,0,1,0,1.6094377,0.52,1.6094377,3.2188754,-0.0
13,81,10,2,8.035006284713745,0.803399920463562,0,1,0,1.6094377,0.52,1.6094377,3.2188754,-0.0
13,82,10,2,7.940613746643066,0.7938615798950195,0,1,0,1.6094377,0.52,1.6094377,3.2188754,-0.0
13,83,18,2,14.740090608596802,0.8187209765116373,0,1,0,1.6001956,0.52666664,1.6003025,3.2188754,-0.0
13,84,12,2,9.709857940673828,0.8090239564577738,0,1,0,1.6094378,0.52,1.6094377,3.2188754,-0.0
13,85,19,1,16.50439429283142,0.868466201581453,1,0,0,1.5846151,0.53052634,1.5700477,3.2188754,-0.0
13,86,10,2,7.892418384552002,0.7890907049179077,0,1,0,1.6094377,0.52,1.6094377,3.2188754,-0.0
13,87,10,2,6.759565114974976,0.6759013414382935,0,1,0,1.6094377,0.52,1.6094377,3.2188754,-0.0
13,88,24,2,20.792860746383667,0.8663273553053538,0,1,0,1.6048168,0.5233333,1.6048832,3.2188754,-0.0
13,89,37,1,25.43539023399353,0.6872657634116508,1,0,0,1.5998561,0.52324325,1.5709615,3.2188754,-0.0
13,90,10,2,5.423189401626587,0.5423189401626587,0,1,0,1.6038926,0.524,1.6039692,3.2188754,-0.0
13,91,16,2,8.527889728546143,0.5329931080341339,0,1,0,1.6094377,0.52,1.6094377,3.2188754,-0.0
13,92,13,1,11.333088397979736,0.8715827098259559,1,0,0,1.6195582,0.5230769,1.5466951,3.2188754,-0.0
13,93,10,2,7.100284576416016,0.70972740650177,0,1,0,1.6094377,0.52,1.6094377,3.2188754,-0.0
13,94,10,2,6.490945100784302,0.6490336418151855,0,1,0,1.6094377,0.52,1.6094377,3.2188754,-0.0
13,95,12,2,7.796311616897583,0.6496926347414652,0,1,0,1.6094378,0.52,1.6094377,3.2188754,-0.0
13,96,22,2,17.931915760040283,0.8150187080556696,0,1,0,1.5943146,0.52363634,1.59496,3.2188754,-0.0
13,97,18,2,12.000772714614868,0.6665973795784844,0,1,0,1.6094377,0.52,1.6094377,3.2188754,-0.0
13,98,16,2,9.483437299728394,0.5926826000213623,0,1,0,1.6059719,0.5225,1.6060244,3.2188754,-0.0
13,99,10,2,5.3072288036346436,0.5307228803634644,0,1,0,1.6094377,0.52,1.6094377,3.2188754,-0.0
14,0,12,2,10.1215500831604,0.8433792392412821,0,1,0,1.6094378,0.52,1.6094377,3.2188754,-0.0
14,1,10,2,7.807882070541382,0.7804866552352905,0,1,0,1.6094377,0.52,1.6094377,3.2188754,-0.0
14,2,10,2,7.849769115447998,0.7848700523376465,0,1,0,1.6094377,0.52,1.6094377,3.2188754,-0.0
14,3,10,2,7.671749114990234,0.7669740676879883,0,1,0,1.6094377,0.52,1.6094377,3.2188754,-0.0
14,4,10,2,8.523061037063599,0.8522554874420166,0,1,0,1.6094377,0.52,1.6094377,3.2188754,-0.0
14,5,16,2,13.098260879516602,0.8186095654964447,0,1,0,1.6094377,0.52,1.6094377,3.2188754,-0.0
14,6,10,2,7.819530010223389,0.7818217515945435,0,1,0,1.6094377,0.52,1.6094377,3.2188754,-0.0
14,7,10,2,7.8174684047698975,0.7816440343856812,0,1,0,1.6094377,0.52,1.6094377,3.2188754,-0.0
14,8,31,1,26.382599592208862,0.8509225153153942,1,0,0,1.6764909,0.49548382,1.558469,3.2188754,-0.0
14,9,18,2,14.83069109916687,0.823860314157274,0,1,0,1.6094377,0.52,1.6094377,3.2188754,-0.0
14,10,10,2,8.015182495117188,0.8014659881591797,0,1,0,1.6094377,0.52,1.6094377,3.2188754,-0.0
14,11,30,2,24.77500891685486,0.8256117502848307,0,1,0,1.6094377,0.52,1.6094375,3.2188754,-0.0
14,12,10,2,8.374686241149902,0.8372018814086915,0,1,0,1.6094377,0.52,1.6094377,3.2188754,-0.0
14,13,18,2,14.662308931350708,0.8142869340048896,0,1,0,1.5878731,0.5222222,1.5902143,3.2188754,-0.0
14,14,10,2,8.012013673782349,0.8010992765426636,0,1,0,1.6094377,0.52,1.6094377,3.2188754,-0.0
14,15,10,2,7.905555725097656,0.7904030799865722,0,1,0,1.6094377,0.52,1.6094377,3.2188754,-0.0
14,16,12,2,10.17792010307312,0.847819983959198,0,1,0,1.6094378,0.52,1.6094377,3.2188754,-0.0
14,17,31,1,25.766502380371094,0.8309956212197581,1,0,0,1.5879638,0.5212903,1.5876291,3.2188754,-0.0
14,18,10,2,8.026192665100098,0.8023149967193604,0,1,0,1.6094377,0.52,1.6094377,3.2188754,-0.0
14,19,10,2,7.791261672973633,0.7791261672973633,0,1,0,1.6094377,0.52,1.6094377,3.2188754,-0.0
14,20,10,2,8.499242067337036,0.8499242067337036,0,1,0,1.6094377,0.52,1.6094377,3.2188754,-0.0
14,21,10,2,7.844466686248779,0.7842955827713013,0,1,0,1.6094377,0.52,1.6094377,3.2188754,-0.0
14,22,14,2,11.124628782272339,0.7945443732397897,0,1,0,1.6094378,0.52,1.6094377,3.2188754,-0.0
14,23,10,2,7.6822190284729,0.7679709911346435,0,1,0,1.6094377,0.52,1.6094377,3.2188754,-0.0
14,24,10,2,8.508056879043579,0.8507427215576172,0,1,0,1.6094377,0.52,1.6094377,3.2188754,-0.0
14,25,25,1,20.962186574935913,0.8384448337554932,1,0,0,1.5650105,0.5344,1.5918696,3.2188754,-0.0
14,26,10,2,7.744949817657471,0.7743868589401245,0,1,0,1.6094377,0.52,1.6094377,3.2188754,-0.0
14,27,10,2,8.013618469238281,0.8009536981582641,0,1,0,1.6094377,0.52,1.6094377,3.2188754,-0.0
14,28,10,2,8.500933408737183,0.8500933408737182,0,1,0,1.6094377,0.52,1.6094377,3.2188754,-0.0
14,29,10,2,7.813687562942505,0.7812678575515747,0,1,0,1.6094377,0.52,1.6094377,3.2188754,-0.0
14,30,45,1,38.248136043548584,0.8498432477315266,1,0,0,1.6123613,0.5208889,1.5915728,3.2188754,-0.0
14,31,10,2,7.9732561111450195,0.797325611114502,0,1,0,1.6094377,0.52,1.6094377,3.2188754,-0.0
14,32,18,2,15.428271055221558,0.8569868935479058,0,1,0,1.6094377,0.52,1.6094377,3.2188754,-0.0
14,33,10,2,7.854135274887085,0.7852953195571899,0,1,0,1.6094377,0.52,1.6094377,3.2188754,-0.0
14,34,10,2,7.873027324676514,0.7870411396026611,0,1,0,1.6094377,0.52,1.6094377,3.2188754,-0.0
14,35,29,1,24.777861833572388,0.854176480194618,1,0,0,1.5945411,0.5227586,1.5695884,3.2188754,-0.0
14,36,10,2,7.978272199630737,0.7977272748947144,0,1,0,1.6094377,0.52,1.6094377,3.2188754,-0.0
14,37,14,2,11.337951421737671,0.8097822155271258,0,1,0,1.6094378,0.52,1.6094377,3.2188754,-0.0
14,38,22,2,18.49521017074585,0.8405526984821666,0,1,0,1.6094378,0.52,1.6094377,3.2188754,-0.0
14,39,10,2,7.941163063049316,0.7938098907470703,0,1,0,1.6094377,0.52,1.6094377,3.2188754,-0.0
14,40,15,1,12.739869117736816,0.8490125179290772,1,0,0,1.5675488,0.536,1.5627441,3.2188754,-0.0
14,41,10,2,7.8806843757629395,0.788068437576294,0,1,0,1.6094377,0.52,1.6094377,3.2188754,-0.0
14,42,10,2,7.804127931594849,0.7803592443466186,0,1,0,1.6094377,0.52,1.6094377,3.2188754,-0.0
14,43,10,2,7.703051805496216,0.7702064990997315,0,1,0,1.6094377,0.52,1.6094377,3.2188754,-0.0
14,44,10,2,8.048305988311768,0.8045671701431274,0,1,0,1.6094377,0.52,1.6094377,3.2188754,-0.0
14,45,10,2,7.789865255355835,0.7788824319839478,0,1,0,1.6094377,0.52,1.6094377,3.2188754,-0.0
14,46,10,2,7.896846294403076,0.7892858266830445,0,1,0,1.6094377,0.52,1.6094377,3.2188754,-0.0
14,47,10,2,7.874750375747681,0.7872240543365479,0,1,0,1.6094377,0.52,1.6094377,3.2188754,-0.0
14,48,10,2,7.9301533699035645,0.7930153369903564,0,1,0,1.6094377,0.52,1.6094377,3.2188754,-0.0
14,49,15,1,12.734210014343262,0.8486738681793213,1,0,0,1.5882947,0.53066665,1.5568758,3.2188754,-0.0
14,50,10,2,8.074410200119019,0.8071095943450928,0,1,0,1.6094377,0.52,1.6094377,3.2188754,-0.0
14,51,10,2,8.029412269592285,0.8026796579360962,0,1,0,1.6094377,0.52,1.6094377,3.2188754,-0.0
14,52,33,1,27.786208391189575,0.8418978705550685,1,0,0,1.5858192,0.52,1.5904863,3.2188754,-0.0
14,53,18,2,15.307618379592896,0.8503101136949327,0,1,0,1.6094377,0.52,1.6094377,3.2188754,-0.0
14,54,30,2,25.735098361968994,0.8577859163284302,0,1,0,1.6094377,0.52,1.6094375,3.2188754,-0.0
14,55,10,2,8.078089237213135,0.807556414604187,0,1,0,1.6094377,0.52,1.6094377,3.2188754,-0.0
14,56,10,2,7.655594825744629,0.7655594825744629,0,1,0,1.6094377,0.52,1.6094377,3.2188754,-0.0
14,57,10,2,7.876495122909546,0.7876495122909546,0,1,0,1.6094377,0.52,1.6094377,3.2188754,-0.0
14,58,10,2,7.548421621322632,0.7547414541244507,0,1,0,1.5341288,0.552,1.5237259,3.2188754,-0.0
14,59,10,2,8.082802295684814,0.8080731868743897,0,1,0,1.6094377,0.52,1.6094377,3.2188754,-0.0
14,60,23,1,19.49290919303894,0.8474739427151887,1,0,0,1.568222,0.533913,1.5858879,3.2188754,-0.0
14,61,45,1,39.4814178943634,0.8772835307651096,1,0,0,1.5489731,0.53155553,1.5580071,3.2188754,-0.0
14,62,10,2,8.12087345123291,0.8119357347488403,0,1,0,1.6094377,0.52,1.6094377,3.2188754,-0.0
14,63,10,2,8.110607385635376,0.8107583045959472,0,1,0,1.6094377,0.52,1.6094377,3.2188754,-0.0
14,64,10,2,7.7651686668396,0.7764168024063111,0,1,0,1.6094377,0.52,1.6094377,3.2188754,-0.0
14,65,10,2,7.971473932266235,0.7971473932266235,0,1,0,1.6094377,0.52,1.6094377,3.2188754,-0.0
14,66,10,2,7.939483165740967,0.793796157836914,0,1,0,1.6094377,0.52,1.6094377,3.2188754,-0.0
14,67,10,2,7.879186630249023,0.7879186630249023,0,1,0,1.6094377,0.52,1.6094377,3.2188754,-0.0
14,68,10,2,8.099560737609863,0.8098562002182007,0,1,0,1.6094377,0.52,1.6094377,3.2188754,-0.0
14,69,10,2,7.932873725891113,0.7930872917175293,0,1,0,1.6094377,0.52,1.6094377,3.2188754,-0.0
14,70,14,2,11.602182149887085,0.828727296420506,0,1,0,1.6094378,0.52,1.6094377,3.2188754,-0.0
14,71,10,2,7.772555828094482,0.7770002603530883,0,1,0,1.6094377,0.52,1.6094377,3.2188754,-0.0
14,72,25,1,21.24385142326355,0.8496333312988281,1,0,0,1.5450602,0.5392,1.6081495,3.2188754,-0.0
14,73,10,2,7.891611576080322,0.7891611576080322,0,1,0,1.6094377,0.52,1.6094377,3.2188754,-0.0
14,74,18,2,15.186055421829224,0.8436697456571791,0,1,0,1.6094377,0.52,1.6094377,3.2188754,-0.0
14,75,57,1,40.47214961051941,0.7099270862445497,1,0,0,1.6282558,0.51578945,1.5900601,3.2188754,-0.0
14,76,16,2,13.531912088394165,0.8456790596246719,0,1,0,1.6094377,0.52,1.6094377,3.2188754,-0.0
14,77,24,2,20.29019546508789,0.8451922039190928,0,1,0,1.6094376,0.52,1.6094377,3.2188754,-0.0
14,78,45,1,37.5374219417572,0.8340001424153646,1,0,0,1.573706,0.5324444,1.5975382,3.2188754,-0.0
14,79,10,2,5.562627553939819,0.556262755393982,0,1,0,1.6094377,0.52,1.6094377,3.2188754,-0.0
14,80,39,1,33.6618926525116,0.8629926718198336,1,0,0,1.5767399,0.53025645,1.6014055,3.2188754,-0.0
14,81,14,2,11.618258714675903,0.8296493632452828,0,1,0,1.6094378,0.52,1.6094377,3.2188754,-0.0
14,82,14,2,11.539543390274048,0.8241439035960606,0,1,0,1.6094378,0.52,1.6094377,3.2188754,-0.0
14,83,16,2,11.10261344909668,0.6937892884016037,0,1,0,1.6094377,0.52,1.6094377,3.2188754,-0.0
14,84,10,2,8.10100531578064,0.8101005315780639,0,1,0,1.6094377,0.52,1.6094377,3.2188754,-0.0
14,85,14,2,11.379346370697021,0.8127023492540631,0,1,0,1.6094378,0.52,1.6094377,3.2188754,-0.0
14,86,30,2,25.863640546798706,0.8620339632034302,0,1,0,1.6094377,0.52,1.6094375,3.2188754,-0.0
14,87,14,2,11.553386211395264,0.8250851290566581,0,1,0,1.6094378,0.52,1.6094377,3.2188754,-0.0
14,88,10,2,7.971907615661621,0.7969882249832153,0,1,0,1.6094377,0.52,1.6094377,3.2188754,-0.0
14,89,10,2,7.905714750289917,0.7905193090438842,0,1,0,1.6094377,0.52,1.6094377,3.2188754,-0.0
14,90,25,1,22.017616033554077,0.8806197071075439,1,0,0,1.6471983,0.51199996,1.5877339,3.2188754,-0.0
14,91,10,2,7.895349502563477,0.7893354415893554,0,1,0,1.6094377,0.52,1.6094377,3.2188754,-0.0
14,92,22,2,18.50440239906311,0.8410179723392833,0,1,0,1.6094378,0.52,1.6094377,3.2188754,-0.0
14,93,10,2,8.209689617156982,0.8202498197555542,0,1,0,1.6094377,0.52,1.6094377,3.2188754,-0.0
14,94,12,2,9.822007894515991,0.8184171120325724,0,1,0,1.6094378,0.52,1.6094377,3.2188754,-0.0
14,95,10,2,7.361226558685303,0.7360722780227661,0,1,0,1.6094377,0.52,1.6094377,3.2188754,-0.0
14,96,10,2,8.151272773742676,0.8150260925292969,0,1,0,1.6094377,0.52,1.6094377,3.2188754,-0.0
14,97,10,2,7.913053750991821,0.7910473585128784,0,1,0,1.6094377,0.52,1.6094377,3.2188754,-0.0
14,98,27,1,17.638508558273315,0.6531262574372468,1,0,0,1.6056887,0.5140741,1.566186,3.2188754,-0.0
14,99,16,2,8.040979146957397,0.5024331361055374,0,1,0,1.6094377,0.52,1.6094377,3.2188754,-0.0
15,0,10,2,8.305928707122803,0.8301743507385254,0,1,0,1.6094377,0.52,1.6094377,3.2188754,-0.0
15,1,18,2,14.195777177810669,0.7885142829683092,0,1,0,1.6094377,0.52,1.6094377,3.2188754,-0.0
15,2,22,2,18.018720388412476,0.8187060681256381,0,1,0,1.6094378,0.52,1.6094377,3.2188754,-0.0
15,3,22,2,17.991216897964478,0.8176446286114779,0,1,0,1.6094378,0.52,1.6094377,3.2188754,-0.0
15,4,10,2,8.2890625,0.8288047790527344,0,1,0,1.6094377,0.52,1.6094377,3.2188754,-0.0
15,5,10,2,7.330760717391968,0.7327934265136719,0,1,0,1.6094377,0.52,1.6094377,3.2188754,-0.0
15,6,10,2,7.562862157821655,0.7560170650482178,0,1,0,1.6094377,0.52,1.6094377,3.2188754,-0.0
15,7,51,1,42.25998497009277,0.8286072366377887,1,0,0,1.609136,0.52156866,1.5935823,3.2188754,-0.0
15,8,51,1,42.80422496795654,0.8392374655779671,1,0,0,1.5908502,0.5262745,1.5989918,3.2188754,-0.0
15,9,10,2,7.726287364959717,0.7724707841873169,0,1,0,1.6094377,0.52,1.6094377,3.2188754,-0.0
15,10,22,2,17.84688401222229,0.8109241398898038,0,1,0,1.6094378,0.52,1.6094377,3.2188754,-0.0
15,11,10,2,7.80229377746582,0.7801779508590698,0,1,0,1.6094377,0.52,1.6094377,3.2188754,-0.0
15,12,12,2,9.992310047149658,0.8326925039291382,0,1,0,1.6094378,0.52,1.6094377,3.2188754,-0.0
15,13,12,2,8.931236982345581,0.7440847158432007,0,1,0,1.6094378,0.52,1.6094377,3.2188754,-0.0
15,14,18,2,14.288751363754272,0.7937635448243883,0,1,0,1.6094377,0.52,1.6094377,3.2188754,-0.0
15,15,25,1,21.043476819992065,0.8415775775909424,1,0,0,1.5779517,0.5312,1.5844467,3.2188754,-0.0
15,16,26,2,21.751778602600098,0.8365044868909396,0,1,0,1.6094377,0.52,1.6094377,3.2188754,-0.0
15,17,15,1,11.905850648880005,0.7937233765920003,1,0,0,1.5569613,0.53866667,1.5672132,3.2188754,-0.0
15,18,10,2,7.765249490737915,0.7765249490737915,0,1,0,1.6094377,0.52,1.6094377,3.2188754,-0.0
15,19,10,2,7.866822719573975,0.7864823579788208,0,1,0,1.6094377,0.52,1.6094377,3.2188754,-0.0
15,20,19,1,16.063063144683838,0.8450346745942768,1,0,0,1.6053717,0.52,1.5483359,3.2188754,-0.0
15,21,10,2,7.596038103103638,0.7595530986785889,0,1,0,1.6094377,0.52,1.6094377,3.2188754,-0.0
15,22,10,2,7.67578387260437,0.7674060344696045,0,1,0,1.6094377,0.52,1.6094377,3.2188754,-0.0
15,23,27,1,22.26874303817749,0.8244744936625162,1,0,0,1.5846528,0.5288889,1.580084,3.2188754,-0.0
15,24,10,2,8.359338283538818,0.8356154441833497,0,1,0,1.6094377,0.52,1.6094377,3.2188754,-0.0
15,25,23,1,18.072574138641357,0.7856985382411791,1,0,0,1.5394622,0.54086953,1.6079158,3.2188754,-0.0
15,26,18,2,14.8028404712677,0.8221934503979154,0,1,0,1.6094377,0.52,1.6094377,3.2188754,-0.0
15,27,10,2,7.833001375198364,0.7832495212554932,0,1,0,1.6094377,0.52,1.6094377,3.2188754,-0.0
15,28,37,1,31.08610248565674,0.8400961837253055,1,0,0,1.5924556,0.5264865,1.590806,3.2188754,-0.0
15,29,27,1,22.635523796081543,0.8381814426845975,1,0,0,1.580284,0.53037035,1.5863326,3.2188754,-0.0
15,30,16,2,12.430567026138306,0.7766876667737961,0,1,0,1.5185504,0.5425,1.5272475,3.2188754,-0.0
15,31,10,2,7.883784294128418,0.7883784294128418,0,1,0,1.6094377,0.52,1.6094377,3.2188754,-0.0
15,32,10,2,7.689435005187988,0.7686361312866211,0,1,0,1.6094377,0.52,1.6094377,3.2188754,-0.0
15,33,51,1,43.23978066444397,0.8477497100830078,1,0,0,1.5844334,0.5278431,1.6033591,3.2188754,-0.0
15,34,49,1,41.731507539749146,0.8515793644652074,1,0,0,1.5800196,0.52897954,1.6059164,3.2188754,-0.0
15,35,12,2,9.416050434112549,0.7845874031384786,0,1,0,1.6094378,0.52,1.6094377,3.2188754,-0.0
15,36,51,1,42.23671269416809,0.8280433907228357,1,0,0,1.5835725,0.5270588,1.5620785,3.2188754,-0.0
15,37,18,2,14.856153726577759,0.8252298567030165,0,1,0,1.6094377,0.52,1.6094377,3.2188754,-0.0
15,38,10,2,7.883759498596191,0.7883759498596191,0,1,0,1.6094377,0.52,1.6094377,3.2188754,-0.0
15,39,10,2,7.95009970664978,0.7948589086532593,0,1,0,1.6094377,0.52,1.6094377,3.2188754,-0.0
15,40,10,2,7.751278400421143,0.7751278400421142,0,1,0,1.6094377,0.52,1.6094377,3.2188754,-0.0
15,41,16,2,13.146713495254517,0.8216278553009033,0,1,0,1.6094377,0.52,1.6094377,3.2188754,-0.0
15,42,10,2,8.026033639907837,0.8022037267684936,0,1,0,1.6094377,0.52,1.6094377,3.2188754,-0.0
15,43,10,2,7.851763486862183,0.7851255178451538,0,1,0,1.6094377,0.52,1.6094377,3.2188754,-0.0
15,44,10,2,7.709100961685181,0.7706015586853028,0,1,0,1.6094377,0.52,1.6094377,3.2188754,-0.0
15,45,10,2,7.930077075958252,0.7929564952850342,0,1,0,1.6094377,0.52,1.6094377,3.2188754,-0.0
15,46,21,1,17.702171325683594,0.8429123674120221,1,0,0,1.6263837,0.50857145,1.5459155,3.2188754,-0.0
15,47,10,2,7.992778062820435,0.7987739086151123,0,1,0,1.6094377,0.52,1.6094377,3.2188754,-0.0
15,48,22,2,18.3438880443573,0.8337669806046919,0,1,0,1.6094378,0.52,1.6094377,3.2188754,-0.0
15,49,10,2,7.913579225540161,0.7913068771362305,0,1,0,1.6094377,0.52,1.6094377,3.2188754,-0.0
15,50,17,1,13.847838163375854,0.8143416993758258,1,0,0,1.6252986,0.5011764,1.5320543,3.2188754,-0.0
15,51,20,2,16.565768718719482,0.8280540347099304,0,1,0,1.6094377,0.52,1.6094377,3.2188754,-0.0
15,52,10,2,7.736874580383301,0.7735289335250854,0,1,0,1.6094377,0.52,1.6094377,3.2188754,-0.0
15,53,25,1,21.241604328155518,0.8496001625061035,1,0,0,1.5651468,0.5344,1.5903673,3.2188754,-0.0
15,54,16,2,12.890531301498413,0.805562898516655,0,1,0,1.6094377,0.52,1.6094377,3.2188754,-0.0
15,55,10,2,7.907501697540283,0.7905421257019043,0,1,0,1.6094377,0.52,1.6094377,3.2188754,-0.0
15,56,10,2,7.877781867980957,0.7876780986785888,0,1,0,1.6094377,0.52,1.6094377,3.2188754,-0.0
15,57,10,2,7.80967903137207,0.780967903137207,0,1,0,1.6094377,0.52,1.6094377,3.2188754,-0.0
15,58,10,2,7.966586351394653,0.7964561939239502,0,1,0,1.6094377,0.52,1.6094377,3.2188754,-0.0
15,59,10,2,7.785767078399658,0.7784768342971802,0,1,0,1.6094377,0.52,1.6094377,3.2188754,-0.0
15,60,10,2,7.801543712615967,0.7798523902893066,0,1,0,1.6094377,0.52,1.6094377,3.2188754,-0.0
15,61,10,2,7.746559381484985,0.7743988513946534,0,1,0,1.6094377,0.52,1.6094377,3.2188754,-0.0
15,62,18,2,14.89183521270752,0.8271572324964735,0,1,0,1.6094377,0.52,1.6094377,3.2188754,-0.0
15,63,12,2,9.74862027168274,0.8121336499849955,0,1,0,1.6094378,0.52,1.6094377,3.2188754,-0.0
15,64,22,2,18.433951139450073,0.8378837000239979,0,1,0,1.6094378,0.52,1.6094377,3.2188754,-0.0
15,65,37,1,31.78521990776062,0.8588464517851133,1,0,0,1.6049778,0.52324325,1.5877651,3.2188754,-0.0
15,66,18,2,14.95460319519043,0.830695735083686,0,1,0,1.6094377,0.52,1.6094377,3.2188754,-0.0
15,67,10,2,7.123527526855469,0.7122527599334717,0,1,0,1.6094377,0.52,1.6094377,3.2188754,-0.0
15,68,24,2,20.2653067111969,0.8443461060523987,0,1,0,1.6094376,0.52,1.6094377,3.2188754,-0.0
15,69,20,2,16.54287624359131,0.8270937681198121,0,1,0,1.6094377,0.52,1.6094377,3.2188754,-0.0
15,70,27,1,22.014463901519775,0.8152575492858887,1,0,0,1.6212832,0.5007407,1.4557449,3.2188754,-0.0
15,71,10,2,7.349169731140137,0.7347584009170532,0,1,0,1.6094377,0.52,1.6094377,3.2188754,-0.0
15,72,10,2,7.93553614616394,0.7933917999267578,0,1,0,1.6094377,0.52,1.6094377,3.2188754,-0.0
15,73,10,2,7.866918325424194,0.7865907430648804,0,1,0,1.6094377,0.52,1.6094377,3.2188754,-0.0
15,74,10,2,7.970328092575073,0.7969329357147217,0,1,0,1.6094377,0.52,1.6094377,3.2188754,-0.0
15,75,10,2,8.082276344299316,0.8081209897994995,0,1,0,1.6094377,0.52,1.6094377,3.2188754,-0.0
15,76,10,2,7.857506990432739,0.7853896379470825,0,1,0,1.6094377,0.52,1.6094377,3.2188754,-0.0
15,77,10,2,7.97476863861084,0.7971551656723023,0,1,0,1.6094377,0.52,1.6094377,3.2188754,-0.0
15,78,10,2,8.003798961639404,0.8002798557281494,0,1,0,1.6094377,0.52,1.6094377,3.2188754,-0.0
15,79,27,1,22.50782608985901,0.8334150314331055,1,0,0,1.6014329,0.51703703,1.569385,3.2188754,-0.0
15,80,32,2,27.196589946746826,0.8497754856944084,0,1,0,1.6094377,0.52,1.6094377,3.2188754,-0.0
15,81,10,2,7.786005020141602,0.7785008907318115,0,1,0,1.6094377,0.52,1.6094377,3.2188754,-0.0
15,82,12,2,9.502166509628296,0.7916362682978312,0,1,0,1.6094378,0.52,1.6094377,3.2188754,-0.0
15,83,14,2,8.49793028831482,0.6068775824138096,0,1,0,1.6094378,0.52,1.6094377,3.2188754,-0.0
15,84,10,2,7.911943674087524,0.7911428213119507,0,1,0,1.6094377,0.52,1.6094377,3.2188754,-0.0
15,85,12,2,9.797283172607422,0.8162107070287069,0,1,0,1.6094378,0.52,1.6094377,3.2188754,-0.0
15,86,14,2,11.417076110839844,0.8155054364885602,0,1,0,1.6094378,0.52,1.6094377,3.2188754,-0.0
15,87,12,2,9.640554904937744,0.8032965858777364,0,1,0,1.6094378,0.52,1.6094377,3.2188754,-0.0
15,88,12,2,9.660830020904541,0.8050263722737631,0,1,0,1.6094378,0.52,1.6094377,3.2188754,-0.0
15,89,24,2,19.945490837097168,0.8309698303540548,0,1,0,1.6094376,0.52,1.6094377,3.2188754,-0.0
15,90,10,2,7.831090927124023,0.7829533815383911,0,1,0,1.6094377,0.52,1.6094377,3.2188754,-0.0
15,91,10,2,6.231985092163086,0.6228858709335328,0,1,0,1.6094377,0.52,1.6094377,3.2188754,-0.0
15,92,39,1,30.77156949043274,0.788876460148738,1,0,0,1.6125486,0.51794875,1.5778596,3.2188754,-0.0
15,93,29,1,15.318045139312744,0.5281739892630741,1,0,0,1.6139745,0.5213793,1.5816275,3.2188754,-0.0
15,94,27,1,13.581942081451416,0.5027310759932907,1,0,0,1.5784914,0.5288889,1.5837827,3.2188754,-0.0
15,95,10,2,5.303576946258545,0.5302680492401123,0,1,0,1.6094377,0.52,1.6094377,3.2188754,-0.0
15,96,24,2,17.25102949142456,0.7186082601547241,0,1,0,1.6094376,0.52,1.6094377,3.2188754,-0.0
15,97,10,2,4.77977180480957,0.4778407573699951,0,1,0,1.6094377,0.52,1.6094377,3.2188754,-0.0
15,98,10,2,4.945643901824951,0.49435245990753174,0,1,0,1.6094377,0.52,1.6094377,3.2188754,-0.0
15,99,10,2,4.853753566741943,0.48533356189727783,0,1,0,1.6094377,0.52,1.6094377,3.2188754,-0.0
16,0,65,1,58.43192505836487,0.8988284514500544,1,0,0,1.2774047,0.5421539,1.2622236,2.5534546,-0.0
16,1,20,2,17.98891520500183,0.899368691444397,0,1,0,1.2767274,0.54,1.2767273,2.5534546,-0.0
16,2,11,1,9.770175695419312,0.8881057609211315,1,0,0,1.2107133,0.5672727,1.2350816,2.5534546,-0.0
16,3,10,2,8.757626295089722,0.8754098415374756,0,1,0,1.2767273,0.54,1.2767273,2.5534546,-0.0
16,4,27,1,25.132610321044922,0.9306687160774514,1,0,0,1.2294412,0.55703706,1.2758514,2.5534546,-0.0
16,5,27,1,24.0805242061615,0.8917972335109005,1,0,0,1.2639667,0.5407407,1.2491605,2.5534546,-0.0
16,6,23,1,20.11716079711914,0.8744846219601838,1,0,0,1.2451775,0.54956526,1.2574023,2.5534546,-0.0
16,7,10,2,8.572717428207397,0.8572211027145386,0,1,0,1.2767273,0.54,1.2767273,2.5534546,-0.0
16,8,53,1,46.730220556259155,0.8815100552900782,1,0,0,1.3458698,0.50792456,1.2150224,2.5534546,-0.0
16,9,10,2,8.588695526123047,0.8586161613464356,0,1,0,1.2767273,0.54,1.2767273,2.5534546,-0.0
16,10,53,1,46.26001238822937,0.8727520231930714,1,0,0,1.2729671,0.53886795,1.2584275,2.5534546,-0.0
16,11,18,2,16.221516609191895,0.9009670151604546,0,1,0,1.2767273,0.54,1.2767273,2.5534546,-0.0
16,12,64,2,57.3681104183197,0.8962195441126823,0,1,0,1.2767273,0.54,1.2767273,2.5534546,-0.0
16,13,41,1,36.63939833641052,0.8935332414580555,1,0,0,1.2613362,0.5463415,1.2628387,2.5534546,-0.0
16,14,10,2,8.461228132247925,0.8459212064743042,0,1,0,1.2767273,0.54,1.2767273,2.5534546,-0.0
16,15,15,1,13.357626914978027,0.8904414335886638,1,0,0,1.1916121,0.5706666,1.2738869,2.5534546,-0.0
16,16,13,1,12.20891809463501,0.9389506486745981,1,0,0,1.2287805,0.5476923,1.2378337,2.5534546,-0.0
16,17,29,1,26.007157564163208,0.8965556210484998,1,0,0,1.2478634,0.5503448,1.2637849,2.5534546,-0.0
16,18,25,1,21.921273469924927,0.876850938796997,1,0,0,1.275375,0.53279996,1.238701,2.5534546,-0.0
16,19,55,1,49.95070552825928,0.9079659808765758,1,0,0,1.2729772,0.54254544,1.2653675,2.5534546,-0.0
16,20,15,1,14.31310248374939,0.9540398279825847,1,0,0,1.2793978,0.54399997,1.2334762,2.5534546,-0.0
16,21,27,1,24.173016786575317,0.8951016090534352,1,0,0,1.2560501,0.54814816,1.2536739,2.5534546,-0.0
16,22,10,2,8.527598142623901,0.8527598142623901,0,1,0,1.2767273,0.54,1.2767273,2.5534546,-0.0
16,23,51,1,45.277177572250366,0.8876745560589958,1,0,0,1.2255967,0.5568627,1.2590462,2.5534546,-0.0
16,24,10,2,9.47437071800232,0.9471133708953857,0,1,0,1.2767273,0.54,1.2767273,2.5534546,-0.0
16,25,10,2,8.470711946487427,0.8468649625778198,0,1,0,1.2767273,0.54,1.2767273,2.5534546,-0.0
16,26,10,2,8.566358804702759,0.856434440612793,0,1,0,1.2767273,0.54,1.2767273,2.5534546,-0.0
16,27,10,2,8.655447483062744,0.8654825448989868,0,1,0,1.2767273,0.54,1.2767273,2.5534546,-0.0
16,28,15,1,13.930086135864258,0.9286724090576172,1,0,0,1.2650558,0.54399997,1.2177094,2.5534546,-0.0
16,29,18,2,15.965662956237793,0.8867469098832872,0,1,0,1.2767273,0.54,1.2767273,2.5534546,-0.0
16,30,32,2,28.79481816291809,0.8997291624546051,0,1,0,1.2767273,0.54,1.2767273,2.5534546,-0.0
16,31,29,1,25.878713369369507,0.8923349709346377,1,0,0,1.279155,0.5337931,1.2463747,2.5534546,-0.0
16,32,31,1,27.339378118515015,0.8818103036572856,1,0,0,1.2355427,0.5548387,1.276063,2.5534546,-0.0
16,33,15,1,13.391990661621094,0.8926319281260172,1,0,0,1.2101967,0.5653333,1.2583054,2.5534546,-0.0
16,34,35,1,31.496861219406128,0.8998526981898717,1,0,0,1.2402494,0.55314285,1.2762061,2.5534546,-0.0
16,35,12,2,10.52238941192627,0.8768129746119181,0,1,0,1.2767273,0.54,1.2767274,2.5534546,-0.0
16,36,10,2,8.35807490348816,0.8357070684432983,0,1,0,1.2767273,0.54,1.2767273,2.5534546,-0.0
16,37,21,1,17.9208984375,0.8532805896940685,1,0,0,1.2041776,0.5580953,1.1915541,2.5534546,-0.0
16,38,19,1,17.337695121765137,0.9122464907796759,1,0,0,1.2524126,0.551579,1.2469496,2.5534546,-0.0
16,39,21,1,18.99087119102478,0.9043271995726085,1,0,0,1.3004851,0.5352381,1.2504802,2.5534546,-0.0
16,40,14,2,12.2433340549469,0.87438017981393,0,1,0,1.2767273,0.54,1.2767274,2.5534546,-0.0
16,41,35,1,32.021159410476685,0.9147290774754115,1,0,0,1.2605748,0.54742855,1.2618761,2.5534546,-0.0
16,42,27,1,24.67116904258728,0.9135070818441885,1,0,0,1.2498329,0.5511111,1.2603441,2.5534546,-0.0
16,43,10,2,8.641668319702148,0.8640666246414185,0,1,0,1.2767273,0.54,1.2767273,2.5534546,-0.0
16,44,27,1,23.4901704788208,0.8699316536938703,1,0,0,1.2294412,0.55703706,1.2758514,2.5534546,-0.0
16,45,14,2,12.489657878875732,0.8918550865990775,0,1,0,1.2767273,0.54,1.2767274,2.5534546,-0.0
16,46,10,2,8.483309745788574,0.8481689691543579,0,1,0,1.2767273,0.54,1.2767273,2.5534546,-0.0
16,47,25,1,22.549596309661865,0.9018582153320313,1,0,0,1.2476811,0.552,1.2589995,2.5534546,-0.0
16,48,10,2,8.516029357910156,0.8514440536499024,0,1,0,1.2767273,0.54,1.2767273,2.5534546,-0.0
16,49,13,1,11.30972409248352,0.8699018405033991,1,0,0,1.1785175,0.5753846,1.2729443,2.5534546,-0.0
16,50,10,2,8.585757970809937,0.8583515405654907,0,1,0,1.2767273,0.54,1.2767273,2.5534546,-0.0
16,51,30,2,27.095535278320312,0.9030089775721232,0,1,0,1.2767274,0.54,1.2767272,2.5534546,-0.0
16,52,13,1,11.535757064819336,0.8870645486391507,1,0,0,1.2312813,0.5415385,1.2367011,2.5534546,-0.0
16,53,45,1,41.04203701019287,0.911896800994873,1,0,0,1.2545505,0.54844445,1.2710032,2.5534546,-0.0
16,54,37,1,34.816565990448,0.9408654006751808,1,0,0,1.2841778,0.53945947,1.2601492,2.5534546,-0.0
16,55,27,1,24.212117195129395,0.8966711008990252,1,0,0,1.2690887,0.5451852,1.2534665,2.5534546,-0.0
16,56,17,1,14.9295654296875,0.8780609299154842,1,0,0,1.2340422,0.55294114,1.2503202,2.5534546,-0.0
16,57,16,2,14.129278182983398,0.8830798864364624,0,1,0,1.2767273,0.54,1.2767273,2.5534546,-0.0
16,58,27,1,24.02129030227661,0.8895461559295654,1,0,0,1.2294412,0.55703706,1.2758514,2.5534546,-0.0
16,59,10,2,8.587931394577026,0.8587344884872437,0,1,0,1.2767273,0.54,1.2767273,2.5534546,-0.0
16,60,11,1,9.96227478981018,0.9053304412148215,1,0,0,1.1860038,0.57454544,1.250662,2.5534546,-0.0
16,61,37,1,33.33420515060425,0.9007425565977354,1,0,0,1.2571017,0.5481081,1.2648493,2.5534546,-0.0
16,62,10,2,8.45552134513855,0.8453988790512085,0,1,0,1.2767273,0.54,1.2767273,2.5534546,-0.0
16,63,25,1,23.03600263595581,0.9212777233123779,1,0,0,1.2476811,0.552,1.2589995,2.5534546,-0.0
16,64,35,1,32.19006156921387,0.9196437018258231,1,0,0,1.3166368,0.52228576,1.2391627,2.5534546,-0.0
16,65,10,2,8.431500434875488,0.843049955368042,0,1,0,1.2767273,0.54,1.2767273,2.5534546,-0.0
16,66,14,2,11.342852354049683,0.809767348425729,0,1,0,1.1525339,0.5885714,1.2302123,2.5534546,-0.0
16,67,33,1,30.51356840133667,0.9245430556210604,1,0,0,1.275117,0.5369697,1.2483044,2.5534546,-0.0
16,68,63,1,55.72498297691345,0.884383375682528,1,0,0,1.3283731,0.5180953,1.2325062,2.6089063,-0.0
16,69,10,2,8.931761264801025,0.8930761814117432,0,1,0,1.2767273,0.54,1.2767273,2.5534546,-0.0
16,70,13,1,11.275418758392334,0.8672918723179743,1,0,0,1.2208693,0.5630769,1.2418079,2.5534546,-0.0
16,71,10,2,8.119962215423584,0.8118960857391357,0,1,0,1.2767273,0.54,1.2767273,2.5534546,-0.0
16,72,43,1,39.32586741447449,0.9143788315529047,1,0,0,1.275431,0.5395349,1.256972,2.5534546,-0.0
16,73,12,2,10.921382665634155,0.9099881847699484,0,1,0,1.2767273,0.54,1.2767274,2.5534546,-0.0
16,74,27,1,24.0208420753479,0.8894721313759133,1,0,0,1.2498515,0.54814816,1.2603338,2.5534546,-0.0
16,75,14,2,9.455972671508789,0.6753816093717303,0,1,0,1.2211691,0.5657143,1.2362422,2.5534546,-0.0
16,76,9,1,7.595693349838257,0.8439659277598063,1,0,0,1.2538114,0.5555556,1.2054539,2.5534546,-0.0
16,77,14,2,12.252022743225098,0.8750353370394025,0,1,0,1.2767273,0.54,1.2767274,2.5534546,-0.0
16,78,59,1,51.33486199378967,0.8698942216776185,1,0,0,1.2834932,0.540339,1.2577271,2.5534546,-0.0
16,79,19,1,12.716861248016357,0.6692328453063965,1,0,0,1.2912359,0.53894734,1.2441987,2.5534546,-0.0
16,80,18,2,15.88200068473816,0.8820268577999539,0,1,0,1.2767273,0.54,1.2767273,2.5534546,-0.0
16,81,10,2,8.979041337966919,0.8978529691696167,0,1,0,1.2767273,0.54,1.2767273,2.5534546,-0.0
16,82,10,2,8.978758335113525,0.8977250337600708,0,1,0,1.2767273,0.54,1.2767273,2.5534546,-0.0
16,83,16,2,14.317735195159912,0.8947319239377975,0,1,0,1.2767273,0.54,1.2767273,2.5534546,-0.0
16,84,10,2,8.72056531906128,0.872056531906128,0,1,0,1.2767273,0.54,1.2767273,2.5534546,-0.0
16,85,28,2,26.016785383224487,0.9290396656308856,0,1,0,1.2767274,0.54,1.2767272,2.5534546,-0.0
16,86,18,2,14.572303533554077,0.8092285792032877,0,1,0,1.2767273,0.54,1.2767273,2.5534546,-0.0
16,87,39,1,25.573049306869507,0.6555590568444668,1,0,0,1.269188,0.5446154,1.2583243,2.5534546,-0.0
16,88,29,1,26.226496696472168,0.9043095358486833,1,0,0,1.242315,0.5531034,1.2676681,2.5534546,-0.0
16,89,9,1,6.747194051742554,0.7496882279713949,1,0,0,1.1348687,0.5911111,1.2688218,2.5534546,-0.0
16,90,40,2,25.898167848587036,0.6473225712776184,0,1,0,1.2864313,0.54,1.2878215,2.941617,-0.0
16,91,23,1,12.88689661026001,0.5601623265639596,1,0,0,1.260593,0.54260874,1.2448666,2.5534546,-0.0
16,92,43,1,34.77246117591858,0.8085515554561171,1,0,0,1.2635213,0.5423256,1.2666295,2.6089063,-0.0
16,93,10,2,6.277231216430664,0.6276716232299805,0,1,0,1.2767273,0.54,1.2767273,2.5534546,-0.0
16,94,65,1,37.13740158081055,0.5712280346797063,1,0,0,1.2720307,0.54276925,1.2674253,2.5534546,-0.0
16,95,10,2,5.359678268432617,0.5359171390533447,0,1,0,1.2767273,0.54,1.2767273,2.5534546,-0.0
16,96,21,1,17.229769706726074,0.8203377610161191,1,0,0,1.2292055,0.5580953,1.2639534,2.5534546,-0.0
16,97,10,2,6.5369133949279785,0.6535896539688111,0,1,0,1.2767273,0.54,1.2767273,2.5534546,-0.0
16,98,16,2,10.243675231933594,0.6399783790111542,0,1,0,1.2767273,0.54,1.2767273,2.5534546,-0.0
16,99,14,2,8.4340980052948,0.6023641143526349,0,1,0,1.2767273,0.54,1.2767274,2.5534546,-0.0
17,0,51,1,43.91831946372986,0.8610595955568201,1,0,0,1.3030902,0.53176475,1.2677592,2.5534546,-0.0
17,1,58,2,51.63167715072632,0.8901007339872163,0,1,0,1.2776834,0.54,1.2777034,2.6089063,-0.0
17,2,10,2,8.785651206970215,0.8785651206970215,0,1,0,1.2767273,0.54,1.2767273,2.5534546,-0.0
17,3,23,1,21.624176740646362,0.9400296107582424,1,0,0,1.2677603,0.54608697,1.2493721,2.5534546,-0.0
17,4,43,1,37.0315420627594,0.8609606277110965,1,0,0,1.247036,0.5506977,1.2763821,2.5534546,-0.0
17,5,12,2,9.51183032989502,0.7924761176109314,0,1,0,1.2767273,0.54,1.2767274,2.5534546,-0.0
17,6,10,2,7.872842311859131,0.7871839046478272,0,1,0,1.2767273,0.54,1.2767273,2.5534546,-0.0
17,7,25,1,21.812671184539795,0.8724013519287109,1,0,0,1.1982145,0.5728,1.2306998,2.5534546,-0.0
17,8,37,1,31.73814582824707,0.8577522909319079,1,0,0,1.2682941,0.53837836,1.2562652,2.5534546,-0.0
17,9,37,1,30.978601455688477,0.8371376733522158,1,0,0,1.258247,0.54486483,1.2642281,2.5534546,-0.0
17,10,10,2,8.536685943603516,0.8536685943603516,0,1,0,1.2767273,0.54,1.2767273,2.5534546,-0.0
17,11,10,2,8.559208869934082,0.8557696342468262,0,1,0,1.2767273,0.54,1.2767273,2.5534546,-0.0
17,12,23,1,19.9276282787323,0.8662352043649425,1,0,0,1.2591184,0.5443478,1.2456361,2.5534546,-0.0
17,13,15,1,12.307537317276001,0.8202686468760173,1,0,0,1.2793978,0.54399997,1.2334762,2.5534546,-0.0
17,14,10,2,7.900664329528809,0.7899648427963257,0,1,0,1.2767273,0.54,1.2767273,2.5534546,-0.0
17,15,33,1,28.032196044921875,0.8493686444831617,1,0,0,1.287271,0.53212124,1.244329,2.5534546,-0.0
17,16,33,1,23.148643493652344,0.7014116735169382,1,0,0,1.336306,0.51757574,1.241176,2.5534546,-0.0
17,17,11,1,7.318292617797852,0.6652993288907137,1,0,0,1.4069482,0.49818182,1.1543319,2.5534546,-0.0
17,18,20,2,13.784225463867188,0.6891062140464783,0,1,0,1.2767274,0.54,1.2767273,2.5534546,-0.0
17,19,10,2,6.736442804336548,0.673434853553772,0,1,0,1.2767273,0.54,1.2767273,2.5534546,-0.0
17,20,10,2,6.968785047531128,0.6966196060180664,0,1,0,1.2767273,0.54,1.2767273,2.5534546,-0.0
17,21,59,1,41.335453033447266,0.7003966953794835,1,0,0,1.2947906,0.5342373,1.2733145,2.5534546,-0.0
17,22,25,1,18.29295539855957,0.7316578960418701,1,0,0,1.2256583,0.5584,1.2757056,2.5534546,-0.0
17,23,9,1,7.106870412826538,0.7894132137298584,1,0,0,1.373458,0.4888889,1.1258832,2.5534546,-0.0
17,24,23,1,19.579546213150024,0.8511730484340502,1,0,0,1.2874708,0.5304348,1.2308961,2.5534546,-0.0
17,25,25,1,20.960464477539062,0.8383781242370606,1,0,0,1.2637295,0.5392,1.2465459,2.5534546,-0.0
17,26,20,2,16.785840272903442,0.8391914248466492,0,1,0,1.2767274,0.54,1.2767273,2.5534546,-0.0
17,27,12,2,9.914271593093872,0.8259839415550232,0,1,0,1.2767273,0.54,1.2767274,2.5534546,-0.0
17,28,39,1,33.15990161895752,0.8501752278743646,1,0,0,1.2439908,0.5517949,1.2763075,2.5534546,-0.0
17,29,15,1,12.340585947036743,0.8226718743642171,1,0,0,1.1916121,0.5706666,1.2738869,2.5534546,-0.0
17,30,12,2,9.831592321395874,0.8190889557202657,0,1,0,1.2767273,0.54,1.2767274,2.5534546,-0.0
17,31,25,1,22.04489755630493,0.8814541721343994,1,0,0,1.2087815,0.5696,1.2262197,2.5534546,-0.0
17,32,39,1,30.41883683204651,0.7798990591978415,1,0,0,1.2648817,0.54564106,1.2623664,2.5534546,-0.0
17,33,10,2,7.644308090209961,0.7644308090209961,0,1,0,1.2767273,0.54,1.2767273,2.5534546,-0.0
17,34,29,1,24.013689041137695,0.827880020799308,1,0,0,1.2516876,0.5503448,1.2614993,2.5534546,-0.0
17,35,14,2,11.335859060287476,0.8096613202776227,0,1,0,1.2767273,0.54,1.2767274,2.5534546,-0.0
17,36,13,1,9.810159921646118,0.7545119615701529,1,0,0,1.3582889,0.51692307,0.995567,2.5534546,-0.0
17,37,27,1,24.682778358459473,0.9140047850432219,1,0,0,1.239766,0.55407405,1.2669573,2.5534546,-0.0
17,38,19,1,17.66810631752014,0.9297342676865427,1,0,0,1.2385087,0.5557895,1.2532092,2.5534546,-0.0
17,39,45,1,41.786470890045166,0.9284304406907823,1,0,0,1.2483556,0.5502222,1.2764121,2.5534546,-0.0
17,40,10,2,8.744100332260132,0.8744100332260132,0,1,0,1.2767273,0.54,1.2767273,2.5534546,-0.0
17,41,49,1,45.893718957901,0.9364469635243319,1,0,0,1.2725183,0.54285717,1.2639687,2.5534546,-0.0
17,42,10,2,8.709667444229126,0.8706501960754395,0,1,0,1.2767273,0.54,1.2767273,2.5534546,-0.0
17,43,35,1,32.719645738601685,0.9346239362444196,1,0,0,1.2833093,0.5325715,1.2460736,2.5534546,-0.0
17,44,10,2,7.992722034454346,0.7991699695587158,0,1,0,1.2767273,0.54,1.2767273,2.5534546,-0.0
17,45,46,2,38.08092975616455,0.8277288467987723,0,1,0,1.2887074,0.5347826,1.2672414,2.5534546,-0.0
17,46,37,1,31.2796733379364,0.8452451809032543,1,0,0,1.2422212,0.5524324,1.276261,2.5534546,-0.0
17,47,25,1,20.827699184417725,0.8329773902893066,1,0,0,1.2582481,0.5488,1.2542038,2.5534546,-0.0
17,48,34,2,31.340736389160156,0.9216647358501658,0,1,0,1.2767273,0.54,1.2767273,2.5534546,-0.0
17,49,10,2,8.845484018325806,0.8844972372055053,0,1,0,1.2767273,0.54,1.2767273,2.5534546,-0.0
17,50,19,1,16.823408365249634,0.8853630894108823,1,0,0,1.2270874,0.551579,1.1654122,2.5534546,-0.0
17,51,45,1,42.16704487800598,0.9368771288130019,1,0,0,1.2545505,0.54844445,1.2710032,2.5534546,-0.0
17,52,10,2,8.868403673171997,0.8865829944610596,0,1,0,1.2767273,0.54,1.2767273,2.5534546,-0.0
17,53,21,1,19.498560190200806,0.9283323628561837,1,0,0,1.2159308,0.5619048,1.2752789,2.5534546,-0.0
17,54,53,1,49.12631797790527,0.9268097517625341,1,0,0,1.2647333,0.54490566,1.2654902,2.5534546,-0.0
17,55,10,2,8.948242664337158,0.8948242664337158,0,1,0,1.2767273,0.54,1.2767273,2.5534546,-0.0
17,56,17,1,15.548604726791382,0.9144767172196332,1,0,0,1.2016257,0.56705886,1.2745166,2.5534546,-0.0
17,57,46,2,42.818755865097046,0.9307926219442616,0,1,0,1.2767273,0.54,1.2767276,2.5534546,-0.0
17,58,18,2,16.53906774520874,0.9187823534011841,0,1,0,1.2767273,0.54,1.2767273,2.5534546,-0.0
17,59,10,2,8.981941223144531,0.8980432510375976,0,1,0,1.2767273,0.54,1.2767273,2.5534546,-0.0
17,60,10,2,8.133750200271606,0.8131232738494873,0,1,0,1.2767273,0.54,1.2767273,2.5534546,-0.0
17,61,29,1,24.308300256729126,0.837992446175937,1,0,0,1.2327024,0.555862,1.275968,2.5534546,-0.0
17,62,15,1,12.252201795578003,0.8167468388875325,1,0,0,1.2550641,0.53866667,1.2259358,2.5534546,-0.0
17,63,61,1,51.804848432540894,0.8490898140141221,1,0,0,1.2848673,0.5390164,1.2662343,2.5534546,-0.0
17,64,15,1,13.863560914993286,0.9240678310394287,1,0,0,1.2497269,0.5466667,1.2286296,2.5534546,-0.0
17,65,25,1,23.213032960891724,0.9284200763702393,1,0,0,1.2645029,0.536,1.2461852,2.5534546,-0.0
17,66,14,2,12.65497088432312,0.9038100753511701,0,1,0,1.2767273,0.54,1.2767274,2.5534546,-0.0
17,67,49,1,46.62383008003235,0.9513597293775908,1,0,0,1.2653352,0.54530615,1.2646036,2.5534546,-0.0
17,68,17,1,16.160943508148193,0.9506123767179602,1,0,0,1.2645954,0.54823536,1.2395577,2.5534546,-0.0
17,69,65,1,60.05464267730713,0.9237235692831186,1,0,0,1.2843665,0.5390769,1.266884,2.5534546,-0.0
17,70,41,1,32.34710168838501,0.7888593266649944,1,0,0,1.2777044,0.54146343,1.2610766,2.5534546,-0.0
17,71,10,2,6.490363597869873,0.6488856077194214,0,1,0,1.2767273,0.54,1.2767273,2.5534546,-0.0
17,72,55,1,51.3453631401062,0.9334276762875644,1,0,0,1.3632395,0.5018182,1.2428197,2.5534546,-0.0
17,73,15,1,13.615483045578003,0.9075655778249104,1,0,0,1.1916121,0.5706666,1.2738869,2.5534546,-0.0
17,74,10,2,8.632518291473389,0.8632518291473389,0,1,0,1.2767273,0.54,1.2767273,2.5534546,-0.0
17,75,14,2,11.885460376739502,0.8487076248441424,0,1,0,1.2767273,0.54,1.2767274,2.5534546,-0.0
17,76,10,2,8.777090549468994,0.8776583671569824,0,1,0,1.2767273,0.54,1.2767273,2.5534546,-0.0
17,77,12,2,11.022291898727417,0.9185243248939514,0,1,0,1.2767273,0.54,1.2767274,2.5534546,-0.0
17,78,10,2,8.864910125732422,0.8863909244537354,0,1,0,1.2767273,0.54,1.2767273,2.5534546,-0.0
17,79,28,2,26.120985746383667,0.9327302575111389,0,1,0,1.2767274,0.54,1.2767272,2.5534546,-0.0
17,80,19,1,17.8686625957489,0.9404025956204063,1,0,0,1.2658725,0.54736847,1.2435281,2.5534546,-0.0
17,81,31,1,29.03228783607483,0.936412065259872,1,0,0,1.2355427,0.5548387,1.276063,2.5534546,-0.0
17,82,19,1,17.392731428146362,0.9151746222847387,1,0,0,1.2385087,0.5557895,1.2532092,2.5534546,-0.0
17,83,19,1,17.254369020462036,0.9081246852874756,1,0,0,1.2385087,0.5557895,1.2532092,2.5534546,-0.0
17,84,51,1,43.626333236694336,0.8552971587461584,1,0,0,1.2571595,0.54745096,1.2716981,2.5534546,-0.0
17,85,23,1,18.40768814086914,0.8002461246822191,1,0,0,1.2784691,0.54260874,1.2486906,2.5534546,-0.0
17,86,10,2,7.726239204406738,0.77242112159729,0,1,0,1.2767273,0.54,1.2767273,2.5534546,-0.0
17,87,20,2,14.19074559211731,0.7093749046325684,0,1,0,1.2767274,0.54,1.2767273,2.5534546,-0.0
17,88,45,1,42.821692943573,0.9513917711046007,1,0,0,1.2605907,0.5466667,1.2669913,2.5534546,-0.0
17,89,41,1,36.229217290878296,0.8835290059810732,1,0,0,1.2901621,0.5317073,1.2502797,2.5534546,-0.0
17,90,51,1,34.03816080093384,0.667342228047988,1,0,0,1.269451,0.5411765,1.2624838,2.5534546,-0.0
17,91,10,2,6.018218517303467,0.6017218828201294,0,1,0,1.2767273,0.54,1.2767273,2.5534546,-0.0
17,92,45,1,40.00340938568115,0.8888166003757053,1,0,0,1.2776176,0.5413333,1.2624756,2.5534546,-0.0
17,93,14,2,9.664899349212646,0.6902422223772321,0,1,0,1.2767273,0.54,1.2767274,2.5534546,-0.0
17,94,66,2,40.31317734718323,0.6106759960001166,0,1,0,1.2760512,0.5418182,1.2764792,2.7198098,-0.0
17,95,55,1,31.866705894470215,0.5792900258844549,1,0,0,1.2836802,0.53818184,1.2573035,2.5534546,-0.0
17,96,12,2,8.697606086730957,0.7245059410730997,0,1,0,1.2767273,0.54,1.2767274,2.5534546,-0.0
17,97,27,1,21.140883207321167,0.7827503063060619,1,0,0,1.239766,0.55407405,1.2669573,2.5534546,-0.0
17,98,25,1,15.925479412078857,0.6367521953582763,1,0,0,1.236809,0.5552,1.2661258,2.5534546,-0.0
17,99,14,2,8.256775140762329,0.5896600825445992,0,1,0,1.2767273,0.54,1.2767274,2.5534546,-0.0
18,0,10,2,9.170567035675049,0.9168573141098022,0,1,0,1.2767273,0.54,1.2767273,2.5534546,-0.0
18,1,23,1,20.488123178482056,0.8906510809193486,1,0,0,1.2824218,0.5373913,1.232017,2.5534546,-0.0
18,2,10,2,7.676282644271851,0.7674668788909912,0,1,0,1.2767273,0.54,1.2767273,2.5534546,-0.0
18,3,10,2,7.817525625228882,0.7816510677337647,0,1,0,1.2767273,0.54,1.2767273,2.5534546,-0.0
18,4,15,1,13.94097638130188,0.9292315006256103,1,0,0,1.2580258,0.54933333,1.224579,2.5534546,-0.0
18,5,29,1,25.08002996444702,0.8647036141362684,1,0,0,1.242315,0.5531034,1.2676681,2.5534546,-0.0
18,6,16,2,12.499035596847534,0.7810017466545105,0,1,0,1.2767273,0.54,1.2767273,2.5534546,-0.0
18,7,13,1,10.577804327011108,0.8136772559239314,1,0,0,1.1999613,0.5692308,1.2551341,2.5534546,-0.0
18,8,13,1,11.935794353485107,0.9180203951322116,1,0,0,1.1785175,0.5753846,1.2729443,2.5534546,-0.0
18,9,37,1,31.342589139938354,0.8469588949873641,1,0,0,1.2521381,0.5491892,1.2679685,2.5534546,-0.0
18,10,16,2,12.39582109451294,0.7747038751840591,0,1,0,1.2767273,0.54,1.2767273,2.5534546,-0.0
18,11,10,2,7.186971426010132,0.7183944463729859,0,1,0,1.2767273,0.54,1.2767273,2.5534546,-0.0
18,12,14,2,12.863423585891724,0.9185992309025356,0,1,0,1.2767273,0.54,1.2767274,2.5534546,-0.0
18,13,53,1,44.27383637428284,0.8352397207943898,1,0,0,1.2750138,0.5381132,1.2594295,2.5534546,-0.0
18,14,49,1,40.491450786590576,0.8261274902188048,1,0,0,1.2708807,0.54285717,1.2603679,2.5534546,-0.0
18,15,16,2,13.210074186325073,0.8255671262741089,0,1,0,1.2767273,0.54,1.2767273,2.5534546,-0.0
18,16,23,1,20.822261571884155,0.9051850878674051,1,0,0,1.2028731,0.57217395,1.2215503,2.5534546,-0.0
18,17,10,2,8.321136951446533,0.8319137811660766,0,1,0,1.2767273,0.54,1.2767273,2.5534546,-0.0
18,18,16,2,12.540274858474731,0.7836655825376511,0,1,0,1.2767273,0.54,1.2767273,2.5534546,-0.0
18,19,23,1,18.87558913230896,0.8205674420232358,1,0,0,1.2451555,0.5530435,1.2574143,2.5534546,-0.0
18,20,19,1,17.113431215286255,0.9004658899809185,1,0,0,1.1916656,0.57263166,1.191647,2.5534546,-0.0
18,21,37,1,30.791795015335083,0.8319373517423063,1,0,0,1.2422212,0.5524324,1.276261,2.5534546,-0.0
18,22,21,1,16.807475566864014,0.8001865432375953,1,0,0,1.2292055,0.5580953,1.2639534,2.5534546,-0.0
18,23,39,1,33.02194666862488,0.846611249141204,1,0,0,1.2581081,0.5476923,1.2654686,2.5534546,-0.0
18,24,37,1,33.41004514694214,0.9028094588099299,1,0,0,1.2422212,0.5524324,1.276261,2.5534546,-0.0
18,25,10,2,7.641570329666138,0.7641570329666137,0,1,0,1.2767273,0.54,1.2767273,2.5534546,-0.0
18,26,53,1,42.87906098365784,0.8089128845142868,1,0,0,1.3045069,0.525283,1.2392062,2.5534546,-0.0
18,27,41,1,34.89214777946472,0.8509382096732535,1,0,0,1.2757462,0.5365854,1.2537512,2.5534546,-0.0
18,28,29,1,26.952665090560913,0.9293330620075094,1,0,0,1.2516876,0.5503448,1.2614993,2.5534546,-0.0
18,29,10,2,7.685136079788208,0.7684130430221557,0,1,0,1.2767273,0.54,1.2767273,2.5534546,-0.0
18,30,10,2,7.3139612674713135,0.7313453912734985,0,1,0,1.2767273,0.54,1.2767273,2.5534546,-0.0
18,31,14,2,10.392264127731323,0.7420517376491002,0,1,0,1.2767273,0.54,1.2767274,2.5534546,-0.0
18,32,10,2,7.597576856613159,0.7596011638641358,0,1,0,1.2767273,0.54,1.2767273,2.5534546,-0.0
18,33,12,2,9.370652437210083,0.780804455280304,0,1,0,1.2767273,0.54,1.2767274,2.5534546,-0.0
18,34,10,2,7.477761507034302,0.7477761507034302,0,1,0,1.2767273,0.54,1.2767273,2.5534546,-0.0
18,35,19,1,15.595381736755371,0.8206753730773926,1,0,0,1.2596248,0.5389474,1.2368336,2.5534546,-0.0
18,36,16,2,12.814320087432861,0.8007819205522537,0,1,0,1.2767273,0.54,1.2767273,2.5534546,-0.0
18,37,41,1,34.467761278152466,0.8405892209308904,1,0,0,1.2455876,0.5512195,1.2763475,2.5534546,-0.0
18,38,29,1,24.19050121307373,0.8338926085110369,1,0,0,1.2659678,0.537931,1.2505515,2.5534546,-0.0
18,39,10,2,7.81363844871521,0.7812120199203492,0,1,0,1.2767273,0.54,1.2767273,2.5534546,-0.0
18,40,29,1,24.02909207344055,0.8284081343946785,1,0,0,1.242315,0.5531034,1.2676681,2.5534546,-0.0
18,41,53,1,44.76373553276062,0.8443484711197188,1,0,0,1.2860961,0.53886795,1.2646383,2.5534546,-0.0
18,42,53,1,51.79341435432434,0.9771572194009457,1,0,0,1.3201659,0.5215094,1.2445178,2.941617,-0.0
18,43,10,2,8.107577800750732,0.8107051372528076,0,1,0,1.2767273,0.54,1.2767273,2.5534546,-0.0
18,44,65,1,53.93635964393616,0.8295332395113432,1,0,0,1.3154093,0.5249231,1.2475615,2.941617,-0.0
18,45,20,2,16.213900089263916,0.8106950044631958,0,1,0,1.2767274,0.54,1.2767273,2.5534546,-0.0
18,46,10,2,9.72101879119873,0.9718816757202149,0,1,0,1.2767273,0.54,1.2767273,2.5534546,-0.0
18,47,16,2,18.08052396774292,1.129812553524971,0,1,0,1.2767273,0.54,1.2767273,2.5534546,-0.0
18,48,10,2,7.829867362976074,0.7828871965408325,0,1,0,1.2767273,0.54,1.2767273,2.5534546,-0.0
18,49,37,1,31.41209077835083,0.8488767147064209,1,0,0,1.2841778,0.53945947,1.2601492,2.5534546,-0.0
18,50,15,1,12.256993293762207,0.8169986724853515,1,0,0,1.2580258,0.54933333,1.224579,2.5534546,-0.0
18,51,10,2,7.696497678756714,0.7696497678756714,0,1,0,1.2767273,0.54,1.2767273,2.5534546,-0.0
18,52,10,2,7.797386407852173,0.7795381069183349,0,1,0,1.2767273,0.54,1.2767273,2.5534546,-0.0
18,53,21,1,17.652077198028564,0.8403591882614863,1,0,0,1.2501422,0.5504762,1.2469461,2.5534546,-0.0
18,54,51,1,50.21131372451782,0.9843071348526898,1,0,0,1.2652688,0.5396078,1.2667423,2.5534546,-0.0
18,55,49,1,42.452338457107544,0.8662714666249801,1,0,0,1.2619078,0.54612243,1.2677966,2.5534546,-0.0
18,56,31,1,25.733073711395264,0.8300500223713536,1,0,0,1.2355427,0.5548387,1.276063,2.5534546,-0.0
18,57,10,2,7.60122013092041,0.7598617315292359,0,1,0,1.2767273,0.54,1.2767273,2.5534546,-0.0
18,58,11,1,10.898640871047974,0.9906947612762451,1,0,0,1.1606612,0.58181816,1.2714406,2.5534546,-0.0
18,59,10,2,10.839914798736572,1.083688235282898,0,1,0,1.2767273,0.54,1.2767273,2.5534546,-0.0
18,60,11,1,8.781986236572266,0.7982249910181219,1,0,0,1.1860038,0.57454544,1.250662,2.5534546,-0.0
18,61,10,2,7.957193374633789,0.7955185174942017,0,1,0,1.2767273,0.54,1.2767273,2.5534546,-0.0
18,62,57,1,55.59080505371094,0.9751625270174261,1,0,0,1.3007468,0.5333333,1.2613616,2.5534546,-0.0
18,63,10,2,7.757518529891968,0.7756518363952637,0,1,0,1.2767273,0.54,1.2767273,2.5534546,-0.0
18,64,27,1,25.380990266799927,0.9398320780860053,1,0,0,1.2963303,0.52592593,1.2299168,2.5534546,-0.0
18,65,12,2,13.204009056091309,1.1000606815020244,0,1,0,1.2767273,0.54,1.2767274,2.5534546,-0.0
18,66,12,2,10.602994203567505,0.8831917444864908,0,1,0,1.2767273,0.54,1.2767274,2.5534546,-0.0
18,67,45,1,38.2956600189209,0.850863848792182,1,0,0,1.2483556,0.5502222,1.2764121,2.5534546,-0.0
18,68,61,1,59.68341374397278,0.9782681308808874,1,0,0,1.2850262,0.52983606,1.2580824,2.5534546,-0.0
18,69,39,1,32.486844301223755,0.8327591419219971,1,0,0,1.2794768,0.53333336,1.2603667,2.5534546,-0.0
18,70,32,2,28.930485725402832,0.9039834290742874,0,1,0,1.2767273,0.54,1.2767273,2.5534546,-0.0
18,71,33,1,27.07995843887329,0.8205067750179407,1,0,0,1.2097843,0.5672728,1.2425897,2.5534546,-0.0
18,72,10,2,9.767194032669067,0.9765592336654663,0,1,0,1.2767273,0.54,1.2767273,2.5534546,-0.0
18,73,27,1,28.06121063232422,1.039160172144572,1,0,0,1.2498329,0.5511111,1.2603441,2.5534546,-0.0
18,74,35,1,29.95411515235901,0.8557310308728899,1,0,0,1.2559946,0.54628575,1.26415,2.5534546,-0.0
18,75,37,1,33.306493520736694,0.8999395370483398,1,0,0,1.2781675,0.5362162,1.2530808,2.5534546,-0.0
18,76,56,2,49.4260139465332,0.8825162180832454,0,1,0,1.2787077,0.54,1.2787477,2.6089065,-0.0
18,77,10,2,7.98692774772644,0.7985422849655152,0,1,0,1.2767273,0.54,1.2767273,2.5534546,-0.0
18,78,10,2,8.271076440811157,0.8268438100814819,0,1,0,1.2767273,0.54,1.2767273,2.5534546,-0.0
18,79,16,2,14.057237148284912,0.8783788830041885,0,1,0,1.2767273,0.54,1.2767273,2.5534546,-0.0
18,80,13,1,11.40000605583191,0.8766873433039739,1,0,0,1.1785175,0.5753846,1.2729443,2.5534546,-0.0
18,81,10,2,7.835807800292969,0.7834805965423584,0,1,0,1.2767273,0.54,1.2767273,2.5534546,-0.0
18,82,63,1,54.95442175865173,0.8721536606077164,1,0,0,1.3098588,0.5288889,1.2452995,2.5534546,-0.0
18,83,23,1,20.68936824798584,0.8994276730910592,1,0,0,1.3101231,0.52695656,1.2218839,2.5534546,-0.0
18,84,10,2,7.918077707290649,0.791548228263855,0,1,0,1.2767273,0.54,1.2767273,2.5534546,-0.0
18,85,55,1,48.69831895828247,0.8853782610459762,1,0,0,1.2683275,0.544,1.2665725,2.5534546,-0.0
18,86,53,1,41.01909685134888,0.7738236031442318,1,0,0,1.2774831,0.5411321,1.2646371,2.5534546,-0.0
18,87,16,2,9.491100072860718,0.5929353982210159,0,1,0,1.2767273,0.54,1.2767273,2.5534546,-0.0
18,88,10,2,8.49476146697998,0.8494761466979981,0,1,0,1.2767273,0.54,1.2767273,2.5534546,-0.0
18,89,10,2,7.888201713562012,0.7888201713562012,0,1,0,1.2767273,0.54,1.2767273,2.5534546,-0.0
18,90,14,2,11.920794248580933,0.8513775382723127,0,1,0,1.2767273,0.54,1.2767274,2.5534546,-0.0
18,91,23,1,20.65614652633667,0.897962300673775,1,0,0,1.2625992,0.53913045,1.2438805,2.5534546,-0.0
18,92,25,1,21.69325566291809,0.8675956058502198,1,0,0,1.2256583,0.5584,1.2757056,2.5534546,-0.0
18,93,19,1,16.784891605377197,0.8833281115481728,1,0,0,1.2242032,0.56,1.2624974,2.5534546,-0.0
18,94,10,2,8.523272514343262,0.8522272348403931,0,1,0,1.2767273,0.54,1.2767273,2.5534546,-0.0
18,95,10,2,7.969330310821533,0.7969330310821533,0,1,0,1.2767273,0.54,1.2767273,2.5534546,-0.0
18,96,25,1,22.289788007736206,0.891490125656128,1,0,0,1.236809,0.5552,1.2661258,2.5534546,-0.0
18,97,46,2,38.65653467178345,0.8401866995769999,0,1,0,1.2767273,0.54,1.2767276,2.5534546,-0.0
18,98,9,1,6.60741925239563,0.7338709301418729,1,0,0,1.1960435,0.5733334,1.2251518,2.5534546,-0.0
18,99,37,1,24.595771551132202,0.66458620251836,1,0,0,1.2422212,0.5524324,1.276261,2.5534546,-0.0
19,0,27,1,26.950051307678223,0.9979604350195991,1,0,0,1.2294412,0.55703706,1.2758514,2.5534546,-0.0
19,1,12,2,11.37054705619812,0.94754558801651,0,1,0,1.2767273,0.54,1.2767274,2.5534546,-0.0
19,2,23,1,21.89217257499695,0.9517895242442256,1,0,0,1.2212175,0.56,1.27552,2.5534546,-0.0
19,3,42,2,39.57634091377258,0.9420956316448393,0,1,0,1.2927514,0.5304762,1.26477,2.5534546,-0.0
19,4,18,2,17.865636110305786,0.9925020800696479,0,1,0,1.2767273,0.54,1.2767273,2.5534546,-0.0
19,5,23,1,22.069063186645508,0.9593893134075663,1,0,0,1.2634399,0.53565216,1.2434883,2.5534546,-0.0
19,6,12,2,10.994734048843384,0.9161447485287985,0,1,0,1.2767273,0.54,1.2767274,2.5534546,-0.0
19,7,10,2,8.88182783126831,0.887869119644165,0,1,0,1.2767273,0.54,1.2767273,2.5534546,-0.0
19,8,55,1,53.86845684051514,0.9792840827595104,1,0,0,1.255254,0.5498182,1.2613938,2.5534546,-0.0
19,9,10,2,8.889483451843262,0.8888465642929078,0,1,0,1.2767273,0.54,1.2767273,2.5534546,-0.0
19,10,12,2,10.749557971954346,0.8956702550252279,0,1,0,1.2767273,0.54,1.2767274,2.5534546,-0.0
19,11,10,2,8.793857336044312,0.8792857885360718,0,1,0,1.2767273,0.54,1.2767273,2.5534546,-0.0
19,12,16,2,14.880727291107178,0.9299717247486115,0,1,0,1.2767273,0.54,1.2767273,2.5534546,-0.0
19,13,14,2,12.591318368911743,0.8991176060267857,0,1,0,1.2767273,0.54,1.2767274,2.5534546,-0.0
19,14,10,2,8.91773509979248,0.8916715145111084,0,1,0,1.2767273,0.54,1.2767273,2.5534546,-0.0
19,15,23,1,20.20775270462036,0.8785544271054475,1,0,0,1.2333379,0.5565218,1.2651403,2.5534546,-0.0
19,16,23,1,21.515244483947754,0.9352011162301769,1,0,0,1.2212175,0.56,1.27552,2.5534546,-0.0
19,17,12,2,10.596553564071655,0.8830461303393046,0,1,0,1.2767273,0.54,1.2767274,2.5534546,-0.0
19,18,18,2,16.047725677490234,0.8911904626422458,0,1,0,1.2767273,0.54,1.2767273,2.5534546,-0.0
19,19,25,1,21.993360996246338,0.8795625019073486,1,0,0,1.2476811,0.552,1.2589995,2.5534546,-0.0
19,20,19,1,19.16148066520691,1.008339053706119,1,0,0,1.3006945,0.53052634,1.2148687,2.5534546,-0.0
19,21,29,1,28.25362467765808,0.9741012967866043,1,0,0,1.2327024,0.555862,1.275968,2.5534546,-0.0
19,22,10,2,8.904052257537842,0.8902535200119018,0,1,0,1.2767273,0.54,1.2767273,2.5534546,-0.0
19,23,10,2,8.912301301956177,0.8912301301956177,0,1,0,1.2767273,0.54,1.2767273,2.5534546,-0.0
19,24,10,2,9.413949489593506,0.941034483909607,0,1,0,1.2767273,0.54,1.2767273,2.5534546,-0.0
19,25,10,2,8.703633308410645,0.8703633308410644,0,1,0,1.2767273,0.54,1.2767273,2.5534546,-0.0
19,26,55,1,49.37959575653076,0.8976700696078214,1,0,0,1.2585825,0.5469091,1.2720748,2.5534546,-0.0
19,27,19,1,16.215080499649048,0.8531758910731265,1,0,0,1.2739304,0.5347369,1.2269384,2.5534546,-0.0
19,28,30,2,29.992862701416016,0.9995718399683634,0,1,0,1.2767274,0.54,1.2767272,2.5534546,-0.0
19,29,10,2,9.106637477874756,0.9105623006820679,0,1,0,1.2767273,0.54,1.2767273,2.5534546,-0.0
19,30,61,1,57.854593992233276,0.9483032695582656,1,0,0,1.288161,0.53639346,1.2531203,2.5534546,-0.0
19,31,10,2,8.848445653915405,0.8846328258514404,0,1,0,1.2767273,0.54,1.2767273,2.5534546,-0.0
19,32,15,1,12.804200172424316,0.8535794417063395,1,0,0,1.1916121,0.5706666,1.2738869,2.5534546,-0.0
19,33,11,1,9.533274412155151,0.866521878675981,1,0,0,1.257978,0.5527273,1.2187549,2.5534546,-0.0
19,34,53,1,44.76022696495056,0.8444304691170746,1,0,0,1.2903569,0.5373585,1.2573789,2.5534546,-0.0
19,35,21,1,17.982771158218384,0.8561320986066546,1,0,0,1.2421486,0.5542857,1.2555181,2.5534546,-0.0
19,36,29,1,27.459529161453247,0.9466990109147697,1,0,0,1.2689521,0.537931,1.2551962,2.5534546,-0.0
19,37,23,1,21.260461568832397,0.9242286682128906,1,0,0,1.2333379,0.5565218,1.2651403,2.5534546,-0.0
19,38,49,1,45.355958461761475,0.9255884666832126,1,0,0,1.2442245,0.55102044,1.2413223,2.5534546,-0.0
19,39,33,1,30.147648811340332,0.9133781447555079,1,0,0,1.355609,0.5030303,1.1876278,2.5534546,-0.0
19,40,20,2,18.684710025787354,0.9341848134994507,0,1,0,1.2767274,0.54,1.2767273,2.5534546,-0.0
19,41,21,1,19.63939595222473,0.9350176084609259,1,0,0,1.2159308,0.5619048,1.2752789,2.5534546,-0.0
19,42,31,1,29.219265937805176,0.9424889779859974,1,0,0,1.2700744,0.54451615,1.2564946,2.5534546,-0.0
19,43,19,1,17.657479763031006,0.9292789760388827,1,0,0,1.2578205,0.5494737,1.2366935,2.5534546,-0.0
19,44,49,1,42.80422568321228,0.8734077190866276,1,0,0,1.2563608,0.5477551,1.271486,2.5534546,-0.0
19,45,20,2,16.81417179107666,0.8405962586402893,0,1,0,1.2767274,0.54,1.2767273,2.5534546,-0.0
19,46,32,2,27.433674335479736,0.8572060987353325,0,1,0,1.2767273,0.54,1.2767273,2.5534546,-0.0
19,47,10,2,7.747193813323975,0.7743045091629028,0,1,0,1.2767273,0.54,1.2767273,2.5534546,-0.0
19,48,13,1,11.963155269622803,0.9201657405266395,1,0,0,1.2241293,0.5538461,1.2400985,2.5534546,-0.0
19,49,10,2,8.590161561965942,0.858742094039917,0,1,0,1.2767273,0.54,1.2767273,2.5534546,-0.0
19,50,10,2,8.841984033584595,0.883997130393982,0,1,0,1.2767273,0.54,1.2767273,2.5534546,-0.0
19,51,10,2,8.678921699523926,0.8676771402359009,0,1,0,1.2767273,0.54,1.2767273,2.5534546,-0.0
19,52,10,2,8.092536449432373,0.8092536449432373,0,1,0,1.2767273,0.54,1.2767273,2.5534546,-0.0
19,53,31,1,26.99156403541565,0.8705939938945155,1,0,0,1.2445352,0.5522581,1.2682825,2.5534546,-0.0
19,54,11,1,8.856383800506592,0.8051258000460538,1,0,0,1.1860038,0.57454544,1.250662,2.5534546,-0.0
19,55,9,1,7.272177696228027,0.8077886899312338,1,0,0,1.1960435,0.5733334,1.2251518,2.5534546,-0.0
19,56,34,2,31.540086030960083,0.9275008369894588,0,1,0,1.2767273,0.54,1.2767273,2.5534546,-0.0
19,57,46,2,43.19475173950195,0.9389231982438461,0,1,0,1.2767273,0.54,1.2767276,2.5534546,-0.0
19,58,10,2,8.814793348312378,0.8813779592514038,0,1,0,1.2767273,0.54,1.2767273,2.5534546,-0.0
19,59,55,1,50.931116342544556,0.9259172916412354,1,0,0,1.2965362,0.5338182,1.256576,2.5534546,-0.0
19,60,57,1,52.96246910095215,0.9289750007160923,1,0,0,1.2788398,0.54175436,1.2614895,2.5534546,-0.0
19,61,15,1,13.70641803741455,0.9136186917622884,1,0,0,1.1916121,0.5706666,1.2738869,2.5534546,-0.0
19,62,27,1,25.2083637714386,0.9335660139719645,1,0,0,1.2498329,0.5511111,1.2603441,2.5534546,-0.0
19,63,10,2,9.292016983032227,0.9292016983032226,0,1,0,1.2767273,0.54,1.2767273,2.5534546,-0.0
19,64,10,2,8.65751314163208,0.865382170677185,0,1,0,1.2767273,0.54,1.2767273,2.5534546,-0.0
19,65,30,2,27.996129989624023,0.9330663124720255,0,1,0,1.2767274,0.54,1.2767272,2.5534546,-0.0
19,66,10,2,8.735126495361328,0.8734601259231567,0,1,0,1.2767273,0.54,1.2767273,2.5534546,-0.0
19,67,19,1,17.633491039276123,0.9279705976185045,1,0,0,1.2242032,0.56,1.2624974,2.5534546,-0.0
19,68,21,1,18.45117163658142,0.8785793781280518,1,0,0,1.2621744,0.5352381,1.2402686,2.5534546,-0.0
19,69,11,1,9.080188512802124,0.8254243894056841,1,0,0,1.3359184,0.50181824,1.1743145,2.5534546,-0.0
19,70,15,1,12.931148767471313,0.8618063767751057,1,0,0,1.2101967,0.5653333,1.2583054,2.5534546,-0.0
19,71,10,2,8.445420503616333,0.8444420099258423,0,1,0,1.2767273,0.54,1.2767273,2.5534546,-0.0
19,72,10,2,8.128392934799194,0.8127394676208496,0,1,0,1.2767273,0.54,1.2767273,2.5534546,-0.0
19,73,21,1,18.556698322296143,0.8835272902534121,1,0,0,1.2669063,0.5466667,1.2467321,2.5534546,-0.0
19,74,33,1,28.728380918502808,0.8703729094881,1,0,0,1.275703,0.5345454,1.2480261,2.5534546,-0.0
19,75,59,1,47.01742887496948,0.7967753652798928,1,0,0,1.2533976,0.5498305,1.2668022,2.5534546,-0.0
19,76,10,2,8.918521165847778,0.8916516780853272,0,1,0,1.2767273,0.54,1.2767273,2.5534546,-0.0
19,77,12,2,10.676526546478271,0.8896225690841675,0,1,0,1.2767273,0.54,1.2767274,2.5534546,-0.0
19,78,10,2,8.764450788497925,0.8760519742965698,0,1,0,1.2767273,0.54,1.2767273,2.5534546,-0.0
19,79,46,2,43.627458810806274,0.9482888501623402,0,1,0,1.2767273,0.54,1.2767276,2.5534546,-0.0
19,80,29,1,25.11478853225708,0.8659379071202772,1,0,0,1.2327024,0.555862,1.275968,2.5534546,-0.0
19,81,15,1,12.889343738555908,0.8592228889465332,1,0,0,1.1916121,0.5706666,1.2738869,2.5534546,-0.0
19,82,21,1,18.484001636505127,0.880059594199771,1,0,0,1.2612537,0.53904766,1.2406985,2.5534546,-0.0
19,83,9,1,6.927879810333252,0.7695420847998725,1,0,0,1.2448957,0.5555556,1.1845803,2.5534546,-0.0
19,84,37,1,35.052685260772705,0.9471746522027094,1,0,0,1.2811838,0.5372973,1.2486333,2.5534546,-0.0
19,85,33,1,26.84825301170349,0.8135526686003713,1,0,0,1.2704775,0.54424244,1.2577312,2.5534546,-0.0
19,86,63,1,42.334402084350586,0.6718005831279452,1,0,0,1.2796956,0.54031754,1.2667696,2.5534546,-0.0
19,87,26,2,14.658387422561646,0.5635787156911997,0,1,0,1.2767274,0.54,1.2767272,2.5534546,-0.0
19,88,45,1,39.754700660705566,0.883263349533081,1,0,0,1.288968,0.5324445,1.2526591,2.5534546,-0.0
19,89,23,1,16.580804347991943,0.7207482794056768,1,0,0,1.2504789,0.54260874,1.2547189,2.5534546,-0.0
19,90,12,2,7.611290693283081,0.6341067949930826,0,1,0,1.2767273,0.54,1.2767274,2.5534546,-0.0
19,91,20,2,13.364430904388428,0.6679172158241272,0,1,0,1.2767274,0.54,1.2767273,2.5534546,-0.0
19,92,10,2,8.685665607452393,0.8685665607452393,0,1,0,1.2767273,0.54,1.2767273,2.5534546,-0.0
19,93,10,2,8.797686338424683,0.8795052528381347,0,1,0,1.2767273,0.54,1.2767273,2.5534546,-0.0
19,94,14,2,12.93359661102295,0.9237569400242397,0,1,0,1.2767273,0.54,1.2767274,2.5534546,-0.0
19,95,13,1,11.979580640792847,0.9213897815117469,1,0,0,1.306144,0.5323077,1.1921115,2.5534546,-0.0
19,96,29,1,25.892611026763916,0.8927622499137089,1,0,0,1.2516876,0.5503448,1.2614993,2.5534546,-0.0
19,97,12,2,8.638615846633911,0.7196581562360128,0,1,0,1.2767273,0.54,1.2767274,2.5534546,-0.0
19,98,10,2,7.085183143615723,0.7083039283752441,0,1,0,1.2767273,0.54,1.2767273,2.5534546,-0.0
19,99,53,1,36.92359137535095,0.6965483359570773,1,0,0,1.2860961,0.53886795,1.2646383,2.5534546,-0.0
20,0,10,2,9.338662385940552,0.9337013483047485,0,1,0,1.2767273,0.54,1.2767273,2.5534546,-0.0
20,1,20,2,18.22009587287903,0.9109290838241577,0,1,0,1.2767274,0.54,1.2767273,2.5534546,-0.0
20,2,39,1,34.43342137336731,0.8827904554513785,1,0,0,1.2511387,0.5497436,1.270086,2.5534546,-0.0
20,3,10,2,7.699398756027222,0.7698887586593628,0,1,0,1.2767273,0.54,1.2767273,2.5534546,-0.0
20,4,53,1,48.48260283470154,0.9146237643259876,1,0,0,1.2638259,0.54339623,1.2680428,2.5534546,-0.0
20,5,43,1,36.173460721969604,0.8411005097766255,1,0,0,1.2757919,0.5367442,1.2548292,2.5534546,-0.0
20,6,61,1,51.03406858444214,0.8365165522841157,1,0,0,1.2866855,0.5390164,1.2681327,2.6643581,-0.0
20,7,16,2,13.752235412597656,0.8593884110450745,0,1,0,1.2767273,0.54,1.2767273,2.5534546,-0.0
20,8,57,1,51.7692756652832,0.9081443736427709,1,0,0,1.2821655,0.5445614,1.2672291,2.664358,-0.0
20,9,11,1,9.52739667892456,0.8657609982924028,1,0,0,1.257978,0.5527273,1.2187549,2.5534546,-0.0
20,10,33,1,26.80641770362854,0.8122130524028431,1,0,0,1.2698864,0.5430304,1.2511746,2.5534546,-0.0
20,11,27,1,22.328906297683716,0.8269218692073116,1,0,0,1.239766,0.55407405,1.2669573,2.5534546,-0.0
20,12,27,1,24.995623111724854,0.925664813430221,1,0,0,1.2289567,0.5555556,1.216439,2.5534546,-0.0
20,13,10,2,8.577346324920654,0.8575219869613647,0,1,0,1.2767273,0.54,1.2767273,2.5534546,-0.0
20,14,41,1,35.3225314617157,0.8614522189628787,1,0,0,1.2455876,0.5512195,1.2763475,2.5534546,-0.0
20,15,63,1,51.23957085609436,0.813230696178618,1,0,0,1.2855268,0.5422222,1.2710627,2.8861651,-0.0
20,16,41,1,37.93438768386841,0.9251170681744088,1,0,0,1.2654595,0.54536587,1.2630733,2.5534546,-0.0
20,17,33,1,28.70952272415161,0.869954708850745,1,0,0,1.268046,0.5442424,1.2523491,2.5534546,-0.0
20,18,28,2,22.838114500045776,0.8155561430113656,0,1,0,1.2767274,0.54,1.2767272,2.5534546,-0.0
20,19,10,2,7.746687650680542,0.7746687650680542,0,1,0,1.2767273,0.54,1.2767273,2.5534546,-0.0
20,20,34,2,31.31397843360901,0.9207451904521269,0,1,0,1.2767273,0.54,1.2767273,2.5534546,-0.0
20,21,63,1,54.621031761169434,0.866879731889755,1,0,0,1.323238,0.5187301,1.2580227,2.6089063,-0.0
20,22,27,1,22.782799243927002,0.8436956229033293,1,0,0,1.2294412,0.55703706,1.2758514,2.5534546,-0.0
20,23,10,2,8.222501754760742,0.8220483779907226,0,1,0,1.2767273,0.54,1.2767273,2.5534546,-0.0
20,24,23,1,21.305305004119873,0.9262473375900931,1,0,0,1.2510406,0.5408696,1.254463,2.5534546,-0.0
20,25,47,1,41.579431772232056,0.8844522871869676,1,0,0,1.282986,0.5387234,1.2547343,2.5534546,-0.0
20,26,21,1,16.89000678062439,0.8041658287956601,1,0,0,1.2159308,0.5619048,1.2752789,2.5534546,-0.0
20,27,25,1,20.53918218612671,0.8213039302825927,1,0,0,1.2582481,0.5488,1.2542038,2.5534546,-0.0
20,28,35,1,32.873297929763794,0.9390699795314243,1,0,0,1.2914392,0.5302858,1.2431161,2.5534546,-0.0
20,29,18,2,15.979353904724121,0.8875456121232774,0,1,0,1.2767273,0.54,1.2767273,2.5534546,-0.0
20,30,57,1,46.931811809539795,0.8232121216623407,1,0,0,1.287941,0.5319298,1.2578104,2.5534546,-0.0
20,31,23,1,18.28796625137329,0.7950409909953242,1,0,0,1.1341357,0.5930435,1.2497021,2.5534546,-0.0
20,32,10,2,7.866403341293335,0.786539626121521,0,1,0,1.2767273,0.54,1.2767273,2.5534546,-0.0
20,33,53,1,43.856003761291504,0.8273378408180093,1,0,0,1.2806503,0.53962266,1.268262,2.8861651,-0.0
20,34,18,2,14.843844652175903,0.8246580362319946,0,1,0,1.2767273,0.54,1.2767273,2.5534546,-0.0
20,35,55,1,45.4780969619751,0.8266991485248912,1,0,0,1.3008819,0.5287273,1.2408487,2.6089063,-0.0
20,36,39,1,32.31282830238342,0.8283794720967611,1,0,0,1.2525605,0.5497436,1.2715734,2.6089065,-0.0
20,37,59,1,49.84330987930298,0.8446805194272833,1,0,0,1.3003447,0.5261017,1.2591594,2.7752616,-0.0
20,38,53,1,45.63268804550171,0.8607944902384056,1,0,0,1.2794139,0.5426415,1.2626755,2.6089063,-0.0
20,39,37,1,30.78968834877014,0.8319630365113955,1,0,0,1.3062965,0.5297297,1.2458255,2.6089063,-0.0
20,40,30,2,25.06968402862549,0.8356221834818522,0,1,0,1.2767274,0.54,1.2767272,2.5534546,-0.0
20,41,21,1,17.160292148590088,0.8169851416633243,1,0,0,1.2368675,0.5542857,1.2586454,2.5534546,-0.0
20,42,53,1,45.87750601768494,0.8654412728435589,1,0,0,1.3004217,0.53207546,1.2761782,2.6089065,-0.0
20,43,31,1,26.276153087615967,0.8474667533751457,1,0,0,1.2355427,0.5548387,1.276063,2.5534546,-0.0
20,44,55,1,45.56361413002014,0.8282344124533914,1,0,0,1.287851,0.53890914,1.2613931,2.5534546,-0.0
20,45,31,1,25.484405755996704,0.8220257374548143,1,0,0,1.2996098,0.5277419,1.2369013,2.5534546,-0.0
20,46,13,1,10.83070969581604,0.8330157169928918,1,0,0,1.1999613,0.5692308,1.2551341,2.5534546,-0.0
20,47,49,1,41.03511691093445,0.8373484027628996,1,0,0,1.2708275,0.5404082,1.2628033,2.6089065,-0.0
20,48,20,2,16.823941469192505,0.8411970734596252,0,1,0,1.2767274,0.54,1.2767273,2.5534546,-0.0
20,49,31,1,25.75347661972046,0.8305303742808681,1,0,0,1.2355427,0.5548387,1.276063,2.5534546,-0.0
20,50,44,2,36.88335299491882,0.8381654132496227,0,1,0,1.2805443,0.5390909,1.2731507,2.5534546,-0.0
20,51,44,2,36.76813578605652,0.8355426517399874,0,1,0,1.2767273,0.54,1.2767274,2.5534546,-0.0
20,52,10,2,7.929254770278931,0.7928245306015015,0,1,0,1.2767273,0.54,1.2767273,2.5534546,-0.0
20,53,19,1,15.968475818634033,0.8403059934314928,1,0,0,1.2385087,0.5557895,1.2532092,2.5534546,-0.0
20,54,35,1,29.273834228515625,0.836241272517613,1,0,0,1.2450479,0.552,1.2718421,2.5534546,-0.0
20,55,31,1,25.69200563430786,0.8285770416259766,1,0,0,1.2993846,0.52903223,1.2369717,2.5534546,-0.0
20,56,41,1,33.23336839675903,0.8104191756829983,1,0,0,1.2455876,0.5512195,1.2763475,2.5534546,-0.0
20,57,10,2,7.889272212982178,0.7886250495910645,0,1,0,1.2767273,0.54,1.2767273,2.5534546,-0.0
20,58,12,2,9.693128824234009,0.8074206511179606,0,1,0,1.2767273,0.54,1.2767274,2.5534546,-0.0
20,59,10,2,7.9271886348724365,0.7927188634872436,0,1,0,1.2767273,0.54,1.2767273,2.5534546,-0.0
20,60,10,2,7.615577697753906,0.7615577697753906,0,1,0,1.2767273,0.54,1.2767273,2.5534546,-0.0
20,61,16,2,13.23444390296936,0.8269590586423874,0,1,0,1.2767273,0.54,1.2767273,2.5534546,-0.0
20,62,43,1,36.27562379837036,0.8435368371564288,1,0,0,1.253519,0.54883724,1.270727,2.5534546,-0.0
20,63,10,2,8.063035726547241,0.8056833267211914,0,1,0,1.2767273,0.54,1.2767273,2.5534546,-0.0
20,64,10,2,7.799392461776733,0.7796394348144531,0,1,0,1.2767273,0.54,1.2767273,2.5534546,-0.0
20,65,10,2,7.701333522796631,0.7700762987136841,0,1,0,1.2767273,0.54,1.2767273,2.5534546,-0.0
20,66,31,1,25.446292638778687,0.8207837227852114,1,0,0,1.2355427,0.5548387,1.276063,2.5534546,-0.0
20,67,21,1,17.481444597244263,0.8321153322855631,1,0,0,1.2159308,0.5619048,1.2752789,2.5534546,-0.0
20,68,10,2,8.214320421218872,0.8213812112808228,0,1,0,1.2767273,0.54,1.2767273,2.5534546,-0.0
20,69,10,2,7.824588298797607,0.7822565078735352,0,1,0,1.2767273,0.54,1.2767273,2.5534546,-0.0
20,70,14,2,11.856528759002686,0.8467152288981846,0,1,0,1.2767273,0.54,1.2767274,2.5534546,-0.0
20,71,11,1,9.036233901977539,0.8214300112290815,1,0,0,1.1860038,0.57454544,1.250662,2.5534546,-0.0
20,72,23,1,19.56843590736389,0.8507134085116179,1,0,0,1.2838964,0.5356522,1.2312108,2.5534546,-0.0
20,73,10,2,7.978637933731079,0.7977628231048584,0,1,0,1.2767273,0.54,1.2767273,2.5534546,-0.0
20,74,10,2,8.009894132614136,0.8009383201599121,0,1,0,1.2767273,0.54,1.2767273,2.5534546,-0.0
20,75,21,1,17.651058435440063,0.8403552600315639,1,0,0,1.314424,0.52380955,1.2161821,2.5534546,-0.0
20,76,35,1,29.252087593078613,0.8356023515973773,1,0,0,1.2651558,0.54285717,1.2564105,2.5534546,-0.0
20,77,23,1,17.650132656097412,0.7673970720042353,1,0,0,1.2784691,0.54260874,1.2486906,2.5534546,-0.0
20,78,9,1,6.01081395149231,0.6676934030320909,1,0,0,1.1348687,0.5911111,1.2688218,2.5534546,-0.0
20,79,51,1,34.790751218795776,0.6820622425453335,1,0,0,1.2753012,0.53882354,1.2585964,2.5534546,-0.0
20,80,10,2,8.051878690719604,0.8049880504608155,0,1,0,1.2767273,0.54,1.2767273,2.5534546,-0.0
20,81,16,2,13.504515886306763,0.8440322428941727,0,1,0,1.2767273,0.54,1.2767273,2.5534546,-0.0
20,82,67,1,50.063111305236816,0.7470889127076562,1,0,0,1.3088946,0.5265672,1.2505349,2.6089065,-0.0
20,83,33,1,21.379255294799805,0.6477781425822865,1,0,0,1.2775028,0.5393939,1.2816978,2.8861651,-0.0
20,84,27,1,22.183003187179565,0.8213701248168945,1,0,0,1.1552603,0.58518517,1.2547654,2.5534546,-0.0
20,85,19,1,15.199980735778809,0.7997075883965743,1,0,0,1.2836206,0.53684217,1.2223926,2.5534546,-0.0
20,86,33,1,23.524181127548218,0.7127321055441191,1,0,0,1.2627279,0.5466667,1.2597258,2.5534546,-0.0
20,87,51,1,34.04297351837158,0.6673490486892999,1,0,0,1.2774545,0.5443137,1.276886,2.941617,-0.0
20,88,50,2,38.485766649246216,0.7696549129486084,0,1,0,1.3105954,0.524,1.2497958,2.5534546,-0.0
20,89,21,1,14.935278415679932,0.7109395095280239,1,0,0,1.2292055,0.5580953,1.2639534,2.5534546,-0.0
20,90,28,2,18.940727472305298,0.6762381025723049,0,1,0,1.2767274,0.54,1.2767272,2.5534546,-0.0
20,91,10,2,6.171568155288696,0.6170558452606201,0,1,0,1.2767273,0.54,1.2767273,2.5534546,-0.0
20,92,12,2,9.904711484909058,0.8253079851468405,0,1,0,1.2767273,0.54,1.2767274,2.5534546,-0.0
20,93,10,2,7.618169069290161,0.7616160154342652,0,1,0,1.2767273,0.54,1.2767273,2.5534546,-0.0
20,94,32,2,23.17047882080078,0.7238658666610718,0,1,0,1.2939487,0.5325,1.2630332,2.5534546,-0.0
20,95,10,2,7.129111051559448,0.7128111839294433,0,1,0,1.2767273,0.54,1.2767273,2.5534546,-0.0
20,96,20,2,16.232922077178955,0.8114092469215393,0,1,0,1.2767274,0.54,1.2767273,2.5534546,-0.0
20,97,23,1,16.51121687889099,0.7176596289095671,1,0,0,1.2790297,0.53217393,1.2384683,2.5534546,-0.0
20,98,25,1,16.82486915588379,0.6728940200805664,1,0,0,1.1926609,0.5664,1.2191837,2.5534546,-0.0
20,99,10,2,6.2123167514801025,0.6210301637649536,0,1,0,1.2767273,0.54,1.2767273,2.5534546,-0.0
21,0,13,1,11.339700937271118,0.872168779373169,1,0,0,1.5892913,0.51076925,1.5309486,3.2188754,-0.0
21,1,10,2,7.956498861312866,0.7953404903411865,0,1,0,1.6094377,0.52,1.6094377,3.2188754,-0.0
21,2,22,2,18.01842474937439,0.8187451254237782,0,1,0,1.6094378,0.52,1.6094377,3.2188754,-0.0
21,3,10,2,7.768710374832153,0.7768710374832153,0,1,0,1.6094377,0.52,1.6094377,3.2188754,-0.0
21,4,16,2,14.305505514144897,0.893994465470314,0,1,0,1.6094377,0.52,1.6094377,3.2188754,-0.0
21,5,16,2,12.85990309715271,0.8035536110401154,0,1,0,1.6094377,0.52,1.6094377,3.2188754,-0.0
21,6,10,2,7.742212295532227,0.7740701913833619,0,1,0,1.6094377,0.52,1.6094377,3.2188754,-0.0
21,7,27,1,22.427377939224243,0.8304469585418701,1,0,0,1.6646765,0.49925923,1.5660944,3.2188754,-0.0
21,8,10,2,7.807580232620239,0.7806050777435303,0,1,0,1.6094377,0.52,1.6094377,3.2188754,-0.0
21,9,22,2,16.32485318183899,0.7418250170621005,0,1,0,1.6094378,0.52,1.6094377,3.2188754,-0.0
21,10,10,2,6.980776071548462,0.6978209257125855,0,1,0,1.6094377,0.52,1.6094377,3.2188754,-0.0
21,11,10,2,7.444260597229004,0.744326138496399,0,1,0,1.6094377,0.52,1.6094377,3.2188754,-0.0
21,12,48,2,40.3502721786499,0.8404514888922373,0,1,0,1.6294603,0.50416666,1.565155,3.2188754,-0.0
21,13,22,2,18.28836679458618,0.8311188437721946,0,1,0,1.6094378,0.52,1.6094377,3.2188754,-0.0
21,14,22,2,18.51539397239685,0.841449033130299,0,1,0,1.6094378,0.52,1.6094377,3.2188754,-0.0
21,15,14,2,11.1332266330719,0.7951944214957101,0,1,0,1.6094378,0.52,1.6094377,3.2188754,-0.0
21,16,14,2,10.738410711288452,0.7668864897319249,0,1,0,1.6094378,0.52,1.6094377,3.2188754,-0.0
21,17,10,2,7.192777872085571,0.7190240383148193,0,1,0,1.6094377,0.52,1.6094377,3.2188754,-0.0
21,18,25,1,19.461866855621338,0.7783942413330078,1,0,0,1.709058,0.48319995,1.5458668,3.2188754,-0.0
21,19,10,2,7.091408014297485,0.7089878797531128,0,1,0,1.6094377,0.52,1.6094377,3.2188754,-0.0
21,20,10,2,7.693411827087402,0.7691396713256836,0,1,0,1.6094377,0.52,1.6094377,3.2188754,-0.0
21,21,53,1,41.46273493766785,0.7822055051911552,1,0,0,1.5754154,0.52,1.5457046,3.2188754,-0.0
21,22,10,2,7.106017351150513,0.7106017351150513,0,1,0,1.6094377,0.52,1.6094377,3.2188754,-0.0
21,23,16,2,12.031513690948486,0.7515841126441956,0,1,0,1.6094377,0.52,1.6094377,3.2188754,-0.0
21,24,18,2,15.74205994606018,0.8744087881512113,0,1,0,1.6094377,0.52,1.6094377,3.2188754,-0.0
21,25,10,2,7.65206503868103,0.7651086330413819,0,1,0,1.6094377,0.52,1.6094377,3.2188754,-0.0
21,26,10,2,7.990718364715576,0.7990718364715577,0,1,0,1.6094377,0.52,1.6094377,3.2188754,-0.0
21,27,10,2,7.8439671993255615,0.7841966629028321,0,1,0,1.6094377,0.52,1.6094377,3.2188754,-0.0
21,28,29,1,25.280781507492065,0.8716288188408161,1,0,0,1.5691007,0.5365517,1.5830773,3.2188754,-0.0
21,29,47,1,38.74048972129822,0.8241967140360081,1,0,0,1.6249613,0.5123405,1.5703697,3.2188754,-0.0
21,30,41,1,34.942702531814575,0.852085299608184,1,0,0,1.6226414,0.51024383,1.5734782,3.2188754,-0.0
21,31,10,2,7.859928369522095,0.7858901739120483,0,1,0,1.6094377,0.52,1.6094377,3.2188754,-0.0
21,32,12,2,8.574462175369263,0.7145385146141052,0,1,0,1.6094378,0.52,1.6094377,3.2188754,-0.0
21,33,10,2,7.346360921859741,0.7345361232757568,0,1,0,1.6094377,0.52,1.6094377,3.2188754,-0.0
21,34,10,2,7.281908988952637,0.7279186010360718,0,1,0,1.6094377,0.52,1.6094377,3.2188754,-0.0
21,35,12,2,9.041919231414795,0.7532900969187418,0,1,0,1.6094378,0.52,1.6094377,3.2188754,-0.0
21,36,19,1,15.558446168899536,0.8187598805678519,1,0,0,1.5959843,0.5115789,1.5520982,3.2188754,-0.0
21,37,10,2,7.91687798500061,0.7914878129959106,0,1,0,1.6094377,0.52,1.6094377,3.2188754,-0.0
21,38,10,2,7.816099166870117,0.7815098762512207,0,1,0,1.6094377,0.52,1.6094377,3.2188754,-0.0
21,39,10,2,7.851701259613037,0.7851701259613038,0,1,0,1.6094377,0.52,1.6094377,3.2188754,-0.0
21,40,10,2,6.9964165687561035,0.699541711807251,0,1,0,1.6094377,0.52,1.6094377,3.2188754,-0.0
21,41,10,2,7.234083652496338,0.7234083652496338,0,1,0,1.6094377,0.52,1.6094377,3.2188754,-0.0
21,42,10,2,7.396796941757202,0.7393237829208374,0,1,0,1.6094377,0.52,1.6094377,3.2188754,-0.0
21,43,12,2,8.885190963745117,0.7401706576347351,0,1,0,1.6094378,0.52,1.6094377,3.2188754,-0.0
21,44,31,1,26.087486505508423,0.8412809141220585,1,0,0,1.6452955,0.5019355,1.5585525,3.2188754,-0.0
21,45,18,2,14.881452322006226,0.8266622092988756,0,1,0,1.6094377,0.52,1.6094377,3.2188754,-0.0
21,46,10,2,8.11544156074524,0.8115441560745239,0,1,0,1.6094377,0.52,1.6094377,3.2188754,-0.0
21,47,10,2,7.926181316375732,0.7924675226211548,0,1,0,1.6094377,0.52,1.6094377,3.2188754,-0.0
21,48,13,1,10.939723014831543,0.8414713052602915,1,0,0,1.6414903,0.51692307,1.550279,3.2188754,-0.0
21,49,16,2,12.999089002609253,0.8123805671930313,0,1,0,1.6094377,0.52,1.6094377,3.2188754,-0.0
21,50,10,2,7.873830318450928,0.7871457576751709,0,1,0,1.6094377,0.52,1.6094377,3.2188754,-0.0
21,51,10,2,8.047345638275146,0.8047345638275146,0,1,0,1.6094377,0.52,1.6094377,3.2188754,-0.0
21,52,10,2,7.143003463745117,0.7142003059387207,0,1,0,1.6094377,0.52,1.6094377,3.2188754,-0.0
21,53,10,2,7.1324262619018555,0.7131889820098877,0,1,0,1.6094377,0.52,1.6094377,3.2188754,-0.0
21,54,14,2,10.72106122970581,0.7657185622623989,0,1,0,1.6094378,0.52,1.6094377,3.2188754,-0.0
21,55,10,2,7.46966290473938,0.7467698812484741,0,1,0,1.6094377,0.52,1.6094377,3.2188754,-0.0
21,56,14,2,10.472662210464478,0.7479761157717023,0,1,0,1.6094378,0.52,1.6094377,3.2188754,-0.0
21,57,12,2,9.284202337265015,0.7735926508903503,0,1,0,1.6094378,0.52,1.6094377,3.2188754,-0.0
21,58,10,2,7.502874374389648,0.7500628232955933,0,1,0,1.6094377,0.52,1.6094377,3.2188754,-0.0
21,59,10,2,7.516332387924194,0.7516332387924194,0,1,0,1.6094377,0.52,1.6094377,3.2188754,-0.0
21,60,22,2,17.07976245880127,0.7761805382641879,0,1,0,1.6094378,0.52,1.6094377,3.2188754,-0.0
21,61,43,1,34.843958139419556,0.8101220519043678,1,0,0,1.6534202,0.49953488,1.5702058,3.2188754,-0.0
21,62,19,1,15.149270296096802,0.7972361665023001,1,0,0,1.6136193,0.51789474,1.5454031,3.2188754,-0.0
21,63,10,2,7.502352237701416,0.7501390933990478,0,1,0,1.6094377,0.52,1.6094377,3.2188754,-0.0
21,64,37,1,31.04553461074829,0.8389979246500376,1,0,0,1.5829247,0.52540535,1.5867472,3.2188754,-0.0
21,65,17,1,13.795899152755737,0.81143118353451,1,0,0,1.5941,0.50352937,1.4278945,3.2188754,-0.0
21,66,49,1,39.03757429122925,0.7964886451254085,1,0,0,1.5828544,0.517551,1.5517449,3.2188754,-0.0
21,67,14,2,8.574723958969116,0.6124082974025181,0,1,0,1.6094378,0.52,1.6094377,3.2188754,-0.0
21,68,10,2,7.989161491394043,0.7986993551254272,0,1,0,1.6094377,0.52,1.6094377,3.2188754,-0.0
21,69,18,2,14.74617338180542,0.8189694748984443,0,1,0,1.6094377,0.52,1.6094377,3.2188754,-0.0
21,70,10,2,8.31925082206726,0.831824254989624,0,1,0,1.6094377,0.52,1.6094377,3.2188754,-0.0
21,71,33,1,27.948176622390747,0.8468529961325906,1,0,0,1.6466734,0.5030303,1.5587336,3.2188754,-0.0
21,72,22,2,18.445952892303467,0.8383158878846602,0,1,0,1.6094378,0.52,1.6094377,3.2188754,-0.0
21,73,20,2,16.531590223312378,0.8263506531715393,0,1,0,1.6094377,0.52,1.6094377,3.2188754,-0.0
21,74,10,2,8.008009433746338,0.8004507780075073,0,1,0,1.6094377,0.52,1.6094377,3.2188754,-0.0
21,75,10,2,8.06105637550354,0.8059551954269409,0,1,0,1.6094377,0.52,1.6094377,3.2188754,-0.0
21,76,14,2,10.670317649841309,0.7619082757404873,0,1,0,1.6094378,0.52,1.6094377,3.2188754,-0.0
21,77,14,2,10.827377080917358,0.7732382161276681,0,1,0,1.6094378,0.52,1.6094377,3.2188754,-0.0
21,78,20,2,15.796020030975342,0.7897507786750794,0,1,0,1.6094377,0.52,1.6094377,3.2188754,-0.0
21,79,10,2,7.529949188232422,0.7528444528579712,0,1,0,1.6094377,0.52,1.6094377,3.2188754,-0.0
21,80,10,2,7.842102527618408,0.7839552640914917,0,1,0,1.6094377,0.52,1.6094377,3.2188754,-0.0
21,81,10,2,8.165028810501099,0.8162184476852417,0,1,0,1.6094377,0.52,1.6094377,3.2188754,-0.0
21,82,12,2,9.582364797592163,0.7983630895614624,0,1,0,1.6094378,0.52,1.6094377,3.2188754,-0.0
21,83,10,2,8.075598001480103,0.8074726343154908,0,1,0,1.6094377,0.52,1.6094377,3.2188754,-0.0
21,84,10,2,7.420777082443237,0.7420777082443237,0,1,0,1.6094377,0.52,1.6094377,3.2188754,-0.0
21,85,10,2,7.6815736293792725,0.7681573629379272,0,1,0,1.6094377,0.52,1.6094377,3.2188754,-0.0
21,86,10,2,7.621532440185547,0.7621532440185547,0,1,0,1.6094377,0.52,1.6094377,3.2188754,-0.0
21,87,43,1,31.064273357391357,0.7223550774330316,1,0,0,1.5792526,0.5293023,1.6003009,3.2188754,-0.0
21,88,22,2,18.923624277114868,0.8600962595506148,0,1,0,1.6094378,0.52,1.6094377,3.2188754,-0.0
21,89,37,1,29.998836040496826,0.810684313645234,1,0,0,1.6042254,0.52324325,1.5824394,3.2188754,-0.0
21,90,10,2,6.3017919063568115,0.63007652759552,0,1,0,1.6094377,0.52,1.6094377,3.2188754,-0.0
21,91,10,2,6.17837929725647,0.6177712678909302,0,1,0,1.6094377,0.52,1.6094377,3.2188754,-0.0
21,92,33,1,25.36720633506775,0.7685650550957882,1,0,0,1.5707948,0.5321212,1.599869,3.2188754,-0.0
21,93,16,2,9.951268911361694,0.6218913942575455,0,1,0,1.6094377,0.52,1.6094377,3.2188754,-0.0
21,94,10,2,5.55369758605957,0.5553162574768067,0,1,0,1.6094377,0.52,1.6094377,3.2188754,-0.0
21,95,14,2,7.471607446670532,0.53343095098223,0,1,0,1.6094378,0.52,1.6094377,3.2188754,-0.0
21,96,32,2,19.288511753082275,0.6026868373155594,0,1,0,1.6094377,0.52,1.6094377,3.2188754,-0.0
21,97,10,2,4.661291122436523,0.46602818965911863,0,1,0,1.6094377,0.52,1.6094377,3.2188754,-0.0
21,98,18,2,8.204448699951172,0.4555639690823025,0,1,0,1.6094377,0.52,1.6094377,3.2188754,-0.0
21,99,10,2,4.547968864440918,0.4544752836227417,0,1,0,1.6094377,0.52,1.6094377,3.2188754,-0.0
22,0,10,2,8.548073291778564,0.8544448852539063,0,1,0,1.6094377,0.52,1.6094377,3.2188754,-0.0
22,1,10,2,7.816781520843506,0.7816781520843505,0,1,0,1.6094377,0.52,1.6094377,3.2188754,-0.0
22,2,10,2,7.6755454540252686,0.7674039602279663,0,1,0,1.6094377,0.52,1.6094377,3.2188754,-0.0
22,3,14,2,11.334967136383057,0.809567025729588,0,1,0,1.6094378,0.52,1.6094377,3.2188754,-0.0
22,4,10,2,8.61195683479309,0.8609959125518799,0,1,0,1.6094377,0.52,1.6094377,3.2188754,-0.0
22,5,17,1,14.05721926689148,0.826747922336354,1,0,0,1.5816947,0.5317647,1.5653225,3.2188754,-0.0
22,6,59,1,49.02341341972351,0.8307782189320709,1,0,0,1.5832838,0.51932204,1.5301373,3.2188754,-0.0
22,7,18,2,14.785232782363892,0.8211507929695977,0,1,0,1.6094377,0.52,1.6094377,3.2188754,-0.0
22,8,10,2,8.503833293914795,0.8502326726913452,0,1,0,1.6094377,0.52,1.6094377,3.2188754,-0.0
22,9,27,1,22.44474220275879,0.8310434641661467,1,0,0,1.580284,0.53037035,1.5863326,3.2188754,-0.0
22,10,19,1,15.87706470489502,0.8354760847593609,1,0,0,1.6086277,0.5242105,1.5665154,3.2188754,-0.0
22,11,10,2,7.985903978347778,0.7984898567199707,0,1,0,1.6094377,0.52,1.6094377,3.2188754,-0.0
22,12,10,2,8.447576522827148,0.8442423343658447,0,1,0,1.6094377,0.52,1.6094377,3.2188754,-0.0
22,13,10,2,7.809815406799316,0.7807295322418213,0,1,0,1.6094377,0.52,1.6094377,3.2188754,-0.0
22,14,31,1,25.559693813323975,0.8242058677058066,1,0,0,1.601152,0.51741934,1.5769695,3.2188754,-0.0
22,15,10,2,7.759261608123779,0.7758708715438842,0,1,0,1.6094377,0.52,1.6094377,3.2188754,-0.0
22,16,10,2,8.045893907546997,0.804214334487915,0,1,0,1.6094377,0.52,1.6094377,3.2188754,-0.0
22,17,10,2,7.1001176834106445,0.7100117683410645,0,1,0,1.6094377,0.52,1.6094377,3.2188754,-0.0
22,18,14,2,10.360257863998413,0.7400184188570295,0,1,0,1.6094378,0.52,1.6094377,3.2188754,-0.0
22,19,47,1,36.34817028045654,0.7731741895066931,1,0,0,1.5740144,0.53106385,1.6078877,3.2188754,-0.0
22,20,10,2,7.987812519073486,0.7986812591552734,0,1,0,1.6094377,0.52,1.6094377,3.2188754,-0.0
22,21,34,2,25.850355863571167,0.7601863566566917,0,1,0,1.6094377,0.52,1.6094377,3.2188754,-0.0
22,22,10,2,7.315026521682739,0.7310400009155273,0,1,0,1.6094377,0.52,1.6094377,3.2188754,-0.0
22,23,14,2,10.568183183670044,0.7547616447721209,0,1,0,1.6094378,0.52,1.6094377,3.2188754,-0.0
22,24,10,2,7.965442419052124,0.7963420391082764,0,1,0,1.6094377,0.52,1.6094377,3.2188754,-0.0
22,25,10,2,7.051499128341675,0.7050518035888672,0,1,0,1.6094377,0.52,1.6094377,3.2188754,-0.0
22,26,16,2,11.976125717163086,0.7482856214046478,0,1,0,1.6094377,0.52,1.6094377,3.2188754,-0.0
22,27,23,1,17.67654299736023,0.7685004939203677,1,0,0,1.5612187,0.53217393,1.5902263,3.2188754,-0.0
22,28,10,2,8.35773777961731,0.8355099201202393,0,1,0,1.6094377,0.52,1.6094377,3.2188754,-0.0
22,29,23,1,18.71849274635315,0.8136903514032778,1,0,0,1.5678718,0.5252174,1.5860891,3.2188754,-0.0
22,30,10,2,7.867881536483765,0.786637282371521,0,1,0,1.6094377,0.52,1.6094377,3.2188754,-0.0
22,31,10,2,7.786509275436401,0.7783815145492554,0,1,0,1.6094377,0.52,1.6094377,3.2188754,-0.0
22,32,14,2,11.13145637512207,0.7949589661189488,0,1,0,1.6094378,0.52,1.6094377,3.2188754,-0.0
22,33,22,2,18.63935375213623,0.8470143188129772,0,1,0,1.6094378,0.52,1.6094377,3.2188754,-0.0
22,34,10,2,7.777693033218384,0.7775136470794678,0,1,0,1.6094377,0.52,1.6094377,3.2188754,-0.0
22,35,20,2,16.581353187561035,0.828940212726593,0,1,0,1.6094377,0.52,1.6094377,3.2188754,-0.0
22,36,10,2,7.948949575424194,0.7946925163269043,0,1,0,1.6094377,0.52,1.6094377,3.2188754,-0.0
22,37,18,2,14.722331285476685,0.8177937136756049,0,1,0,1.6094377,0.52,1.6094377,3.2188754,-0.0
22,38,10,2,7.79368257522583,0.7791677236557006,0,1,0,1.6094377,0.52,1.6094377,3.2188754,-0.0
22,39,43,1,36.12791609764099,0.8400561532308889,1,0,0,1.5980178,0.5227907,1.5885018,3.2188754,-0.0
22,40,10,2,7.3672263622283936,0.7364715099334717,0,1,0,1.6094377,0.52,1.6094377,3.2188754,-0.0
22,41,22,2,17.04819393157959,0.7747115547006781,0,1,0,1.6094378,0.52,1.6094377,3.2188754,-0.0
22,42,16,2,12.194093465805054,0.7619727402925491,0,1,0,1.6094377,0.52,1.6094377,3.2188754,-0.0
22,43,39,1,30.94472098350525,0.7933182288438846,1,0,0,1.5933266,0.5261539,1.5917712,3.2188754,-0.0
22,44,27,1,23.117707014083862,0.8560998528091995,1,0,0,1.5622073,0.5348148,1.597608,3.2188754,-0.0
22,45,21,1,17.315234899520874,0.8244108472551618,1,0,0,1.6438779,0.5123809,1.50498,3.2188754,-0.0
22,46,22,2,18.45486354827881,0.8387882926247336,0,1,0,1.6094378,0.52,1.6094377,3.2188754,-0.0
22,47,41,1,35.0215950012207,0.8540534217183183,1,0,0,1.653563,0.50536585,1.5858079,3.2188754,-0.0
22,48,16,2,12.29836392402649,0.7686154991388321,0,1,0,1.6094377,0.52,1.6094377,3.2188754,-0.0
22,49,20,2,15.562647581100464,0.7780572056770325,0,1,0,1.6094377,0.52,1.6094377,3.2188754,-0.0
22,50,16,2,12.03453016281128,0.7519698441028595,0,1,0,1.6094377,0.52,1.6094377,3.2188754,-0.0
22,51,14,2,10.526011943817139,0.751696263040815,0,1,0,1.6094378,0.52,1.6094377,3.2188754,-0.0
22,52,10,2,8.226110219955444,0.8222585916519165,0,1,0,1.6094377,0.52,1.6094377,3.2188754,-0.0
22,53,10,2,7.839658737182617,0.7837632656097412,0,1,0,1.6094377,0.52,1.6094377,3.2188754,-0.0
22,54,10,2,7.867122173309326,0.7865109205245971,0,1,0,1.6094377,0.52,1.6094377,3.2188754,-0.0
22,55,10,2,7.883431911468506,0.7881780147552491,0,1,0,1.6094377,0.52,1.6094377,3.2188754,-0.0
22,56,49,1,39.11710453033447,0.7982052880890516,1,0,0,1.5703416,0.51836735,1.5346583,3.2188754,-0.0
22,57,10,2,7.409282922744751,0.7408273458480835,0,1,0,1.6094377,0.52,1.6094377,3.2188754,-0.0
22,58,10,2,7.217450141906738,0.7214809894561768,0,1,0,1.6094377,0.52,1.6094377,3.2188754,-0.0
22,59,12,2,9.179552793502808,0.7649627327919006,0,1,0,1.6094378,0.52,1.6094377,3.2188754,-0.0
22,60,10,2,7.902149438858032,0.7900523900985718,0,1,0,1.6094377,0.52,1.6094377,3.2188754,-0.0
22,61,10,2,7.915947198867798,0.7915420532226562,0,1,0,1.6094377,0.52,1.6094377,3.2188754,-0.0
22,62,19,1,16.11366629600525,0.8478774020546361,1,0,0,1.5763674,0.5326316,1.5727824,3.2188754,-0.0
22,63,10,2,7.918604135513306,0.7917531490325928,0,1,0,1.6094377,0.52,1.6094377,3.2188754,-0.0
22,64,18,2,14.683217287063599,0.8155781295564439,0,1,0,1.6094377,0.52,1.6094377,3.2188754,-0.0
22,65,43,1,36.38322353363037,0.846038258352945,1,0,0,1.6087767,0.51813954,1.590619,3.2188754,-0.0
22,66,10,2,8.04336428642273,0.8042378664016724,0,1,0,1.6094377,0.52,1.6094377,3.2188754,-0.0
22,67,10,2,7.394865989685059,0.7394865989685059,0,1,0,1.6094377,0.52,1.6094377,3.2188754,-0.0
22,68,10,2,7.656132698059082,0.7654598951339722,0,1,0,1.6094377,0.52,1.6094377,3.2188754,-0.0
22,69,18,2,14.89670205116272,0.8275354305903116,0,1,0,1.6094377,0.52,1.6094377,3.2188754,-0.0
22,70,22,2,18.77099323272705,0.8530587933280251,0,1,0,1.6094378,0.52,1.6094377,3.2188754,-0.0
22,71,10,2,8.246308088302612,0.8244789123535157,0,1,0,1.6094377,0.52,1.6094377,3.2188754,-0.0
22,72,10,2,7.138630390167236,0.7137996912002563,0,1,0,1.6094377,0.52,1.6094377,3.2188754,-0.0
22,73,27,1,21.435053825378418,0.79375245836046,1,0,0,1.6844792,0.48888886,1.5489402,3.2188754,-0.0
22,74,10,2,7.8892598152160645,0.7887750864028931,0,1,0,1.6094377,0.52,1.6094377,3.2188754,-0.0
22,75,10,2,7.343135356903076,0.7343135356903077,0,1,0,1.6094377,0.52,1.6094377,3.2188754,-0.0
22,76,10,2,7.93861198425293,0.7938027381896973,0,1,0,1.6094377,0.52,1.6094377,3.2188754,-0.0
22,77,10,2,8.125285625457764,0.8122621297836303,0,1,0,1.6094377,0.52,1.6094377,3.2188754,-0.0
22,78,10,2,8.048881530761719,0.8047341585159302,0,1,0,1.6094377,0.52,1.6094377,3.2188754,-0.0
22,79,20,2,16.63504934310913,0.8317021012306214,0,1,0,1.6094377,0.52,1.6094377,3.2188754,-0.0
22,80,10,2,7.274264097213745,0.7272265195846558,0,1,0,1.6094377,0.52,1.6094377,3.2188754,-0.0
22,81,43,1,33.77463698387146,0.7853470791217892,1,0,0,1.6562984,0.5004651,1.5523682,3.2188754,-0.0
22,82,19,1,10.732351064682007,0.5645864009857178,1,0,0,1.6107578,0.5136842,1.544833,3.2188754,-0.0
22,83,10,2,4.781566143035889,0.47805664539337156,0,1,0,1.6094377,0.52,1.6094377,3.2188754,-0.0
22,84,10,2,7.708345413208008,0.7707692384719849,0,1,0,1.6094377,0.52,1.6094377,3.2188754,-0.0
22,85,14,2,11.146737575531006,0.7961955411093575,0,1,0,1.6094378,0.52,1.6094377,3.2188754,-0.0
22,86,14,2,10.02091097831726,0.7154859304428101,0,1,0,1.6094378,0.52,1.6094377,3.2188754,-0.0
22,87,10,2,5.843855381011963,0.5842251539230346,0,1,0,1.6094377,0.52,1.6094377,3.2188754,-0.0
22,88,10,2,8.135705709457397,0.8134691953659058,0,1,0,1.6094377,0.52,1.6094377,3.2188754,-0.0
22,89,10,2,8.132447957992554,0.8131452083587647,0,1,0,1.6094377,0.52,1.6094377,3.2188754,-0.0
22,90,14,2,10.971278429031372,0.7834340333938599,0,1,0,1.6094378,0.52,1.6094377,3.2188754,-0.0
22,91,10,2,6.6849365234375,0.6683923721313476,0,1,0,1.6094377,0.52,1.6094377,3.2188754,-0.0
22,92,10,2,8.084082841873169,0.8082564353942872,0,1,0,1.6094377,0.52,1.6094377,3.2188754,-0.0
22,93,20,2,14.023515701293945,0.7010751605033875,0,1,0,1.6094377,0.52,1.6094377,3.2188754,-0.0
22,94,10,2,5.833789348602295,0.5833280563354493,0,1,0,1.6094377,0.52,1.6094377,3.2188754,-0.0
22,95,16,2,8.584434747695923,0.5365271717309952,0,1,0,1.6094377,0.52,1.6094377,3.2188754,-0.0
22,96,10,2,7.617235422134399,0.7616666078567504,0,1,0,1.6094377,0.52,1.6094377,3.2188754,-0.0
22,97,66,2,37.71009659767151,0.5711631594282208,0,1,0,1.59215,0.51454544,1.5617956,3.2188754,-0.0
22,98,10,2,5.292708873748779,0.5291680335998535,0,1,0,1.6094377,0.52,1.6094377,3.2188754,-0.0
22,99,29,1,15.922122478485107,0.5488874418982144,1,0,0,1.5919074,0.52689654,1.5791659,3.2188754,-0.0
23,0,10,2,8.25292420387268,0.8251924276351928,0,1,0,1.6094377,0.52,1.6094377,3.2188754,-0.0
23,1,10,2,7.804382801055908,0.7802294969558716,0,1,0,1.6094377,0.52,1.6094377,3.2188754,-0.0
23,2,10,2,7.700183153152466,0.7700183153152466,0,1,0,1.6094377,0.52,1.6094377,3.2188754,-0.0
23,3,10,2,7.789220094680786,0.778720498085022,0,1,0,1.6094377,0.52,1.6094377,3.2188754,-0.0
23,4,24,2,20.43969488143921,0.8515239655971527,0,1,0,1.6094376,0.52,1.6094377,3.2188754,-0.0
23,5,55,1,45.36574983596802,0.8247636925090444,1,0,0,1.5913187,0.5250909,1.5977243,3.2188754,-0.0
23,6,10,2,8.094163656234741,0.8091635942459107,0,1,0,1.6094377,0.52,1.6094377,3.2188754,-0.0
23,7,10,2,8.301686525344849,0.8299164056777955,0,1,0,1.6094377,0.52,1.6094377,3.2188754,-0.0
23,8,25,1,21.13949465751648,0.8454580593109131,1,0,0,1.5984397,0.5168,1.5665141,3.2188754,-0.0
23,9,22,2,17.845552682876587,0.8109934438358654,0,1,0,1.6094378,0.52,1.6094377,3.2188754,-0.0
23,10,10,2,8.212363719940186,0.8211354970932007,0,1,0,1.6094377,0.52,1.6094377,3.2188754,-0.0
23,11,30,2,25.2920982837677,0.842784563700358,0,1,0,1.6094377,0.52,1.6094375,3.2188754,-0.0
23,12,10,2,8.640302419662476,0.8640302419662476,0,1,0,1.6094377,0.52,1.6094377,3.2188754,-0.0
23,13,10,2,7.544674634933472,0.7539954900741577,0,1,0,1.6094377,0.52,1.6094377,3.2188754,-0.0
23,14,10,2,7.737215042114258,0.7736529350280762,0,1,0,1.6094377,0.52,1.6094377,3.2188754,-0.0
23,15,27,1,22.235034942626953,0.8233150641123453,1,0,0,1.574328,0.5318518,1.5894663,3.2188754,-0.0
23,16,10,2,8.678065299987793,0.8678065299987793,0,1,0,1.6094377,0.52,1.6094377,3.2188754,-0.0
23,17,10,2,7.892040252685547,0.7890034198760987,0,1,0,1.6094377,0.52,1.6094377,3.2188754,-0.0
23,18,10,2,7.820244789123535,0.7820244789123535,0,1,0,1.6094377,0.52,1.6094377,3.2188754,-0.0
23,19,27,1,22.065795183181763,0.8171027148211444,1,0,0,1.5498289,0.5377778,1.6083335,3.2188754,-0.0
23,20,10,2,8.383897304534912,0.8382392168045044,0,1,0,1.6094377,0.52,1.6094377,3.2188754,-0.0
23,21,10,2,7.692052841186523,0.7688925743103028,0,1,0,1.6094377,0.52,1.6094377,3.2188754,-0.0
23,22,10,2,7.8339550495147705,0.7832445859909057,0,1,0,1.6094377,0.52,1.6094377,3.2188754,-0.0
23,23,10,2,7.708154201507568,0.7706639289855957,0,1,0,1.6094377,0.52,1.6094377,3.2188754,-0.0
23,24,10,2,8.607513904571533,0.8606514692306518,0,1,0,1.6094377,0.52,1.6094377,3.2188754,-0.0
23,25,10,2,7.835510730743408,0.7832355499267578,0,1,0,1.6094377,0.52,1.6094377,3.2188754,-0.0
23,26,10,2,7.8829505443573,0.7879929304122925,0,1,0,1.6094377,0.52,1.6094377,3.2188754,-0.0
23,27,10,2,7.533111333847046,0.7531582117080688,0,1,0,1.6094377,0.52,1.6094377,3.2188754,-0.0
23,28,18,2,15.375480651855469,0.8540819221072726,0,1,0,1.6094377,0.52,1.6094377,3.2188754,-0.0
23,29,20,2,16.192327976226807,0.8094139099121094,0,1,0,1.6094377,0.52,1.6094377,3.2188754,-0.0
23,30,10,2,7.8670125007629395,0.7863934278488159,0,1,0,1.6094377,0.52,1.6094377,3.2188754,-0.0
23,31,10,2,7.927942752838135,0.7925925970077514,0,1,0,1.6094377,0.52,1.6094377,3.2188754,-0.0
23,32,10,2,7.882753849029541,0.7881740808486939,0,1,0,1.6094377,0.52,1.6094377,3.2188754,-0.0
23,33,12,2,9.661463975906372,0.8050767580668131,0,1,0,1.6094378,0.52,1.6094377,3.2188754,-0.0
23,34,10,2,7.887038707733154,0.7885027170181275,0,1,0,1.6094377,0.52,1.6094377,3.2188754,-0.0
23,35,39,1,31.831245183944702,0.8159772677299304,1,0,0,1.5943278,0.5189744,1.5876999,3.2188754,-0.0
23,36,27,1,22.630340337753296,0.8379035260942247,1,0,0,1.5498289,0.5377778,1.6083335,3.2188754,-0.0
23,37,10,2,7.979822397232056,0.7977627992630005,0,1,0,1.6094377,0.52,1.6094377,3.2188754,-0.0
23,38,10,2,7.97580099105835,0.7975800991058349,0,1,0,1.6094377,0.52,1.6094377,3.2188754,-0.0
23,39,14,2,11.790464162826538,0.8420683486121041,0,1,0,1.6094378,0.52,1.6094377,3.2188754,-0.0
23,40,29,1,24.31160283088684,0.838170051574707,1,0,0,1.5539398,0.5365517,1.6084805,3.2188754,-0.0
23,41,10,2,7.903473138809204,0.7902473688125611,0,1,0,1.6094377,0.52,1.6094377,3.2188754,-0.0
23,42,10,2,8.037012338638306,0.8036009311676026,0,1,0,1.6094377,0.52,1.6094377,3.2188754,-0.0
23,43,28,2,22.60365891456604,0.8072007724217006,0,1,0,1.6094377,0.52,1.6094376,3.2188754,-0.0
23,44,10,2,7.959374189376831,0.7957373142242432,0,1,0,1.6094377,0.52,1.6094377,3.2188754,-0.0
23,45,10,2,7.901070594787598,0.7900072813034058,0,1,0,1.6094377,0.52,1.6094377,3.2188754,-0.0
23,46,10,2,7.885745048522949,0.788574504852295,0,1,0,1.6094377,0.52,1.6094377,3.2188754,-0.0
23,47,18,2,14.237224340438843,0.790756622950236,0,1,0,1.5108569,0.55333334,1.561467,3.2188754,-0.0
23,48,10,2,7.853595018386841,0.7851594448089599,0,1,0,1.6094377,0.52,1.6094377,3.2188754,-0.0
23,49,10,2,7.975445985794067,0.7973933696746827,0,1,0,1.6094377,0.52,1.6094377,3.2188754,-0.0
23,50,10,2,7.8987133502960205,0.789871335029602,0,1,0,1.6094377,0.52,1.6094377,3.2188754,-0.0
23,51,10,2,8.340679168701172,0.8340679168701172,0,1,0,1.6094377,0.52,1.6094377,3.2188754,-0.0
23,52,10,2,7.996263027191162,0.7996263027191162,0,1,0,1.6094377,0.52,1.6094377,3.2188754,-0.0
23,53,10,2,7.786988735198975,0.778648042678833,0,1,0,1.6094377,0.52,1.6094377,3.2188754,-0.0
23,54,16,2,12.912288188934326,0.8070180118083954,0,1,0,1.6094377,0.52,1.6094377,3.2188754,-0.0
23,55,16,2,12.76462459564209,0.7974876314401627,0,1,0,1.6094377,0.52,1.6094377,3.2188754,-0.0
23,56,10,2,8.158294677734375,0.8157785177230835,0,1,0,1.6094377,0.52,1.6094377,3.2188754,-0.0
23,57,12,2,8.858919143676758,0.7382432619730631,0,1,0,1.6094378,0.52,1.6094377,3.2188754,-0.0
23,58,14,2,10.777137517929077,0.7697242328098842,0,1,0,1.6094378,0.52,1.6094377,3.2188754,-0.0
23,59,10,2,7.602504014968872,0.7599892139434814,0,1,0,1.6094377,0.52,1.6094377,3.2188754,-0.0
23,60,10,2,7.796034336090088,0.7793970346450806,0,1,0,1.6094377,0.52,1.6094377,3.2188754,-0.0
23,61,14,2,10.174969911575317,0.7267835651125226,0,1,0,1.6094378,0.52,1.6094377,3.2188754,-0.0
23,62,10,2,7.553432464599609,0.7552831172943115,0,1,0,1.6094377,0.52,1.6094377,3.2188754,-0.0
23,63,10,2,7.659669876098633,0.765916109085083,0,1,0,1.6094377,0.52,1.6094377,3.2188754,-0.0
23,64,33,1,26.549492120742798,0.8042482462796298,1,0,0,1.5903972,0.5272727,1.5885204,3.2188754,-0.0
23,65,10,2,7.560162305831909,0.7557598114013672,0,1,0,1.6094377,0.52,1.6094377,3.2188754,-0.0
23,66,10,2,7.541201591491699,0.7540203094482422,0,1,0,1.6094377,0.52,1.6094377,3.2188754,-0.0
23,67,29,1,21.017622709274292,0.7246242473865377,1,0,0,1.6624057,0.49655172,1.5520849,3.2188754,-0.0
23,68,22,2,17.278234720230103,0.7852366620844061,0,1,0,1.6094378,0.52,1.6094377,3.2188754,-0.0
23,69,10,2,7.700225830078125,0.7698205947875977,0,1,0,1.6094377,0.52,1.6094377,3.2188754,-0.0
23,70,27,1,21.110746383666992,0.7817974267182527,1,0,0,1.5742441,0.5288889,1.5895144,3.2188754,-0.0
23,71,10,2,7.2256293296813965,0.722461485862732,0,1,0,1.6094377,0.52,1.6094377,3.2188754,-0.0
23,72,10,2,7.478483438491821,0.7477480649948121,0,1,0,1.6094377,0.52,1.6094377,3.2188754,-0.0
23,73,10,2,7.506034851074219,0.7504280090332032,0,1,0,1.6094377,0.52,1.6094377,3.2188754,-0.0
23,74,10,2,7.683618545532227,0.768109393119812,0,1,0,1.6094377,0.52,1.6094377,3.2188754,-0.0
23,75,16,2,12.136402606964111,0.7581997066736221,0,1,0,1.6094377,0.52,1.6094377,3.2188754,-0.0
23,76,10,2,7.235734939575195,0.7234726667404174,0,1,0,1.6094377,0.52,1.6094377,3.2188754,-0.0
23,77,10,2,7.269032716751099,0.7269032716751098,0,1,0,1.6094377,0.52,1.6094377,3.2188754,-0.0
23,78,37,1,29.675304651260376,0.8018656485789531,1,0,0,1.6118888,0.51891893,1.5739642,3.2188754,-0.0
23,79,22,2,14.45022988319397,0.6565911553122781,0,1,0,1.6094378,0.52,1.6094377,3.2188754,-0.0
23,80,33,1,25.401634454727173,0.7695432431770094,1,0,0,1.6544484,0.49575755,1.5296943,3.2188754,-0.0
23,81,47,1,33.8558406829834,0.7202398979917486,1,0,0,1.6123312,0.51829785,1.5637991,3.2188754,-0.0
23,82,10,2,5.1231770515441895,0.5122163534164429,0,1,0,1.6094377,0.52,1.6094377,3.2188754,-0.0
23,83,10,2,4.863461017608643,0.486246132850647,0,1,0,1.6094377,0.52,1.6094377,3.2188754,-0.0
23,84,12,2,9.672975063323975,0.8056102395057678,0,1,0,1.6094378,0.52,1.6094377,3.2188754,-0.0
23,85,10,2,7.475019216537476,0.7471975326538086,0,1,0,1.6094377,0.52,1.6094377,3.2188754,-0.0
23,86,18,2,14.166049480438232,0.7869747347301908,0,1,0,1.6094377,0.52,1.6094377,3.2188754,-0.0
23,87,10,2,7.390104532241821,0.738910460472107,0,1,0,1.6094377,0.52,1.6094377,3.2188754,-0.0
23,88,18,2,14.030062437057495,0.7793361875745985,0,1,0,1.6094377,0.52,1.6094377,3.2188754,-0.0
23,89,12,2,9.505049705505371,0.7920874754587809,0,1,0,1.6094378,0.52,1.6094377,3.2188754,-0.0
23,90,14,2,9.14792513847351,0.6534232241766793,0,1,0,1.6094378,0.52,1.6094377,3.2188754,-0.0
23,91,10,2,5.998263835906982,0.5998263835906983,0,1,0,1.6094377,0.52,1.6094377,3.2188754,-0.0
23,92,10,2,7.409124135971069,0.7405030250549316,0,1,0,1.6094377,0.52,1.6094377,3.2188754,-0.0
23,93,10,2,7.7174155712127686,0.7717415571212769,0,1,0,1.6094377,0.52,1.6094377,3.2188754,-0.0
23,94,14,2,10.049932479858398,0.7175646509443011,0,1,0,1.6094378,0.52,1.6094377,3.2188754,-0.0
23,95,19,1,11.717146158218384,0.6165180080815366,1,0,0,1.5846151,0.53052634,1.5700477,3.2188754,-0.0
23,96,44,2,30.285486936569214,0.6881233128634366,0,1,0,1.6456364,0.5,1.5799223,3.2188754,-0.0
23,97,10,2,4.916337251663208,0.49153478145599366,0,1,0,1.6094377,0.52,1.6094377,3.2188754,-0.0
23,98,29,1,14.327857494354248,0.49396005170098667,1,0,0,1.71051,0.4772413,1.4968265,3.2188754,-0.0
23,99,25,1,12.86051893234253,0.5142713928222656,1,0,0,1.5450602,0.5392,1.6081495,3.2188754,-0.0
24,0,18,2,15.451318979263306,0.8584066099590726,0,1,0,1.6094377,0.52,1.6094377,3.2188754,-0.0
24,1,22,2,18.439902305603027,0.8380851528861306,0,1,0,1.6094378,0.52,1.6094377,3.2188754,-0.0
24,2,10,2,8.186110734939575,0.818559980392456,0,1,0,1.6094377,0.52,1.6094377,3.2188754,-0.0
24,3,10,2,7.9853808879852295,0.7983848571777343,0,1,0,1.6094377,0.52,1.6094377,3.2188754,-0.0
24,4,10,2,8.51850700378418,0.8518507003784179,0,1,0,1.6094377,0.52,1.6094377,3.2188754,-0.0
24,5,32,2,27.168869256973267,0.8488776758313179,0,1,0,1.6094377,0.52,1.6094377,3.2188754,-0.0
24,6,10,2,8.17442798614502,0.8173412799835205,0,1,0,1.6094377,0.52,1.6094377,3.2188754,-0.0
24,7,10,2,7.964429616928101,0.7962414741516113,0,1,0,1.6094377,0.52,1.6094377,3.2188754,-0.0
24,8,16,2,13.796404123306274,0.8622752577066422,0,1,0,1.6094377,0.52,1.6094377,3.2188754,-0.0
24,9,27,1,23.298039436340332,0.8627121713426378,1,0,0,1.4914474,0.5585185,1.5596154,3.2188754,-0.0
24,10,12,2,9.766547918319702,0.8136706153551737,0,1,0,1.6094378,0.52,1.6094377,3.2188754,-0.0
24,11,16,2,13.16579794883728,0.8228305727243423,0,1,0,1.6094377,0.52,1.6094377,3.2188754,-0.0
24,12,16,2,13.897046327590942,0.8684401959180832,0,1,0,1.6094377,0.52,1.6094377,3.2188754,-0.0
24,13,27,1,23.062346935272217,0.854030035160206,1,0,0,1.6629348,0.4948148,1.5480835,3.2188754,-0.0
24,14,10,2,8.129546642303467,0.8127540349960327,0,1,0,1.6094377,0.52,1.6094377,3.2188754,-0.0
24,15,16,2,13.335449934005737,0.8332982957363129,0,1,0,1.6094377,0.52,1.6094377,3.2188754,-0.0
24,16,10,2,8.668824911117554,0.8665797233581543,0,1,0,1.6094377,0.52,1.6094377,3.2188754,-0.0
24,17,45,1,39.04536509513855,0.8675147533416748,1,0,0,1.6057706,0.5226667,1.5916404,3.2188754,-0.0
24,18,10,2,8.028060674667358,0.8025420665740967,0,1,0,1.6094377,0.52,1.6094377,3.2188754,-0.0
24,19,12,2,9.770881652832031,0.8140218257904053,0,1,0,1.6094378,0.52,1.6094377,3.2188754,-0.0
24,20,19,1,16.728083848953247,0.8802916627181204,1,0,0,1.6351429,0.50736845,1.5383445,3.2188754,-0.0
24,21,10,2,7.745825290679932,0.7743832349777222,0,1,0,1.6094377,0.52,1.6094377,3.2188754,-0.0
24,22,10,2,8.276870489120483,0.8276870489120484,0,1,0,1.6094377,0.52,1.6094377,3.2188754,-0.0
24,23,16,2,13.530959129333496,0.8456516861915588,0,1,0,1.6094377,0.52,1.6094377,3.2188754,-0.0
24,24,17,1,14.766910552978516,0.868552614660824,1,0,0,1.4861165,0.5647059,1.5111055,3.2188754,-0.0
24,25,10,2,7.814064025878906,0.7813050031661988,0,1,0,1.6094377,0.52,1.6094377,3.2188754,-0.0
24,26,10,2,8.124114274978638,0.8123112440109252,0,1,0,1.6094377,0.52,1.6094377,3.2188754,-0.0
24,27,16,2,13.463679790496826,0.8414437621831894,0,1,0,1.6094377,0.52,1.6094377,3.2188754,-0.0
24,28,10,2,8.768479585647583,0.8766457557678222,0,1,0,1.6094377,0.52,1.6094377,3.2188754,-0.0
24,29,14,2,11.42365026473999,0.8157863787242344,0,1,0,1.6094378,0.52,1.6094377,3.2188754,-0.0
24,30,10,2,7.791344881057739,0.7790344715118408,0,1,0,1.6094377,0.52,1.6094377,3.2188754,-0.0
24,31,10,2,8.317921161651611,0.8316671133041382,0,1,0,1.6094377,0.52,1.6094377,3.2188754,-0.0
24,32,14,2,11.6221022605896,0.8301501614706857,0,1,0,1.6094378,0.52,1.6094377,3.2188754,-0.0
24,33,10,2,8.086115837097168,0.8083106517791748,0,1,0,1.6094377,0.52,1.6094377,3.2188754,-0.0
24,34,21,1,17.18395733833313,0.8181599435352144,1,0,0,1.5871406,0.5161904,1.5688592,3.2188754,-0.0
24,35,10,2,7.4338037967681885,0.7433803796768188,0,1,0,1.6094377,0.52,1.6094377,3.2188754,-0.0
24,36,25,1,21.38040280342102,0.8549717140197753,1,0,0,1.5950528,0.51519996,1.5707207,3.2188754,-0.0
24,37,10,2,7.28603720664978,0.7285034894943238,0,1,0,1.6094377,0.52,1.6094377,3.2188754,-0.0
24,38,34,2,27.667927026748657,0.8137031232609468,0,1,0,1.6094377,0.52,1.6094377,3.2188754,-0.0
24,39,10,2,7.768853664398193,0.7765285253524781,0,1,0,1.6094377,0.52,1.6094377,3.2188754,-0.0
24,40,10,2,8.037341833114624,0.8033796548843384,0,1,0,1.6094377,0.52,1.6094377,3.2188754,-0.0
24,41,10,2,7.951288461685181,0.7950769186019897,0,1,0,1.6094377,0.52,1.6094377,3.2188754,-0.0
24,42,10,2,7.624443531036377,0.7624443531036377,0,1,0,1.6094377,0.52,1.6094377,3.2188754,-0.0
24,43,10,2,7.215859651565552,0.7211695671081543,0,1,0,1.6094377,0.52,1.6094377,3.2188754,-0.0
24,44,10,2,7.850586891174316,0.7849589109420776,0,1,0,1.6094377,0.52,1.6094377,3.2188754,-0.0
24,45,10,2,8.224302053451538,0.8223306179046631,0,1,0,1.6094377,0.52,1.6094377,3.2188754,-0.0
24,46,10,2,7.458658933639526,0.7455006837844849,0,1,0,1.6094377,0.52,1.6094377,3.2188754,-0.0
24,47,10,2,7.674109935760498,0.7674109935760498,0,1,0,1.6094377,0.52,1.6094377,3.2188754,-0.0
24,48,10,2,7.988901615142822,0.7986750364303589,0,1,0,1.6094377,0.52,1.6094377,3.2188754,-0.0
24,49,18,2,14.745770454406738,0.8188431925243802,0,1,0,1.6094377,0.52,1.6094377,3.2188754,-0.0
24,50,10,2,7.584471225738525,0.7584471225738525,0,1,0,1.6094377,0.52,1.6094377,3.2188754,-0.0
24,51,10,2,7.613699913024902,0.7613699913024903,0,1,0,1.6094377,0.52,1.6094377,3.2188754,-0.0
24,52,41,1,34.212136030197144,0.8341556176906679,1,0,0,1.5941125,0.52585363,1.5926414,3.2188754,-0.0
24,53,10,2,7.565874814987183,0.7564363956451416,0,1,0,1.6094377,0.52,1.6094377,3.2188754,-0.0
24,54,12,2,8.935529470443726,0.7444135745366415,0,1,0,1.6094378,0.52,1.6094377,3.2188754,-0.0
24,55,14,2,10.49135708808899,0.7492320367268154,0,1,0,1.6094378,0.52,1.6094377,3.2188754,-0.0
24,56,10,2,7.779181003570557,0.7778175592422485,0,1,0,1.6094377,0.52,1.6094377,3.2188754,-0.0
24,57,14,2,10.742827415466309,0.767154506274632,0,1,0,1.6094378,0.52,1.6094377,3.2188754,-0.0
24,58,10,2,7.6840291023254395,0.7683027744293213,0,1,0,1.6094377,0.52,1.6094377,3.2188754,-0.0
24,59,10,2,7.87920880317688,0.7877181529998779,0,1,0,1.6094377,0.52,1.6094377,3.2188754,-0.0
24,60,10,2,7.457311153411865,0.7455207109451294,0,1,0,1.6094377,0.52,1.6094377,3.2188754,-0.0
24,61,10,2,7.837193012237549,0.7837193012237549,0,1,0,1.6094377,0.52,1.6094377,3.2188754,-0.0
24,62,30,2,24.5474271774292,0.818129587173462,0,1,0,1.6094377,0.52,1.6094375,3.2188754,-0.0
24,63,10,2,7.4506614208221436,0.7450661420822143,0,1,0,1.6094377,0.52,1.6094377,3.2188754,-0.0
24,64,10,2,7.89746356010437,0.7894928455352783,0,1,0,1.6094377,0.52,1.6094377,3.2188754,-0.0
24,65,10,2,7.683455467224121,0.768142294883728,0,1,0,1.6094377,0.52,1.6094377,3.2188754,-0.0
24,66,10,2,7.8843772411346436,0.7882344007492066,0,1,0,1.6094377,0.52,1.6094377,3.2188754,-0.0
24,67,16,2,12.432692050933838,0.7768746763467789,0,1,0,1.6094377,0.52,1.6094377,3.2188754,-0.0
24,68,10,2,7.589584589004517,0.7589584589004517,0,1,0,1.6094377,0.52,1.6094377,3.2188754,-0.0
24,69,10,2,7.676100969314575,0.7675578117370605,0,1,0,1.6094377,0.52,1.6094377,3.2188754,-0.0
24,70,16,2,12.346665620803833,0.771572083234787,0,1,0,1.6094377,0.52,1.6094377,3.2188754,-0.0
24,71,17,1,13.513752698898315,0.7946191535276526,1,0,0,1.5997307,0.52705884,1.5618666,3.2188754,-0.0
24,72,20,2,16.169344425201416,0.8083161354064942,0,1,0,1.6094377,0.52,1.6094377,3.2188754,-0.0
24,73,10,2,7.727842807769775,0.7726332187652588,0,1,0,1.6094377,0.52,1.6094377,3.2188754,-0.0
24,74,10,2,7.478257894515991,0.7477241277694702,0,1,0,1.6094377,0.52,1.6094377,3.2188754,-0.0
24,75,20,2,16.047949075698853,0.8023974537849426,0,1,0,1.6094377,0.52,1.6094377,3.2188754,-0.0
24,76,10,2,7.712791919708252,0.7708265066146851,0,1,0,1.6094377,0.52,1.6094377,3.2188754,-0.0
24,77,16,2,12.488174676895142,0.7803459018468857,0,1,0,1.6094377,0.52,1.6094377,3.2188754,-0.0
24,78,21,1,17.161784410476685,0.8171793619791666,1,0,0,1.5487131,0.5390476,1.5939549,3.2188754,-0.0
24,79,20,2,13.034660577774048,0.6516574144363403,0,1,0,1.6094377,0.52,1.6094377,3.2188754,-0.0
24,80,10,2,7.773001194000244,0.7773001194000244,0,1,0,1.6094377,0.52,1.6094377,3.2188754,-0.0
24,81,10,2,7.614708662033081,0.7613137483596801,0,1,0,1.6094377,0.52,1.6094377,3.2188754,-0.0
24,82,10,2,7.437847375869751,0.7436738014221191,0,1,0,1.6094377,0.52,1.6094377,3.2188754,-0.0
24,83,25,1,18.801055908203125,0.7519415187835693,1,0,0,1.551778,0.5376,1.6020204,3.2188754,-0.0
24,84,10,2,7.24884557723999,0.7248845577239991,0,1,0,1.6094377,0.52,1.6094377,3.2188754,-0.0
24,85,10,2,7.581033706665039,0.7579378366470337,0,1,0,1.6094377,0.52,1.6094377,3.2188754,-0.0
24,86,12,2,8.62619137763977,0.718674103418986,0,1,0,1.6094378,0.52,1.6094377,3.2188754,-0.0
24,87,10,2,6.25361967086792,0.6251874446868897,0,1,0,1.6094377,0.52,1.6094377,3.2188754,-0.0
24,88,14,2,10.924632787704468,0.7802233355385917,0,1,0,1.6094378,0.52,1.6094377,3.2188754,-0.0
24,89,16,2,11.10247540473938,0.6936837583780289,0,1,0,1.6094377,0.52,1.6094377,3.2188754,-0.0
24,90,18,2,9.876654863357544,0.5486471652984619,0,1,0,1.6094377,0.52,1.6094377,3.2188754,-0.0
24,91,20,2,10.814974308013916,0.5407174229621887,0,1,0,1.6094377,0.52,1.6094377,3.2188754,-0.0
24,92,14,2,11.134989261627197,0.7950319903237479,0,1,0,1.6094378,0.52,1.6094377,3.2188754,-0.0
24,93,10,2,7.118273496627808,0.7116279125213623,0,1,0,1.6094377,0.52,1.6094377,3.2188754,-0.0
24,94,18,2,10.761836290359497,0.5978511174519857,0,1,0,1.6094377,0.52,1.6094377,3.2188754,-0.0
24,95,25,1,13.652223110198975,0.5459885215759277,1,0,0,1.5738211,0.528,1.5842093,3.2188754,-0.0
24,96,10,2,8.020503997802734,0.8019969940185547,0,1,0,1.6094377,0.52,1.6094377,3.2188754,-0.0
24,97,45,1,27.07856297492981,0.6016634517245822,1,0,0,1.6452028,0.5093334,1.6090404,3.2188754,-0.0
24,98,14,2,7.06881856918335,0.5048010519572667,0,1,0,1.6094378,0.52,1.6094377,3.2188754,-0.0
24,99,10,2,5.0523810386657715,0.5051701307296753,0,1,0,1.6094377,0.52,1.6094377,3.2188754,-0.0
25,0,13,1,12.374198198318481,0.9516678223243127,1,0,0,1.6414903,0.51692307,1.550279,3.2188754,-0.0
25,1,29,1,24.794031620025635,0.8548104845244309,1,0,0,1.6479789,0.50206894,1.5539572,3.2188754,-0.0
25,2,39,1,32.09768509864807,0.8228351458525046,1,0,0,1.616506,0.52000004,1.5892673,3.2188754,-0.0
25,3,10,2,7.32188868522644,0.7320375680923462,0,1,0,1.6094377,0.52,1.6094377,3.2188754,-0.0
25,4,10,2,9.365659952163696,0.9365659952163696,0,1,0,1.6094377,0.52,1.6094377,3.2188754,-0.0
25,5,55,1,45.59961295127869,0.8289922627535733,1,0,0,1.6033994,0.5156363,1.5599186,3.2188754,-0.0
25,6,10,2,7.993716716766357,0.7993716716766357,0,1,0,1.6094377,0.52,1.6094377,3.2188754,-0.0
25,7,68,2,55.48600196838379,0.8158614670529085,0,1,0,1.6186564,0.51529413,1.6019707,3.2188754,-0.0
25,8,10,2,9.324713230133057,0.9320999145507812,0,1,0,1.6094377,0.52,1.6094377,3.2188754,-0.0
25,9,10,2,8.078119993209839,0.8078119993209839,0,1,0,1.6094377,0.52,1.6094377,3.2188754,-0.0
25,10,23,1,19.80073380470276,0.8607613211092742,1,0,0,1.5394622,0.54086953,1.6079158,3.2188754,-0.0
25,11,10,2,8.429993391036987,0.8429993391036987,0,1,0,1.6094377,0.52,1.6094377,3.2188754,-0.0
25,12,10,2,9.325263977050781,0.9324261665344238,0,1,0,1.6094377,0.52,1.6094377,3.2188754,-0.0
25,13,10,2,8.04253625869751,0.804253625869751,0,1,0,1.6094377,0.52,1.6094377,3.2188754,-0.0
25,14,35,1,30.72898507118225,0.8778850759778704,1,0,0,1.5959626,0.5257143,1.5882238,3.2188754,-0.0
25,15,10,2,7.37989354133606,0.7378885746002197,0,1,0,1.6094377,0.52,1.6094377,3.2188754,-0.0
25,16,19,1,17.39146661758423,0.9151811725214908,1,0,0,1.6128067,0.5073684,1.5435873,3.2188754,-0.0
25,17,10,2,8.181868314743042,0.8180246114730835,0,1,0,1.6094377,0.52,1.6094377,3.2188754,-0.0
25,18,10,2,8.105219841003418,0.8104209899902344,0,1,0,1.6094377,0.52,1.6094377,3.2188754,-0.0
25,19,10,2,8.308048486709595,0.8307033538818359,0,1,0,1.6094377,0.52,1.6094377,3.2188754,-0.0
25,20,10,2,9.290346145629883,0.9290346145629883,0,1,0,1.6094377,0.52,1.6094377,3.2188754,-0.0
25,21,27,1,23.67578363418579,0.8767334708461055,1,0,0,1.6308287,0.5125926,1.5608445,3.2188754,-0.0
25,22,10,2,8.540915727615356,0.8538893222808838,0,1,0,1.6094377,0.52,1.6094377,3.2188754,-0.0
25,23,10,2,8.112931728363037,0.8111923456192016,0,1,0,1.6094377,0.52,1.6094377,3.2188754,-0.0
25,24,16,2,14.600924491882324,0.9123321771621704,0,1,0,1.6094377,0.52,1.6094377,3.2188754,-0.0
25,25,18,2,15.190270900726318,0.8436795605553521,0,1,0,1.6094377,0.52,1.6094377,3.2188754,-0.0
25,26,24,2,19.575228452682495,0.8155226409435272,0,1,0,1.6094376,0.52,1.6094377,3.2188754,-0.0
25,27,10,2,7.551074981689453,0.7549526214599609,0,1,0,1.6094377,0.52,1.6094377,3.2188754,-0.0
25,28,10,2,9.226280927658081,0.9223754167556762,0,1,0,1.6094377,0.52,1.6094377,3.2188754,-0.0
25,29,10,2,8.223371505737305,0.8222371816635132,0,1,0,1.6094377,0.52,1.6094377,3.2188754,-0.0
25,30,12,2,9.835376024246216,0.8195616801579794,0,1,0,1.6094378,0.52,1.6094377,3.2188754,-0.0
25,31,10,2,8.24706745147705,0.824406623840332,0,1,0,1.6094377,0.52,1.6094377,3.2188754,-0.0
25,32,18,2,15.09912896156311,0.8386701610353258,0,1,0,1.6094377,0.52,1.6094377,3.2188754,-0.0
25,33,10,2,7.719287157058716,0.7718781948089599,0,1,0,1.6094377,0.52,1.6094377,3.2188754,-0.0
25,34,10,2,7.863733291625977,0.7862734079360962,0,1,0,1.6094377,0.52,1.6094377,3.2188754,-0.0
25,35,10,2,7.641780853271484,0.764018964767456,0,1,0,1.6094377,0.52,1.6094377,3.2188754,-0.0
25,36,18,2,14.523765563964844,0.8066509167353312,0,1,0,1.6094377,0.52,1.6094377,3.2188754,-0.0
25,37,14,2,11.388811349868774,0.8134503023965018,0,1,0,1.6094378,0.52,1.6094377,3.2188754,-0.0
25,38,18,2,14.059383153915405,0.7809653944439359,0,1,0,1.6094377,0.52,1.6094377,3.2188754,-0.0
25,39,16,2,12.81294059753418,0.8007154762744904,0,1,0,1.6094377,0.52,1.6094377,3.2188754,-0.0
25,40,15,1,11.368682146072388,0.7578108628590902,1,0,0,1.6278249,0.51199996,1.5232097,3.2188754,-0.0
25,41,10,2,7.864824533462524,0.7864824533462524,0,1,0,1.6094377,0.52,1.6094377,3.2188754,-0.0
25,42,10,2,7.603283643722534,0.7600270271301269,0,1,0,1.6094377,0.52,1.6094377,3.2188754,-0.0
25,43,10,2,7.652735471725464,0.7651869535446167,0,1,0,1.6094377,0.52,1.6094377,3.2188754,-0.0
25,44,32,2,26.196104049682617,0.8185339495539665,0,1,0,1.6094377,0.52,1.6094377,3.2188754,-0.0
25,45,10,2,7.665997266769409,0.7663321256637573,0,1,0,1.6094377,0.52,1.6094377,3.2188754,-0.0
25,46,10,2,7.297780513763428,0.7294644117355347,0,1,0,1.6094377,0.52,1.6094377,3.2188754,-0.0
25,47,10,2,7.742358207702637,0.7740851640701294,0,1,0,1.6094377,0.52,1.6094377,3.2188754,-0.0
25,48,10,2,7.682633399963379,0.768063235282898,0,1,0,1.6094377,0.52,1.6094377,3.2188754,-0.0
25,49,10,2,7.472240924835205,0.7472240924835205,0,1,0,1.6094377,0.52,1.6094377,3.2188754,-0.0
25,50,10,2,7.4430992603302,0.743987250328064,0,1,0,1.6094377,0.52,1.6094377,3.2188754,-0.0
25,51,10,2,7.552112579345703,0.7551806449890137,0,1,0,1.6094377,0.52,1.6094377,3.2188754,-0.0
25,52,57,1,45.6636164188385,0.8009518489503024,1,0,0,1.7669401,0.44070178,1.4926053,3.2188754,-0.0
25,53,10,2,8.29100751876831,0.8288912534713745,0,1,0,1.6094377,0.52,1.6094377,3.2188754,-0.0
25,54,10,2,7.74001932144165,0.7738373756408692,0,1,0,1.6094377,0.52,1.6094377,3.2188754,-0.0
25,55,10,2,8.171998739242554,0.8168726921081543,0,1,0,1.6094377,0.52,1.6094377,3.2188754,-0.0
25,56,10,2,7.336806774139404,0.7334291934967041,0,1,0,1.6094377,0.52,1.6094377,3.2188754,-0.0
25,57,10,2,7.818065881729126,0.7816787242889405,0,1,0,1.6094377,0.52,1.6094377,3.2188754,-0.0
25,58,14,2,11.172369480133057,0.7978829145431519,0,1,0,1.6094378,0.52,1.6094377,3.2188754,-0.0
25,59,10,2,7.543970823287964,0.7541962623596191,0,1,0,1.6094377,0.52,1.6094377,3.2188754,-0.0
25,60,14,2,10.86676573753357,0.7761255672999791,0,1,0,1.6094378,0.52,1.6094377,3.2188754,-0.0
25,61,25,1,20.118572473526,0.8046610832214356,1,0,0,1.4822698,0.5536,1.5494627,3.2188754,-0.0
25,62,37,1,29.679823398590088,0.802130364082955,1,0,0,1.6593583,0.5005406,1.568062,3.2188754,-0.0
25,63,10,2,6.154382228851318,0.6152374029159546,0,1,0,1.6094377,0.52,1.6094377,3.2188754,-0.0
25,64,36,2,29.585702896118164,0.8216659426689148,0,1,0,1.6094377,0.52000004,1.6094376,3.2188754,-0.0
25,65,10,2,7.930024862289429,0.7928921461105347,0,1,0,1.6094377,0.52,1.6094377,3.2188754,-0.0
25,66,10,2,7.888161659240723,0.788464879989624,0,1,0,1.6094377,0.52,1.6094377,3.2188754,-0.0
25,67,10,2,7.906442642211914,0.7905443191528321,0,1,0,1.6094377,0.52,1.6094377,3.2188754,-0.0
25,68,12,2,9.577029705047607,0.7977900902430216,0,1,0,1.6094378,0.52,1.6094377,3.2188754,-0.0
25,69,10,2,7.685295104980469,0.7682278871536254,0,1,0,1.6094377,0.52,1.6094377,3.2188754,-0.0
25,70,10,2,7.947437763214111,0.794593095779419,0,1,0,1.6094377,0.52,1.6094377,3.2188754,-0.0
25,71,18,2,14.134667873382568,0.785051080915663,0,1,0,1.6094377,0.52,1.6094377,3.2188754,-0.0
25,72,10,2,8.03480863571167,0.8033798456192016,0,1,0,1.6094377,0.52,1.6094377,3.2188754,-0.0
25,73,10,2,8.024378538131714,0.8024378538131713,0,1,0,1.6094377,0.52,1.6094377,3.2188754,-0.0
25,74,16,2,13.18254828453064,0.8238465040922165,0,1,0,1.6094377,0.52,1.6094377,3.2188754,-0.0
25,75,10,2,7.682125568389893,0.7679506540298462,0,1,0,1.6094377,0.52,1.6094377,3.2188754,-0.0
25,76,10,2,7.7305755615234375,0.7728558301925659,0,1,0,1.6094377,0.52,1.6094377,3.2188754,-0.0
25,77,10,2,7.78033709526062,0.7779117345809936,0,1,0,1.6094377,0.52,1.6094377,3.2188754,-0.0
25,78,10,2,8.031378269195557,0.8029340982437134,0,1,0,1.6094377,0.52,1.6094377,3.2188754,-0.0
25,79,10,2,7.714664697647095,0.7711565732955933,0,1,0,1.6094377,0.52,1.6094377,3.2188754,-0.0
25,80,10,2,8.005090475082397,0.8004585027694702,0,1,0,1.6094377,0.52,1.6094377,3.2188754,-0.0
25,81,14,2,11.158838510513306,0.7967678138187954,0,1,0,1.6094378,0.52,1.6094377,3.2188754,-0.0
25,82,10,2,7.2699360847473145,0.726793622970581,0,1,0,1.6094377,0.52,1.6094377,3.2188754,-0.0
25,83,10,2,6.568850040435791,0.6568850040435791,0,1,0,1.6094377,0.52,1.6094377,3.2188754,-0.0
25,84,25,1,19.733449697494507,0.7891776180267334,1,0,0,1.5738211,0.528,1.5842093,3.2188754,-0.0
25,85,10,2,6.031450033187866,0.6031450033187866,0,1,0,1.6094377,0.52,1.6094377,3.2188754,-0.0
25,86,10,2,5.264832496643066,0.5263698816299438,0,1,0,1.6094377,0.52,1.6094377,3.2188754,-0.0
25,87,10,2,5.17573356628418,0.5172691822052002,0,1,0,1.6094377,0.52,1.6094377,3.2188754,-0.0
25,88,10,2,7.504966497421265,0.750446105003357,0,1,0,1.6094377,0.52,1.6094377,3.2188754,-0.0
25,89,10,2,6.822707414627075,0.6822059392929077,0,1,0,1.6094377,0.52,1.6094377,3.2188754,-0.0
25,90,10,2,5.707242965698242,0.570623779296875,0,1,0,1.6094377,0.52,1.6094377,3.2188754,-0.0
25,91,14,2,7.470559120178223,0.5335397720336914,0,1,0,1.6094378,0.52,1.6094377,3.2188754,-0.0
25,92,10,2,7.6770007610321045,0.7675991773605346,0,1,0,1.6094377,0.52,1.6094377,3.2188754,-0.0
25,93,53,1,30.74343729019165,0.579960508166619,1,0,0,1.6146197,0.51924527,1.5870878,3.2188754,-0.0
25,94,10,2,4.752488613128662,0.47494642734527587,0,1,0,1.6094377,0.52,1.6094377,3.2188754,-0.0
25,95,29,1,16.832462549209595,0.5803806699555496,1,0,0,1.5539398,0.5365517,1.6084805,3.2188754,-0.0
25,96,10,2,6.862257480621338,0.6861257314682007,0,1,0,1.6094377,0.52,1.6094377,3.2188754,-0.0
25,97,41,1,23.3809814453125,0.5701403327104522,1,0,0,1.6660255,0.49365848,1.5296459,3.2188754,-0.0
25,98,10,2,5.120471715927124,0.5120471715927124,0,1,0,1.6094377,0.52,1.6094377,3.2188754,-0.0
25,99,10,2,4.718587398529053,0.4718587398529053,0,1,0,1.6094377,0.52,1.6094377,3.2188754,-0.0
26,0,16,2,13.908562421798706,0.8692216724157333,0,1,0,1.6094377,0.52,1.6094377,3.2188754,-0.0
26,1,10,2,7.6663055419921875,0.7666305541992188,0,1,0,1.6094377,0.52,1.6094377,3.2188754,-0.0
26,2,10,2,7.662023544311523,0.7659877061843872,0,1,0,1.6094377,0.52,1.6094377,3.2188754,-0.0
26,3,10,2,7.873235464096069,0.7870538234710693,0,1,0,1.6094377,0.52,1.6094377,3.2188754,-0.0
26,4,22,2,18.77493190765381,0.8532462553544478,0,1,0,1.6094378,0.52,1.6094377,3.2188754,-0.0
26,5,33,1,27.149725675582886,0.8225421905517578,1,0,0,1.6226335,0.5078787,1.567303,3.2188754,-0.0
26,6,10,2,7.691361904144287,0.7691361904144287,0,1,0,1.6094377,0.52,1.6094377,3.2188754,-0.0
26,7,10,2,7.913651466369629,0.7913651466369629,0,1,0,1.6094377,0.52,1.6094377,3.2188754,-0.0
26,8,18,2,16.396058797836304,0.9104922215143839,0,1,0,1.6094377,0.52,1.6094377,3.2188754,-0.0
26,9,12,2,9.817116737365723,0.8180100321769714,0,1,0,1.6094378,0.52,1.6094377,3.2188754,-0.0
26,10,10,2,8.544269561767578,0.8543251276016235,0,1,0,1.6094377,0.52,1.6094377,3.2188754,-0.0
26,11,10,2,8.920475959777832,0.8918967008590698,0,1,0,1.6094377,0.52,1.6094377,3.2188754,-0.0
26,12,38,2,33.98803758621216,0.8943287196912264,0,1,0,1.6094377,0.52000004,1.6094376,3.2188754,-0.0
26,13,33,1,30.046984434127808,0.9104843934377035,1,0,0,1.6161261,0.51151514,1.5701861,3.2188754,-0.0
26,14,14,2,11.69513201713562,0.8353209836142403,0,1,0,1.6094378,0.52,1.6094377,3.2188754,-0.0
26,15,10,2,8.302875757217407,0.8301324844360352,0,1,0,1.6094377,0.52,1.6094377,3.2188754,-0.0
26,16,10,2,9.094216108322144,0.9093218088150025,0,1,0,1.6094377,0.52,1.6094377,3.2188754,-0.0
26,17,10,2,8.13863205909729,0.8134613990783691,0,1,0,1.6094377,0.52,1.6094377,3.2188754,-0.0
26,18,19,1,17.0611674785614,0.8978762124714098,1,0,0,1.6525134,0.5115789,1.5771359,3.2188754,-0.0
26,19,10,2,8.903345584869385,0.8901737928390503,0,1,0,1.6094377,0.52,1.6094377,3.2188754,-0.0
26,20,18,2,16.558427333831787,0.9197949568430582,0,1,0,1.6094377,0.52,1.6094377,3.2188754,-0.0
26,21,10,2,8.212272882461548,0.8210057497024537,0,1,0,1.6094377,0.52,1.6094377,3.2188754,-0.0
26,22,33,1,29.784076929092407,0.902407422210231,1,0,0,1.5707948,0.5321212,1.599869,3.2188754,-0.0
26,23,10,2,8.261457681655884,0.8256923913955688,0,1,0,1.6094377,0.52,1.6094377,3.2188754,-0.0
26,24,10,2,9.174695491790771,0.9173685312271118,0,1,0,1.6094377,0.52,1.6094377,3.2188754,-0.0
26,25,10,2,8.13963770866394,0.8137009382247925,0,1,0,1.6094377,0.52,1.6094377,3.2188754,-0.0
26,26,10,2,8.287799596786499,0.828664493560791,0,1,0,1.6094377,0.52,1.6094377,3.2188754,-0.0
26,27,16,2,14.222036838531494,0.888688251376152,0,1,0,1.6094377,0.52,1.6094377,3.2188754,-0.0
26,28,10,2,8.92998480796814,0.8927424669265747,0,1,0,1.6094377,0.52,1.6094377,3.2188754,-0.0
26,29,16,2,13.562838792800903,0.8475822359323502,0,1,0,1.6094377,0.52,1.6094377,3.2188754,-0.0
26,30,16,2,13.917434692382812,0.869641438126564,0,1,0,1.6094377,0.52,1.6094377,3.2188754,-0.0
26,31,31,1,27.998143911361694,0.9029489101902131,1,0,0,1.6042674,0.51870966,1.5729837,3.2188754,-0.0
26,32,10,2,8.056677103042603,0.8055185794830322,0,1,0,1.6094377,0.52,1.6094377,3.2188754,-0.0
26,33,24,2,20.05496048927307,0.8355254828929901,0,1,0,1.6094376,0.52,1.6094377,3.2188754,-0.0
26,34,10,2,7.832376480102539,0.7832376480102539,0,1,0,1.6094377,0.52,1.6094377,3.2188754,-0.0
26,35,12,2,9.246683597564697,0.770473837852478,0,1,0,1.6094378,0.52,1.6094377,3.2188754,-0.0
26,36,22,2,19.375993013381958,0.8806101083755493,0,1,0,1.6094378,0.52,1.6094377,3.2188754,-0.0
26,37,14,2,11.875159740447998,0.8480791194098336,0,1,0,1.6094378,0.52,1.6094377,3.2188754,-0.0
26,38,10,2,8.270151138305664,0.8269549131393432,0,1,0,1.6094377,0.52,1.6094377,3.2188754,-0.0
26,39,10,2,8.325485944747925,0.8323454141616822,0,1,0,1.6094377,0.52,1.6094377,3.2188754,-0.0
26,40,10,2,8.393401145935059,0.8389201402664185,0,1,0,1.6094377,0.52,1.6094377,3.2188754,-0.0
26,41,10,2,8.506940126419067,0.8506940126419067,0,1,0,1.6094377,0.52,1.6094377,3.2188754,-0.0
26,42,10,2,8.26029658317566,0.8257687807083129,0,1,0,1.6094377,0.52,1.6094377,3.2188754,-0.0
26,43,35,1,30.30535364151001,0.8657951899937221,1,0,0,1.5634538,0.5337143,1.6087807,3.2188754,-0.0
26,44,10,2,8.391201496124268,0.8389003992080688,0,1,0,1.6094377,0.52,1.6094377,3.2188754,-0.0
26,45,10,2,8.484478235244751,0.8483927249908447,0,1,0,1.6094377,0.52,1.6094377,3.2188754,-0.0
26,46,20,2,17.714171886444092,0.8854484915733337,0,1,0,1.6094377,0.52,1.6094377,3.2188754,-0.0
26,47,10,2,8.346630811691284,0.8343474864959717,0,1,0,1.6094377,0.52,1.6094377,3.2188754,-0.0
26,48,10,2,7.418956518173218,0.7418956518173218,0,1,0,1.6094377,0.52,1.6094377,3.2188754,-0.0
26,49,10,2,7.945714235305786,0.7944203615188599,0,1,0,1.6094377,0.52,1.6094377,3.2188754,-0.0
26,50,15,1,12.446494579315186,0.8295613765716553,1,0,0,1.6127564,0.52266663,1.5344493,3.2188754,-0.0
26,51,10,2,7.925239324569702,0.7924240112304688,0,1,0,1.6094377,0.52,1.6094377,3.2188754,-0.0
26,52,12,2,10.204047441482544,0.8501580158869425,0,1,0,1.6094378,0.52,1.6094377,3.2188754,-0.0
26,53,37,1,32.54103398323059,0.8793948405497783,1,0,0,1.6298027,0.50810814,1.5730147,3.2188754,-0.0
26,54,18,2,16.700238943099976,0.9273299508624606,0,1,0,1.6094377,0.52,1.6094377,3.2188754,-0.0
26,55,10,2,8.609879732131958,0.8607857465744019,0,1,0,1.6094377,0.52,1.6094377,3.2188754,-0.0
26,56,10,2,8.306337356567383,0.8302167892456055,0,1,0,1.6094377,0.52,1.6094377,3.2188754,-0.0
26,57,24,2,21.14216375350952,0.880733867486318,0,1,0,1.6094376,0.52,1.6094377,3.2188754,-0.0
26,58,14,2,12.03391170501709,0.8593613249914986,0,1,0,1.6094378,0.52,1.6094377,3.2188754,-0.0
26,59,10,2,9.018821239471436,0.9015719652175903,0,1,0,1.6094377,0.52,1.6094377,3.2188754,-0.0
26,60,10,2,7.857376575469971,0.7856366395950317,0,1,0,1.6094377,0.52,1.6094377,3.2188754,-0.0
26,61,14,2,11.270877361297607,0.8049207414899554,0,1,0,1.6094378,0.52,1.6094377,3.2188754,-0.0
26,62,18,2,15.534823179244995,0.8629325230916342,0,1,0,1.6094377,0.52,1.6094377,3.2188754,-0.0
26,63,18,2,14.913465023040771,0.8284420437282987,0,1,0,1.6094377,0.52,1.6094377,3.2188754,-0.0
26,64,10,2,8.45362138748169,0.8453621387481689,0,1,0,1.6094377,0.52,1.6094377,3.2188754,-0.0
26,65,29,1,26.87889790534973,0.926823616027832,1,0,0,1.623806,0.51862067,1.5832719,3.2188754,-0.0
26,66,10,2,8.54892373085022,0.8546797037124634,0,1,0,1.6094377,0.52,1.6094377,3.2188754,-0.0
26,67,27,1,23.551347970962524,0.8721975573786983,1,0,0,1.4429898,0.5703704,1.5896155,3.2188754,-0.0
26,68,10,2,8.299973487854004,0.8297518968582154,0,1,0,1.6094377,0.52,1.6094377,3.2188754,-0.0
26,69,33,1,30.454806089401245,0.9228065230629661,1,0,0,1.6299514,0.5078788,1.5679207,3.2188754,-0.0
26,70,10,2,8.711355209350586,0.8709333658218383,0,1,0,1.6094377,0.52,1.6094377,3.2188754,-0.0
26,71,14,2,11.84007215499878,0.8455401999609811,0,1,0,1.6094378,0.52,1.6094377,3.2188754,-0.0
26,72,34,2,30.912744998931885,0.9090447566088509,0,1,0,1.6094377,0.52,1.6094377,3.2188754,-0.0
26,73,10,2,8.39260220527649,0.8391603469848633,0,1,0,1.6094377,0.52,1.6094377,3.2188754,-0.0
26,74,18,2,15.751626968383789,0.8750343322753906,0,1,0,1.6094377,0.52,1.6094377,3.2188754,-0.0
26,75,10,2,8.429634809494019,0.8429634809494019,0,1,0,1.6094377,0.52,1.6094377,3.2188754,-0.0
26,76,10,2,7.946354627609253,0.7945353031158447,0,1,0,1.6094377,0.52,1.6094377,3.2188754,-0.0
26,77,22,2,19.038947820663452,0.8652457323941317,0,1,0,1.6094378,0.52,1.6094377,3.2188754,-0.0
26,78,35,1,29.18287682533264,0.8336344378335135,1,0,0,1.5990186,0.51542854,1.5841839,3.2188754,-0.0
26,79,43,1,29.70050859451294,0.6905026047728783,1,0,0,1.6012806,0.52279073,1.582828,3.2188754,-0.0
26,80,10,2,8.654365062713623,0.8653301000595093,0,1,0,1.6094377,0.52,1.6094377,3.2188754,-0.0
26,81,12,2,10.848734378814697,0.9040103157361349,0,1,0,1.6094378,0.52,1.6094377,3.2188754,-0.0
26,82,47,1,40.69372248649597,0.8657103751568084,1,0,0,1.6352515,0.50297874,1.5687276,3.2188754,-0.0
26,83,13,1,10.611572027206421,0.8161150492154635,1,0,0,1.6082537,0.5261538,1.5463032,3.2188754,-0.0
26,84,10,2,8.642066478729248,0.8639514923095704,0,1,0,1.6094377,0.52,1.6094377,3.2188754,-0.0
26,85,14,2,12.451785802841187,0.8893750905990601,0,1,0,1.6094378,0.52,1.6094377,3.2188754,-0.0
26,86,16,2,13.94061279296875,0.8712882995605469,0,1,0,1.6094377,0.52,1.6094377,3.2188754,-0.0
26,87,16,2,13.243300437927246,0.827612042427063,0,1,0,1.6094377,0.52,1.6094377,3.2188754,-0.0
26,88,22,2,19.21935248374939,0.8734697103500366,0,1,0,1.6094378,0.52,1.6094377,3.2188754,-0.0
26,89,10,2,7.963964223861694,0.7960944414138794,0,1,0,1.6094377,0.52,1.6094377,3.2188754,-0.0
26,90,10,2,7.813014507293701,0.78109290599823,0,1,0,1.6094377,0.52,1.6094377,3.2188754,-0.0
26,91,10,2,7.500852584838867,0.7498757362365722,0,1,0,1.6094377,0.52,1.6094377,3.2188754,-0.0
26,92,10,2,7.7669243812561035,0.7763917684555054,0,1,0,1.6094377,0.52,1.6094377,3.2188754,-0.0
26,93,10,2,7.8626930713653564,0.7860633134841919,0,1,0,1.6094377,0.52,1.6094377,3.2188754,-0.0
26,94,27,1,21.506141901016235,0.7963074843088785,1,0,0,1.5498289,0.5377778,1.6083335,3.2188754,-0.0
26,95,12,2,8.049255132675171,0.6707188089688619,0,1,0,1.6094378,0.52,1.6094377,3.2188754,-0.0
26,96,10,2,8.191042184829712,0.8190041780471802,0,1,0,1.6094377,0.52,1.6094377,3.2188754,-0.0
26,97,14,2,11.129293441772461,0.7948780059814453,0,1,0,1.6094378,0.52,1.6094377,3.2188754,-0.0
26,98,14,2,10.670074701309204,0.7621481929506574,0,1,0,1.6094378,0.52,1.6094377,3.2188754,-0.0
26,99,10,2,6.200481653213501,0.6198228597640991,0,1,0,1.6094377,0.52,1.6094377,3.2188754,-0.0
27,0,10,2,7.863856792449951,0.7861347913742065,0,1,0,1.6094377,0.52,1.6094377,3.2188754,-0.0
27,1,18,2,14.36734414100647,0.797900398572286,0,1,0,1.6094377,0.52,1.6094377,3.2188754,-0.0
27,2,29,1,24.818825006484985,0.8557491220276932,1,0,0,1.559731,0.5351724,1.603169,3.2188754,-0.0
27,3,10,2,8.719719886779785,0.8716087341308594,0,1,0,1.6094377,0.52,1.6094377,3.2188754,-0.0
27,4,10,2,8.27810525894165,0.8276582479476928,0,1,0,1.6094377,0.52,1.6094377,3.2188754,-0.0
27,5,10,2,7.7645604610443115,0.7759564876556396,0,1,0,1.6094377,0.52,1.6094377,3.2188754,-0.0
27,6,16,2,12.740186929702759,0.7961342483758926,0,1,0,1.6094377,0.52,1.6094377,3.2188754,-0.0
27,7,10,2,8.250313997268677,0.8248276948928833,0,1,0,1.6094377,0.52,1.6094377,3.2188754,-0.0
27,8,31,1,25.272422313690186,0.8150228223493022,1,0,0,1.6560795,0.50064516,1.562275,3.2188754,-0.0
27,9,10,2,7.68480658531189,0.768480658531189,0,1,0,1.6094377,0.52,1.6094377,3.2188754,-0.0
27,10,10,2,8.483508586883545,0.8483508586883545,0,1,0,1.6094377,0.52,1.6094377,3.2188754,-0.0
27,11,10,2,7.73237943649292,0.7731379270553589,0,1,0,1.6094377,0.52,1.6094377,3.2188754,-0.0
27,12,19,1,15.439108848571777,0.812452705282914,1,0,0,1.5992169,0.52,1.5506499,3.2188754,-0.0
27,13,20,2,16.048436880111694,0.8023459434509277,0,1,0,1.6094377,0.52,1.6094377,3.2188754,-0.0
27,14,9,1,7.515865802764893,0.8350395626491971,1,0,0,1.4306113,0.5733333,1.599472,3.2188754,-0.0
27,15,47,1,45.04602909088135,0.958253469872982,1,0,0,1.6849288,0.4885107,1.5566139,3.2188754,-0.0
27,16,10,2,8.069719552993774,0.8068044185638428,0,1,0,1.6094377,0.52,1.6094377,3.2188754,-0.0
27,17,10,2,7.771550416946411,0.7767474174499511,0,1,0,1.6094377,0.52,1.6094377,3.2188754,-0.0
27,18,20,2,16.230859994888306,0.8114660620689392,0,1,0,1.6094377,0.52,1.6094377,3.2188754,-0.0
27,19,10,2,8.405152797698975,0.8403106927871704,0,1,0,1.6094377,0.52,1.6094377,3.2188754,-0.0
27,20,12,2,9.691980600357056,0.8076099356015524,0,1,0,1.6094378,0.52,1.6094377,3.2188754,-0.0
27,21,10,2,7.702458620071411,0.7700447797775268,0,1,0,1.6094377,0.52,1.6094377,3.2188754,-0.0
27,22,10,2,7.940026760101318,0.7939018964767456,0,1,0,1.6094377,0.52,1.6094377,3.2188754,-0.0
27,23,10,2,8.056137561798096,0.8055504322052002,0,1,0,1.6094377,0.52,1.6094377,3.2188754,-0.0
27,24,14,2,11.199941873550415,0.7995989152363369,0,1,0,1.6094378,0.52,1.6094377,3.2188754,-0.0
27,25,10,2,7.747173070907593,0.7745649337768554,0,1,0,1.6094377,0.52,1.6094377,3.2188754,-0.0
27,26,10,2,7.947627067565918,0.794662070274353,0,1,0,1.6094377,0.52,1.6094377,3.2188754,-0.0
27,27,10,2,8.18424367904663,0.8182623624801636,0,1,0,1.6094377,0.52,1.6094377,3.2188754,-0.0
27,28,16,2,12.908905267715454,0.8066487461328506,0,1,0,1.6094377,0.52,1.6094377,3.2188754,-0.0
27,29,14,2,11.148481369018555,0.7962486914225987,0,1,0,1.6094378,0.52,1.6094377,3.2188754,-0.0
27,30,10,2,7.934110641479492,0.7934110641479493,0,1,0,1.6094377,0.52,1.6094377,3.2188754,-0.0
27,31,10,2,8.378955841064453,0.8377954244613648,0,1,0,1.6094377,0.52,1.6094377,3.2188754,-0.0
27,32,10,2,8.323074340820312,0.8318549394607544,0,1,0,1.6094377,0.52,1.6094377,3.2188754,-0.0
27,33,24,2,21.646292686462402,0.9019074340661367,0,1,0,1.6094376,0.52,1.6094377,3.2188754,-0.0
27,34,10,2,9.75069785118103,0.9745828628540039,0,1,0,1.6094377,0.52,1.6094377,3.2188754,-0.0
27,35,10,2,11.218081712722778,1.1213412046432496,0,1,0,1.6094377,0.52,1.6094377,3.2188754,-0.0
27,36,10,2,8.439812660217285,0.8437791347503663,0,1,0,1.6094377,0.52,1.6094377,3.2188754,-0.0
27,37,18,2,16.218217611312866,0.9009537961747911,0,1,0,1.6094377,0.52,1.6094377,3.2188754,-0.0
27,38,10,2,8.975817203521729,0.8972302913665772,0,1,0,1.6094377,0.52,1.6094377,3.2188754,-0.0
27,39,18,2,20.921111822128296,1.1620885531107585,0,1,0,1.6094377,0.52,1.6094377,3.2188754,-0.0
27,40,27,1,23.99871063232422,0.8887852297888862,1,0,0,1.5293509,0.5481481,1.5635333,3.2188754,-0.0
27,41,10,2,9.190988779067993,0.9187986612319946,0,1,0,1.6094377,0.52,1.6094377,3.2188754,-0.0
27,42,18,2,20.643022298812866,1.1464893023173015,0,1,0,1.6094377,0.52,1.6094377,3.2188754,-0.0
27,43,14,2,12.572314739227295,0.8979509047099522,0,1,0,1.6094378,0.52,1.6094377,3.2188754,-0.0
27,44,10,2,8.125086069107056,0.8122562170028687,0,1,0,1.6094377,0.52,1.6094377,3.2188754,-0.0
27,45,18,2,16.00123357772827,0.8887773752212524,0,1,0,1.6094377,0.52,1.6094377,3.2188754,-0.0
27,46,10,2,10.138474225997925,1.0133753776550294,0,1,0,1.6094377,0.52,1.6094377,3.2188754,-0.0
27,47,10,2,11.334803342819214,1.1333441257476806,0,1,0,1.6094377,0.52,1.6094377,3.2188754,-0.0
27,48,10,2,8.268195867538452,0.8268195867538453,0,1,0,1.6094377,0.52,1.6094377,3.2188754,-0.0
27,49,22,2,21.229235410690308,0.9648043567484076,0,1,0,1.6094378,0.52,1.6094377,3.2188754,-0.0
27,50,16,2,18.698353052139282,1.168503850698471,0,1,0,1.6094377,0.52,1.6094377,3.2188754,-0.0
27,51,10,2,8.922443866729736,0.8919193267822265,0,1,0,1.6094377,0.52,1.6094377,3.2188754,-0.0
27,52,18,2,16.468828201293945,0.9148237042956882,0,1,0,1.6094377,0.52,1.6094377,3.2188754,-0.0
27,53,10,2,10.238762378692627,1.0233761072158813,0,1,0,1.6094377,0.52,1.6094377,3.2188754,-0.0
27,54,65,1,61.7629668712616,0.9500403844393217,1,0,0,1.5937996,0.52307695,1.6019021,3.2188754,-0.0
27,55,10,2,8.655146598815918,0.8654513120651245,0,1,0,1.6094377,0.52,1.6094377,3.2188754,-0.0
27,56,10,2,8.835566759109497,0.8834550142288208,0,1,0,1.6094377,0.52,1.6094377,3.2188754,-0.0
27,57,10,2,9.938850402832031,0.9935148239135743,0,1,0,1.6094377,0.52,1.6094377,3.2188754,-0.0
27,58,10,2,11.392457008361816,1.1388391971588134,0,1,0,1.6094377,0.52,1.6094377,3.2188754,-0.0
27,59,10,2,9.615904808044434,0.9613880157470703,0,1,0,1.6094377,0.52,1.6094377,3.2188754,-0.0
27,60,10,2,10.107637166976929,1.0107637166976928,0,1,0,1.6094377,0.52,1.6094377,3.2188754,-0.0
27,61,39,1,35.2860472202301,0.9045324508960431,1,0,0,1.5944924,0.5179488,1.5876062,3.2188754,-0.0
27,62,10,2,8.482018947601318,0.8480011463165283,0,1,0,1.6094377,0.52,1.6094377,3.2188754,-0.0
27,63,10,2,8.805785179138184,0.88037109375,0,1,0,1.6094377,0.52,1.6094377,3.2188754,-0.0
27,64,12,2,12.313090324401855,1.0256293416023254,0,1,0,1.6094378,0.52,1.6094377,3.2188754,-0.0
27,65,10,2,8.793840646743774,0.8791832685470581,0,1,0,1.6094377,0.52,1.6094377,3.2188754,-0.0
27,66,27,1,24.444661140441895,0.9050699869791666,1,0,0,1.5498289,0.5377778,1.6083335,3.2188754,-0.0
27,67,16,2,14.532069206237793,0.9081287831068039,0,1,0,1.6094377,0.52,1.6094377,3.2188754,-0.0
27,68,10,2,9.500597476959229,0.9496572732925415,0,1,0,1.6094377,0.52,1.6094377,3.2188754,-0.0
27,69,10,2,8.97558856010437,0.8975588560104371,0,1,0,1.6094377,0.52,1.6094377,3.2188754,-0.0
27,70,10,2,8.510108470916748,0.8508096694946289,0,1,0,1.6094377,0.52,1.6094377,3.2188754,-0.0
27,71,20,2,17.601473808288574,0.879858934879303,0,1,0,1.6094377,0.52,1.6094377,3.2188754,-0.0
27,72,10,2,8.699174165725708,0.869665265083313,0,1,0,1.6094377,0.52,1.6094377,3.2188754,-0.0
27,73,18,2,16.132112741470337,0.8959890074200101,0,1,0,1.6094377,0.52,1.6094377,3.2188754,-0.0
27,74,14,2,11.942479372024536,0.8528190170015607,0,1,0,1.6094378,0.52,1.6094377,3.2188754,-0.0
27,75,36,2,31.796473741531372,0.8831513391600715,0,1,0,1.6094377,0.52000004,1.6094376,3.2188754,-0.0
27,76,10,2,8.835289478302002,0.8835289478302002,0,1,0,1.6094377,0.52,1.6094377,3.2188754,-0.0
27,77,10,2,8.382965326309204,0.837727427482605,0,1,0,1.6094377,0.52,1.6094377,3.2188754,-0.0
27,78,37,1,33.37392544746399,0.9019135591146108,1,0,0,1.6500931,0.5027027,1.5686537,3.2188754,-0.0
27,79,47,1,37.322535276412964,0.7938385364857126,1,0,0,1.6006963,0.5208511,1.5740384,3.2188754,-0.0
27,80,10,2,8.811747074127197,0.8810736894607544,0,1,0,1.6094377,0.52,1.6094377,3.2188754,-0.0
27,81,22,2,19.484496593475342,0.8856130621650002,0,1,0,1.6094378,0.52,1.6094377,3.2188754,-0.0
27,82,21,1,19.487162590026855,0.9278884274618966,1,0,0,1.5869793,0.5295238,1.5738584,3.2188754,-0.0
27,83,10,2,8.290571451187134,0.8288572072982788,0,1,0,1.6094377,0.52,1.6094377,3.2188754,-0.0
27,84,10,2,8.500264406204224,0.8498749732971191,0,1,0,1.6094377,0.52,1.6094377,3.2188754,-0.0
27,85,33,1,29.45606303215027,0.8925113894722678,1,0,0,1.6806468,0.49454546,1.5611153,3.2188754,-0.0
27,86,22,2,19.195892095565796,0.8724950660358776,0,1,0,1.6094378,0.52,1.6094377,3.2188754,-0.0
27,87,10,2,7.455824851989746,0.7454318284988404,0,1,0,1.6094377,0.52,1.6094377,3.2188754,-0.0
27,88,10,2,8.623701095581055,0.8623701095581054,0,1,0,1.6094377,0.52,1.6094377,3.2188754,-0.0
27,89,14,2,12.009122610092163,0.8574002810886928,0,1,0,1.6094378,0.52,1.6094377,3.2188754,-0.0
27,90,10,2,8.057120084762573,0.8057120084762573,0,1,0,1.6094377,0.52,1.6094377,3.2188754,-0.0
27,91,18,2,14.216227769851685,0.789634903271993,0,1,0,1.6094377,0.52,1.6094377,3.2188754,-0.0
27,92,10,2,8.667646646499634,0.8667646646499634,0,1,0,1.6094377,0.52,1.6094377,3.2188754,-0.0
27,93,10,2,7.931387186050415,0.7930864334106446,0,1,0,1.6094377,0.52,1.6094377,3.2188754,-0.0
27,94,10,2,7.7767980098724365,0.7775791406631469,0,1,0,1.6094377,0.52,1.6094377,3.2188754,-0.0
27,95,10,2,7.431494951248169,0.7431494951248169,0,1,0,1.6094377,0.52,1.6094377,3.2188754,-0.0
27,96,25,1,21.233598232269287,0.8491567897796631,1,0,0,1.5843042,0.52959996,1.5817201,3.2188754,-0.0
27,97,14,2,10.521193981170654,0.7514685732977731,0,1,0,1.6094378,0.52,1.6094377,3.2188754,-0.0
27,98,10,2,6.776891469955444,0.6775286436080933,0,1,0,1.6094377,0.52,1.6094377,3.2188754,-0.0
27,99,14,2,7.504371881484985,0.5359982252120972,0,1,0,1.6094378,0.52,1.6094377,3.2188754,-0.0
28,0,10,2,9.214633226394653,0.9213123321533203,0,1,0,1.2767273,0.54,1.2767273,2.5534546,-0.0
28,1,18,2,16.537132740020752,0.9185900423261855,0,1,0,1.2767273,0.54,1.2767273,2.5534546,-0.0
28,2,59,1,72.4960150718689,1.2284672623973782,1,0,0,1.3091836,0.5261017,1.2398098,2.5534546,-0.0
28,3,10,2,11.590247631072998,1.1585225582122802,0,1,0,1.2767273,0.54,1.2767273,2.5534546,-0.0
28,4,14,2,12.23589563369751,0.8739204917635236,0,1,0,1.2767273,0.54,1.2767274,2.5534546,-0.0
28,5,33,1,38.81490206718445,1.176056702931722,1,0,0,1.2745231,0.53818184,1.2485951,2.5534546,-0.0
28,6,29,1,35.61653661727905,1.2278269159382786,1,0,0,1.242315,0.5531034,1.2676681,2.5534546,-0.0
28,7,26,2,32.947436571121216,1.2669319464610174,0,1,0,1.2767274,0.54,1.2767272,2.5534546,-0.0
28,8,18,2,16.258965730667114,0.902936749988132,0,1,0,1.2767273,0.54,1.2767273,2.5534546,-0.0
28,9,23,1,28.093429565429688,1.2211899239083994,1,0,0,1.2566413,0.54956526,1.252213,2.5534546,-0.0
28,10,57,1,67.65036249160767,1.1867028579377292,1,0,0,1.3646371,0.50385964,1.2272586,2.5534546,-0.0
28,11,14,2,15.53571081161499,1.109309094292777,0,1,0,1.2767273,0.54,1.2767274,2.5534546,-0.0
28,12,10,2,7.141554117202759,0.7139921903610229,0,1,0,1.2767273,0.54,1.2767273,2.5534546,-0.0
28,13,30,2,23.44225549697876,0.7813078959782919,0,1,0,1.2767274,0.54,1.2767272,2.5534546,-0.0
28,14,10,2,8.914618492126465,0.891211462020874,0,1,0,1.2767273,0.54,1.2767273,2.5534546,-0.0
28,15,16,2,14.858084917068481,0.928212434053421,0,1,0,1.2767273,0.54,1.2767273,2.5534546,-0.0
28,16,65,1,53.00148868560791,0.8152131594144381,1,0,0,1.3320696,0.5083077,1.2296646,2.5534546,-0.0
28,17,10,2,8.827518224716187,0.8827518224716187,0,1,0,1.2767273,0.54,1.2767273,2.5534546,-0.0
28,18,10,2,8.818133354187012,0.8817128658294677,0,1,0,1.2767273,0.54,1.2767273,2.5534546,-0.0
28,19,14,2,12.858726024627686,0.918207185609,0,1,0,1.2767273,0.54,1.2767274,2.5534546,-0.0
28,20,33,1,23.747297286987305,0.7194922909592137,1,0,0,1.3188345,0.51757574,1.200638,2.5534546,-0.0
28,21,12,2,11.070985317230225,0.9223843812942505,0,1,0,1.2767273,0.54,1.2767274,2.5534546,-0.0
28,22,10,2,8.490548610687256,0.848955488204956,0,1,0,1.1028565,0.608,1.207535,2.5534546,-0.0
28,23,55,1,51.18633270263672,0.9304665522141891,1,0,0,1.29167,0.536,1.26941,2.5534546,-0.0
28,24,21,1,19.153776168823242,0.9119410741896856,1,0,0,1.2421486,0.5542857,1.2555181,2.5534546,-0.0
28,25,10,2,12.200383424758911,1.2197372198104859,0,1,0,1.2767273,0.54,1.2767273,2.5534546,-0.0
28,26,33,1,40.10630679130554,1.2152513951966257,1,0,0,1.3106647,0.5236364,1.2375194,2.5534546,-0.0
28,27,34,2,42.31470727920532,1.2442504798664766,0,1,0,1.2767273,0.54,1.2767273,2.5534546,-0.0
28,28,23,1,20.36109972000122,0.8852217301078464,1,0,0,1.2212175,0.56,1.27552,2.5534546,-0.0
28,29,21,1,26.535757303237915,1.2634126572381883,1,0,0,1.2421728,0.5504762,1.2555048,2.5534546,-0.0
28,30,10,2,11.986005544662476,1.198210644721985,0,1,0,1.2767273,0.54,1.2767273,2.5534546,-0.0
28,31,27,1,32.7839674949646,1.2140533217677363,1,0,0,1.1552603,0.58518517,1.2547654,2.5534546,-0.0
28,32,45,1,41.52786946296692,0.9226961506737603,1,0,0,1.2667967,0.54311115,1.2614757,2.5534546,-0.0
28,33,12,2,10.850270986557007,0.9041177034378052,0,1,0,1.2767273,0.54,1.2767274,2.5534546,-0.0
28,34,10,2,8.811310052871704,0.8811310052871704,0,1,0,1.2767273,0.54,1.2767273,2.5534546,-0.0
28,35,10,2,9.001697301864624,0.8999014139175415,0,1,0,1.2767273,0.54,1.2767273,2.5534546,-0.0
28,36,27,1,25.833387851715088,0.9565142084051061,1,0,0,1.2498329,0.5511111,1.2603441,2.5534546,-0.0
28,37,10,2,8.953019380569458,0.8951012849807739,0,1,0,1.2767273,0.54,1.2767273,2.5534546,-0.0
28,38,19,1,17.350434064865112,0.9129353824414705,1,0,0,1.2242032,0.56,1.2624974,2.5534546,-0.0
28,39,28,2,25.242228269577026,0.9013647181647164,0,1,0,1.2767274,0.54,1.2767272,2.5534546,-0.0
28,40,12,2,13.725341796875,1.143276075522105,0,1,0,1.2767273,0.54,1.2767274,2.5534546,-0.0
28,41,15,1,18.170643091201782,1.2110788504282632,1,0,0,1.2101967,0.5653333,1.2583054,2.5534546,-0.0
28,42,23,1,24.018566846847534,1.0442421539970066,1,0,0,1.2617474,0.5408696,1.2442907,2.5534546,-0.0
28,43,62,2,56.86564660072327,0.917090646682247,0,1,0,1.3091846,0.52064514,1.2521508,2.5534546,-0.0
28,44,18,2,16.863784074783325,0.9367984798219469,0,1,0,1.2767273,0.54,1.2767273,2.5534546,-0.0
28,45,21,1,18.778368711471558,0.8940163226354689,1,0,0,1.247979,0.54285717,1.2525738,2.5534546,-0.0
28,46,9,1,8.285342454910278,0.9200832843780518,1,0,0,1.1348687,0.5911111,1.2688218,2.5534546,-0.0
28,47,23,1,21.34585475921631,0.9279045954994534,1,0,0,1.2212175,0.56,1.27552,2.5534546,-0.0
28,48,20,2,23.72907781600952,1.1860841155052184,0,1,0,1.2767274,0.54,1.2767273,2.5534546,-0.0
28,49,25,1,25.313632488250732,1.012411012649536,1,0,0,1.2476811,0.552,1.2589995,2.5534546,-0.0
28,50,12,2,11.049922466278076,0.9206100503603617,0,1,0,1.2767273,0.54,1.2767274,2.5534546,-0.0
28,51,51,1,46.829023361206055,0.9181573016970765,1,0,0,1.3473955,0.5035294,1.2104464,2.5534546,-0.0
28,52,12,2,13.231265544891357,1.1019312540690105,0,1,0,1.2767273,0.54,1.2767274,2.5534546,-0.0
28,53,49,1,47.96654391288757,0.9786938355893505,1,0,0,1.3003719,0.5289796,1.2505871,2.5534546,-0.0
28,54,10,2,8.974676609039307,0.8973666667938233,0,1,0,1.2767273,0.54,1.2767273,2.5534546,-0.0
28,55,37,1,34.65549182891846,0.9365805290840767,1,0,0,1.2941699,0.5297297,1.2474425,2.5534546,-0.0
28,56,31,1,32.782164335250854,1.057377569137081,1,0,0,1.2989309,0.5303226,1.2371176,2.5534546,-0.0
28,57,67,1,61.4621946811676,0.9171444622438345,1,0,0,1.2845416,0.53850746,1.2543584,2.5534546,-0.0
28,58,27,1,25.491348028182983,0.9439349527712222,1,0,0,1.2294412,0.55703706,1.2758514,2.5534546,-0.0
28,59,59,1,50.93403935432434,0.863150608741631,1,0,0,1.4500242,0.45694917,1.171475,2.5534546,-0.0
28,60,12,2,10.302780151367188,0.8583976229031881,0,1,0,1.2767273,0.54,1.2767274,2.5534546,-0.0
28,61,43,1,39.0567045211792,0.9081111841423567,1,0,0,1.2904311,0.53302324,1.2490697,2.5534546,-0.0
28,62,63,1,53.40094232559204,0.8474703667655824,1,0,0,1.3702472,0.49523813,1.2066393,2.5534546,-0.0
28,63,29,1,25.833808422088623,0.8905959622613315,1,0,0,1.2327024,0.555862,1.275968,2.5534546,-0.0
28,64,29,1,30.115896463394165,1.0382332144112423,1,0,0,1.242315,0.5531034,1.2676681,2.5534546,-0.0
28,65,10,2,8.522150993347168,0.8518547534942627,0,1,0,1.2767273,0.54,1.2767273,2.5534546,-0.0
28,66,31,1,28.9744713306427,0.9345236286040275,1,0,0,1.3093518,0.52387094,1.2350261,2.5534546,-0.0
28,67,43,1,41.32509207725525,0.9609639921853709,1,0,0,1.253519,0.54883724,1.270727,2.5534546,-0.0
28,68,25,1,22.614687204360962,0.9045474624633789,1,0,0,1.2684777,0.5456,1.2515849,2.5534546,-0.0
28,69,26,2,22.39234232902527,0.8610898806498601,0,1,0,1.2767274,0.54,1.2767272,2.5534546,-0.0
28,70,14,2,12.354593753814697,0.8824344532830375,0,1,0,1.2767273,0.54,1.2767274,2.5534546,-0.0
28,71,10,2,8.528548955917358,0.8525533676147461,0,1,0,1.2767273,0.54,1.2767273,2.5534546,-0.0
28,72,28,2,24.29070258140564,0.8674173695700509,0,1,0,1.2767274,0.54,1.2767272,2.5534546,-0.0
28,73,51,1,44.82213044166565,0.8786352101494285,1,0,0,1.2571595,0.54745096,1.2716981,2.5534546,-0.0
28,74,10,2,7.97296929359436,0.7968416929244995,0,1,0,1.2767273,0.54,1.2767273,2.5534546,-0.0
28,75,10,2,8.7809317111969,0.877676248550415,0,1,0,1.2767273,0.54,1.2767273,2.5534546,-0.0
28,76,33,1,31.319438934326172,0.9489801796999845,1,0,0,1.275117,0.5369697,1.2483044,2.5534546,-0.0
28,77,55,1,48.99022555351257,0.8905902125618674,1,0,0,1.2775279,0.5425455,1.2595687,2.5534546,-0.0
28,78,16,2,15.216139316558838,0.9506543725728989,0,1,0,1.2767273,0.54,1.2767273,2.5534546,-0.0
28,79,29,1,25.495968103408813,0.8790330064707789,1,0,0,1.2531489,0.5462069,1.2607105,2.5534546,-0.0
28,80,39,1,37.31116771697998,0.9565672935583652,1,0,0,1.2867783,0.53538465,1.2453029,2.5534546,-0.0
28,81,12,2,10.328719139099121,0.8607265949249268,0,1,0,1.2767273,0.54,1.2767274,2.5534546,-0.0
28,82,13,1,11.40254259109497,0.8771186608534592,1,0,0,1.1999613,0.5692308,1.2551341,2.5534546,-0.0
28,83,20,2,17.734764575958252,0.8865084290504456,0,1,0,1.2767274,0.54,1.2767273,2.5534546,-0.0
28,84,23,1,22.025908708572388,0.9574459324712339,1,0,0,1.2333379,0.5565218,1.2651403,2.5534546,-0.0
28,85,34,2,30.939735412597656,0.9098734505036298,0,1,0,1.2767273,0.54,1.2767273,2.5534546,-0.0
28,86,47,1,42.13629150390625,0.8963259331723477,1,0,0,1.30097,0.52851063,1.2517449,2.5534546,-0.0
28,87,20,2,17.56057381629944,0.8777452707290649,0,1,0,1.2767274,0.54,1.2767273,2.5534546,-0.0
28,88,46,2,39.48433494567871,0.8582008455110632,0,1,0,1.2969923,0.5304348,1.2604948,2.5534546,-0.0
28,89,29,1,21.896559715270996,0.7549820110715669,1,0,0,1.2320662,0.5448276,1.212394,2.5534546,-0.0
28,90,51,1,41.26324701309204,0.8088881174723307,1,0,0,1.2669713,0.5435294,1.2638669,2.5534546,-0.0
28,91,30,2,18.269083499908447,0.6088930845260621,0,1,0,1.2767274,0.54,1.2767272,2.5534546,-0.0
28,92,53,1,46.97320747375488,0.8860602198906664,1,0,0,1.3059614,0.5283019,1.2486936,2.5534546,-0.0
28,93,44,2,39.33930253982544,0.8938914970918135,0,1,0,1.2767273,0.54,1.2767274,2.5534546,-0.0
28,94,25,1,20.2295663356781,0.8091390323638916,1,0,0,1.2476811,0.552,1.2589995,2.5534546,-0.0
28,95,10,2,6.251046657562256,0.6251046657562256,0,1,0,1.2767273,0.54,1.2767273,2.5534546,-0.0
28,96,12,2,10.257344007492065,0.854483405749003,0,1,0,1.2767273,0.54,1.2767274,2.5534546,-0.0
28,97,40,2,31.542571544647217,0.7885138988494873,0,1,0,1.2767273,0.54,1.2767273,2.5534546,-0.0
28,98,55,1,41.38125920295715,0.7522932919588956,1,0,0,1.2471278,0.5476364,1.2413164,2.5534546,-0.0
28,99,23,1,14.948961019515991,0.6499103981515636,1,0,0,1.2212175,0.56,1.27552,2.5534546,-0.0
29,0,17,1,15.389793395996094,0.9051756578333238,1,0,0,1.2180239,0.56235296,1.2606688,2.5534546,-0.0
29,1,10,2,8.69849443435669,0.8697492599487304,0,1,0,1.2767273,0.54,1.2767273,2.5534546,-0.0
29,2,53,1,46.521600008010864,0.8776685201896811,1,0,0,1.3800595,0.4860378,1.2023768,2.5534546,-0.0
29,3,10,2,8.45602822303772,0.8456028223037719,0,1,0,1.2767273,0.54,1.2767273,2.5534546,-0.0
29,4,31,1,28.33641767501831,0.9139628333430136,1,0,0,1.2355427,0.5548387,1.276063,2.5534546,-0.0
29,5,38,2,34.0414457321167,0.8957174075277228,0,1,0,1.2767273,0.54,1.2767273,2.5534546,-0.0
29,6,21,1,18.7571017742157,0.8931661106291271,1,0,0,1.247046,0.54476196,1.2530091,2.5534546,-0.0
29,7,17,1,15.330102443695068,0.9015635322122013,1,0,0,1.2645954,0.54823536,1.2395577,2.5534546,-0.0
29,8,39,1,35.421061754226685,0.9080772033104529,1,0,0,1.260547,0.5466667,1.2621173,2.5534546,-0.0
29,9,19,1,16.93695092201233,0.8912861598165411,1,0,0,1.2715019,0.5389474,1.2281704,2.5534546,-0.0
29,10,29,1,26.389246940612793,0.9098805065812736,1,0,0,1.2327024,0.555862,1.275968,2.5534546,-0.0
29,11,12,2,10.437961339950562,0.8696620663007101,0,1,0,1.2767273,0.54,1.2767274,2.5534546,-0.0
29,12,10,2,9.271883249282837,0.9269370555877685,0,1,0,1.2767273,0.54,1.2767273,2.5534546,-0.0
29,13,51,1,45.753782987594604,0.896995464960734,1,0,0,1.3002635,0.53176475,1.2750564,2.5534546,-0.0
29,14,41,1,36.79638171195984,0.8973229338483113,1,0,0,1.2654595,0.54536587,1.2630733,2.5534546,-0.0
29,15,10,2,8.662676811218262,0.8662676811218262,0,1,0,1.2767273,0.54,1.2767273,2.5534546,-0.0
29,16,30,2,27.128851890563965,0.9041396856307984,0,1,0,1.2934074,0.53333336,1.2631346,2.5534546,-0.0
29,17,45,1,40.53426814079285,0.9006477408938938,1,0,0,1.2483556,0.5502222,1.2764121,2.5534546,-0.0
29,18,25,1,22.6509690284729,0.9059329128265381,1,0,0,1.2256583,0.5584,1.2757056,2.5534546,-0.0
29,19,10,2,8.389236688613892,0.8389236688613891,0,1,0,1.2767273,0.54,1.2767273,2.5534546,-0.0
29,20,10,2,9.125022411346436,0.9121999025344849,0,1,0,1.2767273,0.54,1.2767273,2.5534546,-0.0
29,21,12,2,10.348158836364746,0.8621351520220438,0,1,0,1.2767273,0.54,1.2767274,2.5534546,-0.0
29,22,48,2,42.32603359222412,0.881672645608584,0,1,0,1.3011733,0.5275,1.2576431,2.5534546,-0.0
29,23,20,2,18.122374296188354,0.9058633327484131,0,1,0,1.2767274,0.54,1.2767273,2.5534546,-0.0
29,24,14,2,12.813700914382935,0.9151296615600586,0,1,0,1.2767273,0.54,1.2767274,2.5534546,-0.0
29,25,35,1,31.66310739517212,0.9045162200927734,1,0,0,1.2792732,0.5394286,1.2482084,2.5534546,-0.0
29,26,23,1,21.01679039001465,0.9137299993763799,1,0,0,1.2451555,0.5530435,1.2574143,2.5534546,-0.0
29,27,10,2,8.650255680084229,0.8650255680084229,0,1,0,1.2767273,0.54,1.2767273,2.5534546,-0.0
29,28,57,1,51.828973054885864,0.9091917339124178,1,0,0,1.2854387,0.5389474,1.2654926,2.5534546,-0.0
29,29,14,2,12.325947523117065,0.8802313804626465,0,1,0,1.2767273,0.54,1.2767274,2.5534546,-0.0
29,30,25,1,22.847381591796875,0.9137314510345459,1,0,0,1.2684777,0.5456,1.2515849,2.5534546,-0.0
29,31,12,2,10.24381971359253,0.8535188635190328,0,1,0,1.2767273,0.54,1.2767274,2.5534546,-0.0
29,32,45,1,40.56177854537964,0.901211314731174,1,0,0,1.2776176,0.5413333,1.2624756,2.5534546,-0.0
29,33,10,2,8.823665380477905,0.8822159051895142,0,1,0,1.2767273,0.54,1.2767273,2.5534546,-0.0
29,34,29,1,26.54192042350769,0.9151694692414383,1,0,0,1.2327024,0.555862,1.275968,2.5534546,-0.0
29,35,53,1,48.229398250579834,0.9098620324764611,1,0,0,1.2728357,0.5426415,1.2649366,2.5534546,-0.0
29,36,10,2,8.593682527542114,0.8592668771743774,0,1,0,1.2767273,0.54,1.2767273,2.5534546,-0.0
29,37,59,1,51.63489556312561,0.8750572487459345,1,0,0,1.2919054,0.5301695,1.228371,2.5534546,-0.0
29,38,13,1,11.811355113983154,0.9084115395179162,1,0,0,1.1999613,0.5692308,1.2551341,2.5534546,-0.0
29,39,10,2,8.821255207061768,0.8821255207061768,0,1,0,1.2767273,0.54,1.2767273,2.5534546,-0.0
29,40,10,2,8.65289855003357,0.8649849891662598,0,1,0,1.2767273,0.54,1.2767273,2.5534546,-0.0
29,41,10,2,8.560896396636963,0.8560896396636963,0,1,0,1.2767273,0.54,1.2767273,2.5534546,-0.0
29,42,37,1,33.40432286262512,0.9027382425359778,1,0,0,1.274044,0.53945947,1.2520307,2.5534546,-0.0
29,43,21,1,18.222103357315063,0.867621796471732,1,0,0,1.1462209,0.5961905,1.1904528,2.5534546,-0.0
29,44,39,1,35.75614619255066,0.9167086650163699,1,0,0,1.2581081,0.5476923,1.2654686,2.5534546,-0.0
29,45,53,1,48.17786931991577,0.9088608903704949,1,0,0,1.3062538,0.5283019,1.2524335,2.5534546,-0.0
29,46,10,2,8.41044020652771,0.84083092212677,0,1,0,1.2767273,0.54,1.2767273,2.5534546,-0.0
29,47,25,1,22.566529750823975,0.9024175262451172,1,0,0,1.2144991,0.5616,1.211978,2.5534546,-0.0
29,48,9,1,7.960798978805542,0.8845332198672824,1,0,0,1.1960435,0.5733334,1.2251518,2.5534546,-0.0
29,49,30,2,27.357589721679688,0.9117841482162475,0,1,0,1.2767274,0.54,1.2767272,2.5534546,-0.0
29,50,16,2,14.072134494781494,0.8794456124305725,0,1,0,1.2767273,0.54,1.2767273,2.5534546,-0.0
29,51,10,2,8.666309833526611,0.8664562463760376,0,1,0,1.2767273,0.54,1.2767273,2.5534546,-0.0
29,52,19,1,17.910282373428345,0.9424345116866263,1,0,0,1.2385087,0.5557895,1.2532092,2.5534546,-0.0
29,53,41,1,37.94224190711975,0.9253386113701797,1,0,0,1.2523869,0.5492683,1.2704228,2.5534546,-0.0
29,54,16,2,14.45143461227417,0.9030579477548599,0,1,0,1.2767273,0.54,1.2767273,2.5534546,-0.0
29,55,10,2,8.620040655136108,0.8620040655136109,0,1,0,1.2767273,0.54,1.2767273,2.5534546,-0.0
29,56,19,1,16.49690532684326,0.8682581750970138,1,0,0,1.1697675,0.5894737,1.184398,2.5534546,-0.0
29,57,10,2,9.036399126052856,0.9036399126052856,0,1,0,1.2767273,0.54,1.2767273,2.5534546,-0.0
29,58,61,1,54.79076170921326,0.8980452662608662,1,0,0,1.2774491,0.54229504,1.2612666,2.5534546,-0.0
29,59,12,2,10.355611562728882,0.8628418246905009,0,1,0,1.2767273,0.54,1.2767274,2.5534546,-0.0
29,60,31,1,28.028116703033447,0.9039835237687633,1,0,0,1.314502,0.5212903,1.2349658,2.5534546,-0.0
29,61,29,1,26.23538088798523,0.9045297277384791,1,0,0,1.2327024,0.555862,1.275968,2.5534546,-0.0
29,62,12,2,10.701427221298218,0.8917010426521301,0,1,0,1.2767273,0.54,1.2767274,2.5534546,-0.0
29,63,15,1,12.638731241226196,0.8425153573354085,1,0,0,1.1280147,0.5973333,1.1954885,2.5534546,-0.0
29,64,10,2,8.53867793083191,0.8537678956985474,0,1,0,1.2767273,0.54,1.2767273,2.5534546,-0.0
29,65,27,1,24.54416012763977,0.9089684044873273,1,0,0,1.2294412,0.55703706,1.2758514,2.5534546,-0.0
29,66,17,1,15.997140169143677,0.9408284776351031,1,0,0,1.2790837,0.54352945,1.2386433,2.5534546,-0.0
29,67,34,2,31.343122959136963,0.9217683287227855,0,1,0,1.2767273,0.54,1.2767273,2.5534546,-0.0
29,68,10,2,8.713201522827148,0.8712066888809205,0,1,0,1.2767273,0.54,1.2767273,2.5534546,-0.0
29,69,39,1,35.659294843673706,0.9141628803350986,1,0,0,1.2511387,0.5497436,1.270086,2.5534546,-0.0
29,70,18,2,16.343818426132202,0.9078568352593316,0,1,0,1.2767273,0.54,1.2767273,2.5534546,-0.0
29,71,10,2,8.80442762374878,0.8801913976669311,0,1,0,1.2767273,0.54,1.2767273,2.5534546,-0.0
29,72,10,2,8.39496660232544,0.839496660232544,0,1,0,1.2767273,0.54,1.2767273,2.5534546,-0.0
29,73,10,2,8.404467105865479,0.8402035951614379,0,1,0,1.2767273,0.54,1.2767273,2.5534546,-0.0
29,74,39,1,36.05054759979248,0.9242563003148788,1,0,0,1.2331723,0.5589744,1.2450131,2.5534546,-0.0
29,75,45,1,39.88048338890076,0.8861467520395915,1,0,0,1.2483556,0.5502222,1.2764121,2.5534546,-0.0
29,76,52,2,46.49948716163635,0.8940536700762235,0,1,0,1.3267606,0.5130769,1.2407546,2.5534546,-0.0
29,77,55,1,44.633058071136475,0.8113969932902944,1,0,0,1.3686503,0.4938182,1.2273997,2.5534546,-0.0
29,78,41,1,27.525298357009888,0.6712242510260605,1,0,0,1.2860546,0.537561,1.2505928,2.5534546,-0.0
29,79,25,1,15.828197956085205,0.6329524612426758,1,0,0,1.236809,0.5552,1.2661258,2.5534546,-0.0
29,80,27,1,24.75488257408142,0.9166572358873155,1,0,0,1.2728975,0.5377778,1.2456205,2.5534546,-0.0
29,81,10,2,8.605109214782715,0.8605109214782715,0,1,0,1.2767273,0.54,1.2767273,2.5534546,-0.0
29,82,15,1,13.275984764099121,0.8849315325419108,1,0,0,1.2101967,0.5653333,1.2583054,2.5534546,-0.0
29,83,23,1,20.567450523376465,0.894146670465884,1,0,0,1.2677603,0.54608697,1.2493721,2.5534546,-0.0
29,84,31,1,28.75097918510437,0.9273823076678861,1,0,0,1.3134401,0.5225806,1.2349255,2.5534546,-0.0
29,85,31,1,27.55128312110901,0.8885727543984691,1,0,0,1.2355427,0.5548387,1.276063,2.5534546,-0.0
29,86,41,1,30.75259518623352,0.7500264295717565,1,0,0,1.2455876,0.5512195,1.2763475,2.5534546,-0.0
29,87,25,1,16.243887424468994,0.6496415615081788,1,0,0,1.236809,0.5552,1.2661258,2.5534546,-0.0
29,88,49,1,43.78261613845825,0.8932501685862638,1,0,0,1.242061,0.555102,1.2516738,2.5534546,-0.0
29,89,35,1,27.073913097381592,0.7734080450875419,1,0,0,1.2926983,0.5302858,1.2428193,2.5534546,-0.0
29,90,10,2,6.77616024017334,0.677616024017334,0,1,0,1.2767273,0.54,1.2767273,2.5534546,-0.0
29,91,18,2,11.95115065574646,0.6638493802812364,0,1,0,1.2767273,0.54,1.2767273,2.5534546,-0.0
29,92,20,2,18.00033736228943,0.8998353838920593,0,1,0,1.2767274,0.54,1.2767273,2.5534546,-0.0
29,93,10,2,8.660987615585327,0.865751075744629,0,1,0,1.2767273,0.54,1.2767273,2.5534546,-0.0
29,94,10,2,8.165725469589233,0.8164221763610839,0,1,0,1.2767273,0.54,1.2767273,2.5534546,-0.0
29,95,27,1,22.08519148826599,0.8179700551209627,1,0,0,1.2294412,0.55703706,1.2758514,2.5534546,-0.0
29,96,10,2,8.594089269638062,0.8592089414596558,0,1,0,1.2767273,0.54,1.2767273,2.5534546,-0.0
29,97,12,2,10.07495403289795,0.83945365746816,0,1,0,1.2767273,0.54,1.2767274,2.5534546,-0.0
29,98,15,1,11.889200448989868,0.792513084411621,1,0,0,1.2101967,0.5653333,1.2583054,2.5534546,-0.0
29,99,26,2,19.318068742752075,0.7427702133472149,0,1,0,1.2767274,0.54,1.2767272,2.5534546,-0.0
30,0,32,2,28.63068151473999,0.8945353180170059,0,1,0,1.6094377,0.52,1.6094377,3.2188754,-0.0
30,1,29,1,25.11994457244873,0.8661354985730402,1,0,0,1.6783752,0.4937931,1.555136,3.2188754,-0.0
30,2,39,1,34.24115872383118,0.8779653708140055,1,0,0,1.6614841,0.49948725,1.5675557,3.2188754,-0.0
30,3,10,2,8.171484470367432,0.816996955871582,0,1,0,1.6094377,0.52,1.6094377,3.2188754,-0.0
30,4,57,1,50.237300872802734,0.8812293295274701,1,0,0,1.6065427,0.5221052,1.5954046,3.2188754,-0.0
30,5,10,2,8.201722621917725,0.8199193954467774,0,1,0,1.6094377,0.52,1.6094377,3.2188754,-0.0
30,6,10,2,8.361256837844849,0.836025619506836,0,1,0,1.6094377,0.52,1.6094377,3.2188754,-0.0
30,7,10,2,8.170106887817383,0.8169097661972046,0,1,0,1.6094377,0.52,1.6094377,3.2188754,-0.0
30,8,18,2,16.062880516052246,0.8922090662850274,0,1,0,1.6094377,0.52,1.6094377,3.2188754,-0.0
30,9,10,2,8.174570083618164,0.8174570083618165,0,1,0,1.6094377,0.52,1.6094377,3.2188754,-0.0
30,10,10,2,8.359764337539673,0.8357114791870117,0,1,0,1.6094377,0.52,1.6094377,3.2188754,-0.0
30,11,18,2,15.34378695487976,0.852397256427341,0,1,0,1.6094377,0.52,1.6094377,3.2188754,-0.0
30,12,10,2,8.230000257492065,0.8224970817565918,0,1,0,1.6094377,0.52,1.6094377,3.2188754,-0.0
30,13,9,1,6.7460246086120605,0.7494457297854953,1,0,0,1.4306113,0.5733333,1.599472,3.2188754,-0.0
30,14,10,2,7.418886423110962,0.7417879819869995,0,1,0,1.6094377,0.52,1.6094377,3.2188754,-0.0
30,15,16,2,12.21223759651184,0.7631702572107315,0,1,0,1.6094377,0.52,1.6094377,3.2188754,-0.0
30,16,41,1,33.935038805007935,0.8274859916873094,1,0,0,1.5999196,0.5180487,1.5881195,3.2188754,-0.0
30,17,10,2,7.467498540878296,0.7465929508209228,0,1,0,1.6094377,0.52,1.6094377,3.2188754,-0.0
30,18,16,2,12.253238677978516,0.765795424580574,0,1,0,1.6094377,0.52,1.6094377,3.2188754,-0.0
30,19,10,2,7.199831962585449,0.7198832273483277,0,1,0,1.6094377,0.52,1.6094377,3.2188754,-0.0
30,20,12,2,9.970787286758423,0.8308156530062357,0,1,0,1.6094378,0.52,1.6094377,3.2188754,-0.0
30,21,10,2,7.387626886367798,0.7386034250259399,0,1,0,1.6094377,0.52,1.6094377,3.2188754,-0.0
30,22,22,2,16.955713987350464,0.7707142721522938,0,1,0,1.6094378,0.52,1.6094377,3.2188754,-0.0
30,23,25,1,19.41077184677124,0.77622971534729,1,0,0,1.551778,0.5376,1.6020204,3.2188754,-0.0
30,24,10,2,8.925212860107422,0.8923213481903076,0,1,0,1.6094377,0.52,1.6094377,3.2188754,-0.0
30,25,25,1,21.449422121047974,0.8579165458679199,1,0,0,1.5450602,0.5392,1.6081495,3.2188754,-0.0
30,26,27,1,23.562636375427246,0.8724827943024812,1,0,0,1.5683014,0.5333333,1.59322,3.2188754,-0.0
30,27,10,2,8.139386177062988,0.8138386011123657,0,1,0,1.6094377,0.52,1.6094377,3.2188754,-0.0
30,28,16,2,14.359070777893066,0.8973778188228607,0,1,0,1.6094377,0.52,1.6094377,3.2188754,-0.0
30,29,10,2,8.09437370300293,0.8090745210647583,0,1,0,1.6094377,0.52,1.6094377,3.2188754,-0.0
30,30,18,2,15.20556902885437,0.8447538349363539,0,1,0,1.6094377,0.52,1.6094377,3.2188754,-0.0
30,31,10,2,8.30111312866211,0.8300083398818969,0,1,0,1.6094377,0.52,1.6094377,3.2188754,-0.0
30,32,14,2,10.888771533966064,0.7775110176631382,0,1,0,1.6094378,0.52,1.6094377,3.2188754,-0.0
30,33,10,2,7.312756061553955,0.7311749696731568,0,1,0,1.6094377,0.52,1.6094377,3.2188754,-0.0
30,34,30,2,23.445504426956177,0.7815168142318726,0,1,0,1.6094377,0.52,1.6094375,3.2188754,-0.0
30,35,10,2,7.328714370727539,0.7328714370727539,0,1,0,1.6094377,0.52,1.6094377,3.2188754,-0.0
30,36,10,2,7.730920076370239,0.772939658164978,0,1,0,1.6094377,0.52,1.6094377,3.2188754,-0.0
30,37,10,2,8.330656051635742,0.8329123973846435,0,1,0,1.6094377,0.52,1.6094377,3.2188754,-0.0
30,38,10,2,8.276017189025879,0.827400541305542,0,1,0,1.6094377,0.52,1.6094377,3.2188754,-0.0
30,39,12,2,10.049073696136475,0.8371718923250834,0,1,0,1.6094378,0.52,1.6094377,3.2188754,-0.0
30,40,10,2,8.146775960922241,0.8145777463912964,0,1,0,1.6094377,0.52,1.6094377,3.2188754,-0.0
30,41,16,2,13.722949504852295,0.8575272560119629,0,1,0,1.6094377,0.52,1.6094377,3.2188754,-0.0
30,42,10,2,8.145634889602661,0.8144640684127807,0,1,0,1.6094377,0.52,1.6094377,3.2188754,-0.0
30,43,10,2,8.187559843063354,0.8184524059295655,0,1,0,1.6094377,0.52,1.6094377,3.2188754,-0.0
30,44,19,1,14.80931830406189,0.779274438556872,1,0,0,1.5846151,0.53052634,1.5700477,3.2188754,-0.0
30,45,10,2,7.531915903091431,0.7530902624130249,0,1,0,1.6094377,0.52,1.6094377,3.2188754,-0.0
30,46,10,2,7.133017063140869,0.713301706314087,0,1,0,1.6094377,0.52,1.6094377,3.2188754,-0.0
30,47,10,2,7.4990832805633545,0.7499083280563354,0,1,0,1.6094377,0.52,1.6094377,3.2188754,-0.0
30,48,10,2,7.3645524978637695,0.7363375663757324,0,1,0,1.6094377,0.52,1.6094377,3.2188754,-0.0
30,49,18,2,14.040698528289795,0.779843290646871,0,1,0,1.6094377,0.52,1.6094377,3.2188754,-0.0
30,50,32,2,24.949244499206543,0.7795696407556534,0,1,0,1.6735876,0.48625,1.5638344,3.2188754,-0.0
30,51,10,2,7.2943854331970215,0.7291866540908813,0,1,0,1.6094377,0.52,1.6094377,3.2188754,-0.0
30,52,18,2,15.6326265335083,0.8682828081978692,0,1,0,1.6094377,0.52,1.6094377,3.2188754,-0.0
30,53,10,2,8.178353548049927,0.8176849842071533,0,1,0,1.6094377,0.52,1.6094377,3.2188754,-0.0
30,54,22,2,19.032044172286987,0.8649692752144553,0,1,0,1.6094378,0.52,1.6094377,3.2188754,-0.0
30,55,10,2,8.05482029914856,0.805482029914856,0,1,0,1.6094377,0.52,1.6094377,3.2188754,-0.0
30,56,41,1,35.64421010017395,0.8692115225443026,1,0,0,1.5846454,0.5248781,1.5974035,3.2188754,-0.0
30,57,10,2,7.747149229049683,0.7746643543243408,0,1,0,1.6094377,0.52,1.6094377,3.2188754,-0.0
30,58,10,2,8.337430953979492,0.8335905075073242,0,1,0,1.6094377,0.52,1.6094377,3.2188754,-0.0
30,59,10,2,8.285119533538818,0.8283001899719238,0,1,0,1.6094377,0.52,1.6094377,3.2188754,-0.0
30,60,10,2,8.150728940963745,0.8148993730545044,0,1,0,1.6094377,0.52,1.6094377,3.2188754,-0.0
30,61,18,2,15.18131422996521,0.8432863023546007,0,1,0,1.6094377,0.52,1.6094377,3.2188754,-0.0
30,62,11,1,8.824673891067505,0.8019621588967063,1,0,0,1.5962635,0.51272726,1.5033175,3.2188754,-0.0
30,63,10,2,8.225322246551514,0.8225322246551514,0,1,0,1.6094377,0.52,1.6094377,3.2188754,-0.0
30,64,31,1,24.8284273147583,0.8007020181225192,1,0,0,1.5683017,0.5329032,1.5992178,3.2188754,-0.0
30,65,22,2,17.439117670059204,0.7926413471048529,0,1,0,1.6094378,0.52,1.6094377,3.2188754,-0.0
30,66,10,2,7.657171249389648,0.7655091762542725,0,1,0,1.6094377,0.52,1.6094377,3.2188754,-0.0
30,67,10,2,7.68960165977478,0.7688591480255127,0,1,0,1.6094377,0.52,1.6094377,3.2188754,-0.0
30,68,10,2,8.247855424880981,0.8247490882873535,0,1,0,1.6094377,0.52,1.6094377,3.2188754,-0.0
30,69,10,2,8.081547975540161,0.8079536437988282,0,1,0,1.6094377,0.52,1.6094377,3.2188754,-0.0
30,70,10,2,7.926445007324219,0.79234459400177,0,1,0,1.6094377,0.52,1.6094377,3.2188754,-0.0
30,71,10,2,8.338500499725342,0.8336501121520996,0,1,0,1.6094377,0.52,1.6094377,3.2188754,-0.0
30,72,16,2,12.586296081542969,0.7865802496671677,0,1,0,1.6094377,0.52,1.6094377,3.2188754,-0.0
30,73,16,2,12.383816957473755,0.7737231701612473,0,1,0,1.6094377,0.52,1.6094377,3.2188754,-0.0
30,74,25,1,20.77037239074707,0.8306932830810547,1,0,0,1.5843042,0.52959996,1.5817201,3.2188754,-0.0
30,75,10,2,6.767783164978027,0.6765764236450196,0,1,0,1.6094377,0.52,1.6094377,3.2188754,-0.0
30,76,16,2,13.554123640060425,0.8471327275037766,0,1,0,1.6094377,0.52,1.6094377,3.2188754,-0.0
30,77,10,2,7.996275424957275,0.799527621269226,0,1,0,1.6094377,0.52,1.6094377,3.2188754,-0.0
30,78,10,2,8.005583763122559,0.8004584074020386,0,1,0,1.6094377,0.52,1.6094377,3.2188754,-0.0
30,79,16,2,13.528367280960083,0.8455229550600052,0,1,0,1.6094377,0.52,1.6094377,3.2188754,-0.0
30,80,20,2,17.081466674804688,0.8538859367370606,0,1,0,1.6094377,0.52,1.6094377,3.2188754,-0.0
30,81,10,2,8.120984077453613,0.811938738822937,0,1,0,1.6094377,0.52,1.6094377,3.2188754,-0.0
30,82,10,2,7.482531785964966,0.7480936050415039,0,1,0,1.6094377,0.52,1.6094377,3.2188754,-0.0
30,83,10,2,7.047702789306641,0.7046703338623047,0,1,0,1.6094377,0.52,1.6094377,3.2188754,-0.0
30,84,25,1,19.428982257843018,0.7770891094207764,1,0,0,1.2638671,0.62880003,1.4908273,3.2188754,-0.0
30,85,15,1,10.818822383880615,0.7211881160736084,1,0,0,1.6475202,0.51199996,1.5283473,3.2188754,-0.0
30,86,14,2,7.9944908618927,0.5708179984773908,0,1,0,1.6094378,0.52,1.6094377,3.2188754,-0.0
30,87,12,2,6.959537982940674,0.5799614985783895,0,1,0,1.6094378,0.52,1.6094377,3.2188754,-0.0
30,88,10,2,8.322672128677368,0.8322672128677369,0,1,0,1.6094377,0.52,1.6094377,3.2188754,-0.0
30,89,10,2,8.197113752365112,0.8194106578826904,0,1,0,1.6094377,0.52,1.6094377,3.2188754,-0.0
30,90,39,1,28.633370399475098,0.7340988501524314,1,0,0,1.5842437,0.5241026,1.596243,3.2188754,-0.0
30,91,10,2,5.615399599075317,0.5614399433135986,0,1,0,1.6094377,0.52,1.6094377,3.2188754,-0.0
30,92,16,2,13.726776838302612,0.8577325195074081,0,1,0,1.6094377,0.52,1.6094377,3.2188754,-0.0
30,93,10,2,7.820180177688599,0.7819180727005005,0,1,0,1.6094377,0.52,1.6094377,3.2188754,-0.0
30,94,36,2,24.408019304275513,0.6779307987954881,0,1,0,1.6856333,0.48222223,1.5632414,3.2188754,-0.0
30,95,10,2,5.256802082061768,0.5255775451660156,0,1,0,1.6094377,0.52,1.6094377,3.2188754,-0.0
30,96,29,1,22.171863317489624,0.7645295323996708,1,0,0,1.7137327,0.47310343,1.5336324,3.2188754,-0.0
30,97,10,2,5.87673544883728,0.5874624490737915,0,1,0,1.6094377,0.52,1.6094377,3.2188754,-0.0
30,98,20,2,11.177545070648193,0.5586572170257569,0,1,0,1.6094377,0.52,1.6094377,3.2188754,-0.0
30,99,10,2,4.8483545780181885,0.4844300985336304,0,1,0,1.6094377,0.52,1.6094377,3.2188754,-0.0
31,0,12,2,10.490593910217285,0.8740453124046326,0,1,0,1.6094378,0.52,1.6094377,3.2188754,-0.0
31,1,10,2,8.162565231323242,0.8162565231323242,0,1,0,1.6094377,0.52,1.6094377,3.2188754,-0.0
31,2,30,2,25.41221809387207,0.8470211982727051,0,1,0,1.6094377,0.52,1.6094375,3.2188754,-0.0
31,3,10,2,8.157564163208008,0.8157564163208008,0,1,0,1.6094377,0.52,1.6094377,3.2188754,-0.0
31,4,10,2,8.789124011993408,0.8787109375,0,1,0,1.6094377,0.52,1.6094377,3.2188754,-0.0
31,5,10,2,7.717931509017944,0.7717931509017945,0,1,0,1.6094377,0.52,1.6094377,3.2188754,-0.0
31,6,10,2,8.05232572555542,0.805232572555542,0,1,0,1.6094377,0.52,1.6094377,3.2188754,-0.0
31,7,10,2,8.052759408950806,0.8052759408950806,0,1,0,1.6094377,0.52,1.6094377,3.2188754,-0.0
31,8,16,2,14.046451330184937,0.8777342885732651,0,1,0,1.6094377,0.52,1.6094377,3.2188754,-0.0
31,9,10,2,7.86426568031311,0.7863142013549804,0,1,0,1.6094377,0.52,1.6094377,3.2188754,-0.0
31,10,10,2,7.81615948677063,0.781615948677063,0,1,0,1.6094377,0.52,1.6094377,3.2188754,-0.0
31,11,10,2,8.02250337600708,0.8020928621292114,0,1,0,1.6094377,0.52,1.6094377,3.2188754,-0.0
31,12,10,2,8.754778623580933,0.8753777265548706,0,1,0,1.6094377,0.52,1.6094377,3.2188754,-0.0
31,13,16,2,13.448593378067017,0.8404367417097092,0,1,0,1.6094377,0.52,1.6094377,3.2188754,-0.0
31,14,24,2,20.14990544319153,0.839363177617391,0,1,0,1.6094376,0.52,1.6094377,3.2188754,-0.0
31,15,10,2,8.085636854171753,0.8085636854171753,0,1,0,1.6094377,0.52,1.6094377,3.2188754,-0.0
31,16,10,2,8.683218955993652,0.8682673454284668,0,1,0,1.6094377,0.52,1.6094377,3.2188754,-0.0
31,17,39,1,33.1282844543457,0.849169957332122,1,0,0,1.6004769,0.51487184,1.586669,3.2188754,-0.0
31,18,10,2,8.244574308395386,0.8240559577941895,0,1,0,1.6094377,0.52,1.6094377,3.2188754,-0.0
31,19,10,2,7.929067611694336,0.7926378726959229,0,1,0,1.6094377,0.52,1.6094377,3.2188754,-0.0
31,20,10,2,8.875744581222534,0.8874715566635132,0,1,0,1.6094377,0.52,1.6094377,3.2188754,-0.0
31,21,10,2,8.017553567886353,0.8016542434692383,0,1,0,1.6094377,0.52,1.6094377,3.2188754,-0.0
31,22,16,2,12.922067880630493,0.8074666857719421,0,1,0,1.6094377,0.52,1.6094377,3.2188754,-0.0
31,23,10,2,8.145942687988281,0.8142361640930176,0,1,0,1.6094377,0.52,1.6094377,3.2188754,-0.0
31,24,18,2,15.64849305152893,0.869246138466729,0,1,0,1.6094377,0.52,1.6094377,3.2188754,-0.0
31,25,10,2,7.815347671508789,0.7814289093017578,0,1,0,1.6094377,0.52,1.6094377,3.2188754,-0.0
31,26,10,2,7.870399475097656,0.7866568088531494,0,1,0,1.6094377,0.52,1.6094377,3.2188754,-0.0
31,27,19,1,16.471370458602905,0.8668588713595742,1,0,0,1.5927458,0.52842104,1.5681115,3.2188754,-0.0
31,28,10,2,8.770614624023438,0.8770105838775635,0,1,0,1.6094377,0.52,1.6094377,3.2188754,-0.0
31,29,10,2,7.911887884140015,0.7909834146499634,0,1,0,1.6094377,0.52,1.6094377,3.2188754,-0.0
31,30,34,2,28.68120050430298,0.8433943916769588,0,1,0,1.6094377,0.52,1.6094377,3.2188754,-0.0
31,31,30,2,25.446266889572144,0.8480757236480713,0,1,0,1.6094377,0.52,1.6094375,3.2188754,-0.0
31,32,10,2,7.484139442443848,0.7482385158538818,0,1,0,1.6094377,0.52,1.6094377,3.2188754,-0.0
31,33,16,2,13.679516792297363,0.8549697995185852,0,1,0,1.6094377,0.52,1.6094377,3.2188754,-0.0
31,34,15,1,12.414552927017212,0.8274972279866536,1,0,0,1.6093401,0.5146666,1.5282673,3.2188754,-0.0
31,35,45,1,39.789443492889404,0.8841096030341254,1,0,0,1.6402739,0.512,1.6045455,3.2188754,-0.0
31,36,10,2,7.941305875778198,0.7940305709838867,0,1,0,1.6094377,0.52,1.6094377,3.2188754,-0.0
31,37,12,2,9.787009954452515,0.8155006766319275,0,1,0,1.6094378,0.52,1.6094377,3.2188754,-0.0
31,38,14,2,11.480133533477783,0.8199366501399449,0,1,0,1.6094378,0.52,1.6094377,3.2188754,-0.0
31,39,10,2,7.769780158996582,0.7767762899398803,0,1,0,1.6094377,0.52,1.6094377,3.2188754,-0.0
31,40,10,2,8.176019191741943,0.8176019191741943,0,1,0,1.6094377,0.52,1.6094377,3.2188754,-0.0
31,41,10,2,7.984192609786987,0.7983132123947143,0,1,0,1.6094377,0.52,1.6094377,3.2188754,-0.0
31,42,12,2,9.707761526107788,0.8087619145711263,0,1,0,1.6094378,0.52,1.6094377,3.2188754,-0.0
31,43,10,2,8.093866109848022,0.8092800140380859,0,1,0,1.6094377,0.52,1.6094377,3.2188754,-0.0
31,44,18,2,14.701103210449219,0.8164349661933051,0,1,0,1.6094377,0.52,1.6094377,3.2188754,-0.0
31,45,10,2,8.051425457000732,0.8049905061721802,0,1,0,1.6094377,0.52,1.6094377,3.2188754,-0.0
31,46,10,2,8.303699731826782,0.8301726341247558,0,1,0,1.6094377,0.52,1.6094377,3.2188754,-0.0
31,47,12,2,9.951886177062988,0.8290734887123108,0,1,0,1.6094378,0.52,1.6094377,3.2188754,-0.0
31,48,10,2,7.838879823684692,0.7837553501129151,0,1,0,1.6094377,0.52,1.6094377,3.2188754,-0.0
31,49,10,2,7.914819240570068,0.7911785840988159,0,1,0,1.6094377,0.52,1.6094377,3.2188754,-0.0
31,50,14,2,11.682463884353638,0.8341730151857648,0,1,0,1.6094378,0.52,1.6094377,3.2188754,-0.0
31,51,10,2,8.192246198654175,0.8192246198654175,0,1,0,1.6094377,0.52,1.6094377,3.2188754,-0.0
31,52,31,1,25.886239290237427,0.8348944571710402,1,0,0,1.6787542,0.49419352,1.558302,3.2188754,-0.0
31,53,10,2,8.155800342559814,0.8154791355133056,0,1,0,1.6094377,0.52,1.6094377,3.2188754,-0.0
31,54,10,2,8.060915231704712,0.8058629035949707,0,1,0,1.6094377,0.52,1.6094377,3.2188754,-0.0
31,55,10,2,8.03061294555664,0.8030612945556641,0,1,0,1.6094377,0.52,1.6094377,3.2188754,-0.0
31,56,14,2,11.569204807281494,0.8261912379946027,0,1,0,1.6094378,0.52,1.6094377,3.2188754,-0.0
31,57,18,2,15.536734819412231,0.8628662824630737,0,1,0,1.6094377,0.52,1.6094377,3.2188754,-0.0
31,58,23,1,20.452257871627808,0.8890534794848898,1,0,0,1.5539936,0.5373913,1.595399,3.2188754,-0.0
31,59,16,2,13.54033899307251,0.84617680311203,0,1,0,1.6094377,0.52,1.6094377,3.2188754,-0.0
31,60,10,2,8.074389457702637,0.8072878122329712,0,1,0,1.6094377,0.52,1.6094377,3.2188754,-0.0
31,61,10,2,8.305135726928711,0.8303393840789794,0,1,0,1.6094377,0.52,1.6094377,3.2188754,-0.0
31,62,10,2,8.051104545593262,0.8051104545593262,0,1,0,1.6094377,0.52,1.6094377,3.2188754,-0.0
31,63,46,2,38.42200946807861,0.8351263274317202,0,1,0,1.6919683,0.4704348,1.5317875,3.2188754,-0.0
31,64,10,2,8.234580755233765,0.8234580755233765,0,1,0,1.6094377,0.52,1.6094377,3.2188754,-0.0
31,65,32,2,27.632173538208008,0.8634269386529922,0,1,0,1.6094377,0.52,1.6094377,3.2188754,-0.0
31,66,16,2,13.372835874557495,0.8355158418416977,0,1,0,1.6094377,0.52,1.6094377,3.2188754,-0.0
31,67,10,2,7.898650884628296,0.7897141695022583,0,1,0,1.6094377,0.52,1.6094377,3.2188754,-0.0
31,68,10,2,8.257755756378174,0.8257755756378173,0,1,0,1.6094377,0.52,1.6094377,3.2188754,-0.0
31,69,20,2,16.979448556900024,0.8487702131271362,0,1,0,1.6094377,0.52,1.6094377,3.2188754,-0.0
31,70,25,1,22.002228260040283,0.8799487400054932,1,0,0,1.5843042,0.52959996,1.5817201,3.2188754,-0.0
31,71,10,2,8.167011022567749,0.816701102256775,0,1,0,1.6094377,0.52,1.6094377,3.2188754,-0.0
31,72,12,2,10.148568630218506,0.845379114151001,0,1,0,1.6094378,0.52,1.6094377,3.2188754,-0.0
31,73,22,2,18.934509992599487,0.8604623296044089,0,1,0,1.6094378,0.52,1.6094377,3.2188754,-0.0
31,74,18,2,15.124734878540039,0.8401510847939385,0,1,0,1.6094377,0.52,1.6094377,3.2188754,-0.0
31,75,16,2,12.307376623153687,0.7690431177616119,0,1,0,1.6094377,0.52,1.6094377,3.2188754,-0.0
31,76,10,2,8.113211393356323,0.8112208127975464,0,1,0,1.6094377,0.52,1.6094377,3.2188754,-0.0
31,77,10,2,7.965473890304565,0.7965473890304565,0,1,0,1.6094377,0.52,1.6094377,3.2188754,-0.0
31,78,10,2,7.881056785583496,0.7879952430725098,0,1,0,1.6094377,0.52,1.6094377,3.2188754,-0.0
31,79,10,2,8.136338949203491,0.813579773902893,0,1,0,1.6094377,0.52,1.6094377,3.2188754,-0.0
31,80,10,2,7.95621657371521,0.7955204010009765,0,1,0,1.6094377,0.52,1.6094377,3.2188754,-0.0
31,81,14,2,11.67927885055542,0.8340645177023751,0,1,0,1.6094378,0.52,1.6094377,3.2188754,-0.0
31,82,20,2,16.19355034828186,0.8095753192901611,0,1,0,1.6094377,0.52,1.6094377,3.2188754,-0.0
31,83,10,2,6.956631183624268,0.6953612804412842,0,1,0,1.6094377,0.52,1.6094377,3.2188754,-0.0
31,84,28,2,24.082095861434937,0.8599974427904401,0,1,0,1.6094377,0.52,1.6094376,3.2188754,-0.0
31,85,10,2,7.477501630783081,0.747417402267456,0,1,0,1.6094377,0.52,1.6094377,3.2188754,-0.0
31,86,33,1,21.382885694503784,0.6478733871922349,1,0,0,1.6208988,0.5090909,1.5693419,3.2188754,-0.0
31,87,10,2,5.513671636581421,0.5513038158416748,0,1,0,1.6094377,0.52,1.6094377,3.2188754,-0.0
31,88,49,1,36.516801595687866,0.7451867522025595,1,0,0,1.6234869,0.517551,1.5959013,3.2188754,-0.0
31,89,10,2,5.391505479812622,0.5390360832214356,0,1,0,1.6094377,0.52,1.6094377,3.2188754,-0.0
31,90,10,2,5.331709861755371,0.5330585479736328,0,1,0,1.6094377,0.52,1.6094377,3.2188754,-0.0
31,91,12,2,6.117007493972778,0.5095116098721822,0,1,0,1.6094378,0.52,1.6094377,3.2188754,-0.0
31,92,10,2,7.920236110687256,0.7919125556945801,0,1,0,1.6094377,0.52,1.6094377,3.2188754,-0.0
31,93,10,2,7.60921573638916,0.7608217716217041,0,1,0,1.6094377,0.52,1.6094377,3.2188754,-0.0
31,94,10,2,7.390400648117065,0.7387893438339234,0,1,0,1.6094377,0.52,1.6094377,3.2188754,-0.0
31,95,10,2,5.57880711555481,0.5577618598937988,0,1,0,1.3542204,0.6,1.5291327,3.2188754,-0.0
31,96,16,2,12.33507227897644,0.7707529366016388,0,1,0,1.6094377,0.52,1.6094377,3.2188754,-0.0
31,97,27,1,17.26472520828247,0.639290968577067,1,0,0,1.5560491,0.5362963,1.6026422,3.2188754,-0.0
31,98,10,2,5.488644361495972,0.5488644361495971,0,1,0,1.6094377,0.52,1.6094377,3.2188754,-0.0
31,99,10,2,5.1018640995025635,0.5100125074386597,0,1,0,1.6094377,0.52,1.6094377,3.2188754,-0.0
32,0,13,1,11.325667142868042,0.8710501010601337,1,0,0,1.6284447,0.51076925,1.5136669,3.2188754,-0.0
32,1,33,1,26.82864785194397,0.8128801475871693,1,0,0,1.6468489,0.49575758,1.5093071,3.2188754,-0.0
32,2,10,2,7.953707933425903,0.795167064666748,0,1,0,1.6094377,0.52,1.6094377,3.2188754,-0.0
32,3,10,2,8.158639192581177,0.8155639410018921,0,1,0,1.6094377,0.52,1.6094377,3.2188754,-0.0
32,4,51,1,42.29655718803406,0.8292946908988205,1,0,0,1.6346161,0.5035294,1.5627189,3.2188754,-0.0
32,5,10,2,7.989805698394775,0.7989805698394775,0,1,0,1.6094377,0.52,1.6094377,3.2188754,-0.0
32,6,10,2,8.13915491104126,0.8138138771057128,0,1,0,1.6094377,0.52,1.6094377,3.2188754,-0.0
32,7,10,2,8.31259822845459,0.8311584949493408,0,1,0,1.6094377,0.52,1.6094377,3.2188754,-0.0
32,8,12,2,10.631364583969116,0.8858628471692404,0,1,0,1.6094378,0.52,1.6094377,3.2188754,-0.0
32,9,10,2,7.7974042892456055,0.779487943649292,0,1,0,1.6094377,0.52,1.6094377,3.2188754,-0.0
32,10,47,1,40.12093758583069,0.8535480397812863,1,0,0,1.6059265,0.5225532,1.5924021,3.2188754,-0.0
32,11,10,2,8.121376752853394,0.8119790554046631,0,1,0,1.6094377,0.52,1.6094377,3.2188754,-0.0
32,12,18,2,15.635575294494629,0.8685016367170546,0,1,0,1.6094377,0.52,1.6094377,3.2188754,-0.0
32,13,10,2,7.5523481369018555,0.7550808906555175,0,1,0,1.6094377,0.52,1.6094377,3.2188754,-0.0
32,14,27,1,22.91929817199707,0.8488068050808377,1,0,0,1.59197,0.5274074,1.5818616,3.2188754,-0.0
32,15,14,2,11.526185989379883,0.8232274906975883,0,1,0,1.6094378,0.52,1.6094377,3.2188754,-0.0
32,16,14,2,12.360438585281372,0.8827139990670341,0,1,0,1.6094378,0.52,1.6094377,3.2188754,-0.0
32,17,10,2,7.833446741104126,0.7832942008972168,0,1,0,1.6094377,0.52,1.6094377,3.2188754,-0.0
32,18,47,1,40.63913345336914,0.8645214222847147,1,0,0,1.6467686,0.50978726,1.5976505,3.2188754,-0.0
32,19,18,2,15.52007508277893,0.8621422714657254,0,1,0,1.6094377,0.52,1.6094377,3.2188754,-0.0
32,20,10,2,8.822885990142822,0.8820268869400024,0,1,0,1.6094377,0.52,1.6094377,3.2188754,-0.0
32,21,9,1,7.137315511703491,0.7928104665544298,1,0,0,1.528978,0.5377777,1.5209669,3.2188754,-0.0
32,22,10,2,7.736616134643555,0.7732684373855591,0,1,0,1.6094377,0.52,1.6094377,3.2188754,-0.0
32,23,10,2,7.844133377075195,0.7844133377075195,0,1,0,1.6094377,0.52,1.6094377,3.2188754,-0.0
32,24,10,2,8.824220418930054,0.8823209524154663,0,1,0,1.6094377,0.52,1.6094377,3.2188754,-0.0
32,25,14,2,11.091783285140991,0.7920205252511161,0,1,0,1.6094378,0.52,1.6094377,3.2188754,-0.0
32,26,10,2,7.87473201751709,0.787473201751709,0,1,0,1.6094377,0.52,1.6094377,3.2188754,-0.0
32,27,10,2,7.893479585647583,0.7891924381256104,0,1,0,1.6094377,0.52,1.6094377,3.2188754,-0.0
32,28,29,1,25.2521071434021,0.8706499297043373,1,0,0,1.559731,0.5351724,1.603169,3.2188754,-0.0
32,29,37,1,31.811919927597046,0.8595612242415145,1,0,0,1.6040757,0.5145946,1.581728,3.2188754,-0.0
32,30,11,1,9.366522073745728,0.8512572375210848,1,0,0,1.6399273,0.51272726,1.4942183,3.2188754,-0.0
32,31,10,2,8.064395189285278,0.8061683416366577,0,1,0,1.6094377,0.52,1.6094377,3.2188754,-0.0
32,32,10,2,7.78393816947937,0.778393816947937,0,1,0,1.6094377,0.52,1.6094377,3.2188754,-0.0
32,33,18,2,15.085567235946655,0.8380016088485718,0,1,0,1.6094377,0.52,1.6094377,3.2188754,-0.0
32,34,37,1,32.120898485183716,0.8680057847822035,1,0,0,1.596691,0.5254054,1.5893809,3.2188754,-0.0
32,35,10,2,8.049507141113281,0.8047133207321167,0,1,0,1.6094377,0.52,1.6094377,3.2188754,-0.0
32,36,10,2,8.05221152305603,0.8049506187438965,0,1,0,1.6094377,0.52,1.6094377,3.2188754,-0.0
32,37,10,2,7.93576455116272,0.793576455116272,0,1,0,1.6094377,0.52,1.6094377,3.2188754,-0.0
32,38,10,2,8.204044342041016,0.8202492713928222,0,1,0,1.6094377,0.52,1.6094377,3.2188754,-0.0
32,39,10,2,7.895021915435791,0.7895021915435791,0,1,0,1.6094377,0.52,1.6094377,3.2188754,-0.0
32,40,33,1,29.031303644180298,0.8796701431274414,1,0,0,1.6134245,0.5212121,1.5850251,3.2188754,-0.0
32,41,16,2,13.403582334518433,0.837723895907402,0,1,0,1.6094377,0.52,1.6094377,3.2188754,-0.0
32,42,16,2,13.35844874382019,0.8347713947296143,0,1,0,1.6094377,0.52,1.6094377,3.2188754,-0.0
32,43,10,2,8.132262945175171,0.8131261348724366,0,1,0,1.6094377,0.52,1.6094377,3.2188754,-0.0
32,44,10,2,8.082065105438232,0.8081074476242065,0,1,0,1.6094377,0.52,1.6094377,3.2188754,-0.0
32,45,10,2,8.057789087295532,0.8056684017181397,0,1,0,1.6094377,0.52,1.6094377,3.2188754,-0.0
32,46,12,2,9.729474782943726,0.8107895652453104,0,1,0,1.6094378,0.52,1.6094377,3.2188754,-0.0
32,47,10,2,7.873140335083008,0.7872087001800537,0,1,0,1.6094377,0.52,1.6094377,3.2188754,-0.0
32,48,31,1,26.779736280441284,0.8635593844998267,1,0,0,1.6120006,0.51870966,1.5705019,3.2188754,-0.0
32,49,45,1,38.40299129486084,0.853206279542711,1,0,0,1.6510098,0.49866667,1.5595762,3.2188754,-0.0
32,50,12,2,9.903005838394165,0.8249523639678955,0,1,0,1.6094378,0.52,1.6094377,3.2188754,-0.0
32,51,10,2,8.035823106765747,0.8034780979156494,0,1,0,1.6094377,0.52,1.6094377,3.2188754,-0.0
32,52,10,2,8.167047500610352,0.8165502548217773,0,1,0,1.6094377,0.52,1.6094377,3.2188754,-0.0
32,53,10,2,7.812463283538818,0.781045651435852,0,1,0,1.6094377,0.52,1.6094377,3.2188754,-0.0
32,54,17,1,14.278800964355469,0.8398314083323759,1,0,0,1.5831107,0.52705884,1.5524392,3.2188754,-0.0
32,55,31,1,26.882254600524902,0.8669844442798246,1,0,0,1.5992072,0.52516127,1.5842575,3.2188754,-0.0
32,56,10,2,7.971249580383301,0.7968271732330322,0,1,0,1.6094377,0.52,1.6094377,3.2188754,-0.0
32,57,39,1,33.38046979904175,0.855671919309176,1,0,0,1.6013057,0.5241026,1.5894605,3.2188754,-0.0
32,58,14,2,11.749369144439697,0.8392406531742641,0,1,0,1.6094378,0.52,1.6094377,3.2188754,-0.0
32,59,12,2,9.903883218765259,0.8250306049982706,0,1,0,1.6094378,0.52,1.6094377,3.2188754,-0.0
32,60,32,2,27.136246919631958,0.8478810042142868,0,1,0,1.6094377,0.52,1.6094377,3.2188754,-0.0
32,61,16,2,13.234738826751709,0.8271711766719818,0,1,0,1.6094377,0.52,1.6094377,3.2188754,-0.0
32,62,12,2,9.745988845825195,0.8121657371520996,0,1,0,1.6094378,0.52,1.6094377,3.2188754,-0.0
32,63,9,1,7.461810350418091,0.8288657400343153,1,0,0,1.7437025,0.45777777,1.424811,3.2188754,-0.0
32,64,10,2,7.904002904891968,0.7903492689132691,0,1,0,1.6094377,0.52,1.6094377,3.2188754,-0.0
32,65,10,2,8.095079898834229,0.8095079898834229,0,1,0,1.6094377,0.52,1.6094377,3.2188754,-0.0
32,66,10,2,7.960468292236328,0.7957443237304688,0,1,0,1.6094377,0.52,1.6094377,3.2188754,-0.0
32,67,14,2,11.688919305801392,0.8348865338734218,0,1,0,1.6094378,0.52,1.6094377,3.2188754,-0.0
32,68,10,2,7.879482746124268,0.7878487586975098,0,1,0,1.6094377,0.52,1.6094377,3.2188754,-0.0
32,69,22,2,18.539471864700317,0.842610088261691,0,1,0,1.6094378,0.52,1.6094377,3.2188754,-0.0
32,70,10,2,8.017684698104858,0.8017038345336914,0,1,0,1.6094377,0.52,1.6094377,3.2188754,-0.0
32,71,10,2,7.982852220535278,0.7981850147247315,0,1,0,1.6094377,0.52,1.6094377,3.2188754,-0.0
32,72,10,2,8.015830278396606,0.8015830278396606,0,1,0,1.6094377,0.52,1.6094377,3.2188754,-0.0
32,73,33,1,28.24880361557007,0.8558638746088202,1,0,0,1.6745533,0.49575755,1.5615366,3.2188754,-0.0
32,74,10,2,7.9503419399261475,0.7946666717529297,0,1,0,1.6094377,0.52,1.6094377,3.2188754,-0.0
32,75,29,1,23.261229515075684,0.8020196289851748,1,0,0,1.6406605,0.50206894,1.5554106,3.2188754,-0.0
32,76,10,2,7.860008716583252,0.7858998060226441,0,1,0,1.6094377,0.52,1.6094377,3.2188754,-0.0
32,77,10,2,8.017913579940796,0.8012264966964722,0,1,0,1.6094377,0.52,1.6094377,3.2188754,-0.0
32,78,14,2,11.409122228622437,0.8149373020444598,0,1,0,1.6094378,0.52,1.6094377,3.2188754,-0.0
32,79,47,1,33.98539400100708,0.7229637034395908,1,0,0,1.5764062,0.5319149,1.5971253,3.2188754,-0.0
32,80,10,2,8.14927864074707,0.8148268699645996,0,1,0,1.6094377,0.52,1.6094377,3.2188754,-0.0
32,81,10,2,8.104396104812622,0.8104396104812622,0,1,0,1.6094377,0.52,1.6094377,3.2188754,-0.0
32,82,10,2,8.025851726531982,0.8024850130081177,0,1,0,1.6094377,0.52,1.6094377,3.2188754,-0.0
32,83,10,2,7.930570363998413,0.7928491592407226,0,1,0,1.6094377,0.52,1.6094377,3.2188754,-0.0
32,84,10,2,8.004413843154907,0.8003902912139893,0,1,0,1.6094377,0.52,1.6094377,3.2188754,-0.0
32,85,12,2,9.709735870361328,0.8089984258015951,0,1,0,1.6094378,0.52,1.6094377,3.2188754,-0.0
32,86,18,2,14.316754341125488,0.7953190141254001,0,1,0,1.6094377,0.52,1.6094377,3.2188754,-0.0
32,87,14,2,9.898420095443726,0.707030006817409,0,1,0,1.6094378,0.52,1.6094377,3.2188754,-0.0
32,88,10,2,7.898668527603149,0.789866852760315,0,1,0,1.6094377,0.52,1.6094377,3.2188754,-0.0
32,89,10,2,8.037155389785767,0.8037155389785766,0,1,0,1.6094377,0.52,1.6094377,3.2188754,-0.0
32,90,10,2,7.569689035415649,0.756968903541565,0,1,0,1.6094377,0.52,1.6094377,3.2188754,-0.0
32,91,16,2,11.713366270065308,0.7319567948579788,0,1,0,1.6094377,0.52,1.6094377,3.2188754,-0.0
32,92,10,2,8.020630359649658,0.8017601251602173,0,1,0,1.6094377,0.52,1.6094377,3.2188754,-0.0
32,93,10,2,8.125210285186768,0.8123603820800781,0,1,0,1.6094377,0.52,1.6094377,3.2188754,-0.0
32,94,14,2,10.469064712524414,0.7476038421903338,0,1,0,1.6094378,0.52,1.6094377,3.2188754,-0.0
32,95,38,2,22.166338443756104,0.5832975475411666,0,1,0,1.6094377,0.52000004,1.6094376,3.2188754,-0.0
32,96,10,2,7.857950210571289,0.7857426404953003,0,1,0,1.6094377,0.52,1.6094377,3.2188754,-0.0
32,97,18,2,14.238772630691528,0.7910067637761434,0,1,0,1.6094377,0.52,1.6094377,3.2188754,-0.0
32,98,12,2,8.541236162185669,0.7116318742434183,0,1,0,1.6094378,0.52,1.6094377,3.2188754,-0.0
32,99,10,2,5.648782730102539,0.564878273010254,0,1,0,1.6094377,0.52,1.6094377,3.2188754,-0.0
33,0,43,1,33.788490533828735,0.785680050073668,1,0,0,1.6393807,0.51255816,1.6024066,3.2188754,-0.0
33,1,24,2,18.50881838798523,0.771025816599528,0,1,0,1.6094376,0.52,1.6094377,3.2188754,-0.0
33,2,10,2,7.075633764266968,0.7075633764266968,0,1,0,1.6094377,0.52,1.6094377,3.2188754,-0.0
33,3,10,2,7.392597675323486,0.7389717102050781,0,1,0,1.6094377,0.52,1.6094377,3.2188754,-0.0
33,4,10,2,7.717540740966797,0.7716539859771728,0,1,0,1.6094377,0.52,1.6094377,3.2188754,-0.0
33,5,34,2,26.503992319107056,0.7794213575475356,0,1,0,1.6094377,0.52,1.6094377,3.2188754,-0.0
33,6,16,2,12.325561285018921,0.7703475803136826,0,1,0,1.6094377,0.52,1.6094377,3.2188754,-0.0
33,7,10,2,7.136669158935547,0.7136669158935547,0,1,0,1.6094377,0.52,1.6094377,3.2188754,-0.0
33,8,23,1,20.38234782218933,0.8860073918881624,1,0,0,1.6022631,0.5252174,1.5744206,3.2188754,-0.0
33,9,22,2,17.22755765914917,0.7830254381353204,0,1,0,1.6365733,0.49454537,1.4758376,3.2188754,-0.0
33,10,10,2,7.663891553878784,0.7662380695343017,0,1,0,1.6094377,0.52,1.6094377,3.2188754,-0.0
33,11,22,2,18.88534641265869,0.8582308725877241,0,1,0,1.6094378,0.52,1.6094377,3.2188754,-0.0
33,12,16,2,14.065109252929688,0.8788771480321884,0,1,0,1.6094377,0.52,1.6094377,3.2188754,-0.0
33,13,20,2,16.877650022506714,0.8437817811965942,0,1,0,1.6094377,0.52,1.6094377,3.2188754,-0.0
33,14,12,2,9.576952457427979,0.7980793714523315,0,1,0,1.6094378,0.52,1.6094377,3.2188754,-0.0
33,15,10,2,8.09897780418396,0.8097683906555175,0,1,0,1.6094377,0.52,1.6094377,3.2188754,-0.0
33,16,10,2,8.664153814315796,0.866362190246582,0,1,0,1.6094377,0.52,1.6094377,3.2188754,-0.0
33,17,41,1,35.44001293182373,0.864140568709955,1,0,0,1.6090624,0.5219512,1.589691,3.2188754,-0.0
33,18,10,2,7.793020963668823,0.7792009115219116,0,1,0,1.6094377,0.52,1.6094377,3.2188754,-0.0
33,19,10,2,8.182281494140625,0.8181281566619873,0,1,0,1.6094377,0.52,1.6094377,3.2188754,-0.0
33,20,10,2,8.671332120895386,0.8669178009033203,0,1,0,1.6094377,0.52,1.6094377,3.2188754,-0.0
33,21,10,2,7.919724941253662,0.7917195320129394,0,1,0,1.6094377,0.52,1.6094377,3.2188754,-0.0
33,22,10,2,8.032352924346924,0.8032352924346924,0,1,0,1.6094377,0.52,1.6094377,3.2188754,-0.0
33,23,10,2,8.19709038734436,0.8191937923431396,0,1,0,1.6094377,0.52,1.6094377,3.2188754,-0.0
33,24,10,2,8.349517107009888,0.8347307920455933,0,1,0,1.5549523,0.544,1.5625702,3.2188754,-0.0
33,25,37,1,31.877988576889038,0.8613861960333746,1,0,0,1.648516,0.5037838,1.5701134,3.2188754,-0.0
33,26,10,2,8.112558841705322,0.8112558841705322,0,1,0,1.6094377,0.52,1.6094377,3.2188754,-0.0
33,27,16,2,13.650990962982178,0.852925032377243,0,1,0,1.6094377,0.52,1.6094377,3.2188754,-0.0
33,28,17,1,15.208512544631958,0.8946183849783504,1,0,0,1.5831107,0.52705884,1.5524392,3.2188754,-0.0
33,29,10,2,7.9997053146362305,0.7997906446456909,0,1,0,1.6094377,0.52,1.6094377,3.2188754,-0.0
33,30,10,2,7.880413055419922,0.7878890752792358,0,1,0,1.6094377,0.52,1.6094377,3.2188754,-0.0
33,31,10,2,7.995862722396851,0.7993671655654907,0,1,0,1.6094377,0.52,1.6094377,3.2188754,-0.0
33,32,12,2,9.648305892944336,0.8037502566973368,0,1,0,1.6094378,0.52,1.6094377,3.2188754,-0.0
33,33,10,2,8.071608781814575,0.8070609092712402,0,1,0,1.6094377,0.52,1.6094377,3.2188754,-0.0
33,34,23,1,20.205889463424683,0.8784077685812245,1,0,0,1.5899786,0.5252174,1.5675508,3.2188754,-0.0
33,35,10,2,8.11163592338562,0.8110125303268433,0,1,0,1.6094377,0.52,1.6094377,3.2188754,-0.0
33,36,10,2,7.969301700592041,0.7969301700592041,0,1,0,1.6094377,0.52,1.6094377,3.2188754,-0.0
33,37,10,2,8.021191835403442,0.8020229816436768,0,1,0,1.6094377,0.52,1.6094377,3.2188754,-0.0
33,38,10,2,7.9499406814575195,0.794926643371582,0,1,0,1.6094377,0.52,1.6094377,3.2188754,-0.0
33,39,24,2,20.86803936958313,0.8694803913434347,0,1,0,1.6094376,0.52,1.6094377,3.2188754,-0.0
33,40,18,2,15.449742078781128,0.8582277430428399,0,1,0,1.6094377,0.52,1.6094377,3.2188754,-0.0
33,41,10,2,8.145739078521729,0.8143249034881592,0,1,0,1.6094377,0.52,1.6094377,3.2188754,-0.0
33,42,12,2,9.909022808074951,0.8254582683245341,0,1,0,1.6094378,0.52,1.6094377,3.2188754,-0.0
33,43,10,2,8.078619241714478,0.8077617645263672,0,1,0,1.6094377,0.52,1.6094377,3.2188754,-0.0
33,44,10,2,7.105154514312744,0.7102458000183105,0,1,0,1.6094377,0.52,1.6094377,3.2188754,-0.0
33,45,48,2,37.41101431846619,0.7793124467134476,0,1,0,1.6094378,0.52,1.6094377,3.2188754,-0.0
33,46,10,2,7.188457489013672,0.7188457489013672,0,1,0,1.6094377,0.52,1.6094377,3.2188754,-0.0
33,47,18,2,13.813607215881348,0.7673673629760742,0,1,0,1.6094377,0.52,1.6094377,3.2188754,-0.0
33,48,26,2,21.62453532218933,0.8316583633422852,0,1,0,1.5752184,0.5261538,1.5140427,3.2188754,-0.0
33,49,14,2,11.624834060668945,0.8302712610789708,0,1,0,1.6094378,0.52,1.6094377,3.2188754,-0.0
33,50,20,2,17.090280771255493,0.854148268699646,0,1,0,1.6094377,0.52,1.6094377,3.2188754,-0.0
33,51,10,2,8.453813552856445,0.8453813552856445,0,1,0,1.6094377,0.52,1.6094377,3.2188754,-0.0
33,52,10,2,8.210030555725098,0.8209029197692871,0,1,0,1.6094377,0.52,1.6094377,3.2188754,-0.0
33,53,33,1,28.521706342697144,0.8642003897464636,1,0,0,1.6317172,0.50666666,1.5634762,3.2188754,-0.0
33,54,36,2,31.835331439971924,0.8842866751882765,0,1,0,1.6094377,0.52000004,1.6094376,3.2188754,-0.0
33,55,10,2,8.209438800811768,0.8208418607711792,0,1,0,1.6094377,0.52,1.6094377,3.2188754,-0.0
33,56,10,2,8.000673532485962,0.7998717069625855,0,1,0,1.6094377,0.52,1.6094377,3.2188754,-0.0
33,57,14,2,11.688397407531738,0.8348142419542585,0,1,0,1.6094378,0.52,1.6094377,3.2188754,-0.0
33,58,10,2,8.118955135345459,0.8117443323135376,0,1,0,1.6094377,0.52,1.6094377,3.2188754,-0.0
33,59,10,2,8.291773796081543,0.8290776014328003,0,1,0,1.6094377,0.52,1.6094377,3.2188754,-0.0
33,60,12,2,8.462667465209961,0.7050127188364664,0,1,0,1.6094378,0.52,1.6094377,3.2188754,-0.0
33,61,19,1,14.778647422790527,0.7777709835454037,1,0,0,1.5846151,0.53052634,1.5700477,3.2188754,-0.0
33,62,10,2,7.372934103012085,0.7369397640228271,0,1,0,1.6094377,0.52,1.6094377,3.2188754,-0.0
33,63,10,2,7.314890146255493,0.7313887357711792,0,1,0,1.6094377,0.52,1.6094377,3.2188754,-0.0
33,64,10,2,7.985071182250977,0.7984534978866578,0,1,0,1.6094377,0.52,1.6094377,3.2188754,-0.0
33,65,12,2,9.90418529510498,0.8253487745920817,0,1,0,1.6094378,0.52,1.6094377,3.2188754,-0.0
33,66,10,2,8.161926984786987,0.8159319162368774,0,1,0,1.6094377,0.52,1.6094377,3.2188754,-0.0
33,67,10,2,8.18606686592102,0.8185058116912842,0,1,0,1.6094377,0.52,1.6094377,3.2188754,-0.0
33,68,10,2,8.11935567855835,0.8118843793869018,0,1,0,1.6094377,0.52,1.6094377,3.2188754,-0.0
33,69,10,2,8.356262445449829,0.8354592800140381,0,1,0,1.6094377,0.52,1.6094377,3.2188754,-0.0
33,70,34,2,30.229990005493164,0.8890431067522835,0,1,0,1.6094377,0.52,1.6094377,3.2188754,-0.0
33,71,16,2,13.165076732635498,0.8226879090070724,0,1,0,1.6094377,0.52,1.6094377,3.2188754,-0.0
33,72,18,2,15.3853919506073,0.8547048966089884,0,1,0,1.6094377,0.52,1.6094377,3.2188754,-0.0
33,73,10,2,8.260523080825806,0.8258524656295776,0,1,0,1.6094377,0.52,1.6094377,3.2188754,-0.0
33,74,37,1,31.27876925468445,0.845260459023553,1,0,0,1.5749724,0.53081083,1.6009512,3.2188754,-0.0
33,75,16,2,11.846678733825684,0.7403197288513184,0,1,0,1.6094377,0.52,1.6094377,3.2188754,-0.0
33,76,10,2,8.164018869400024,0.8163507461547852,0,1,0,1.6094377,0.52,1.6094377,3.2188754,-0.0
33,77,10,2,8.226352214813232,0.8225367307662964,0,1,0,1.6094377,0.52,1.6094377,3.2188754,-0.0
33,78,10,2,8.078935861587524,0.8077897310256958,0,1,0,1.6094377,0.52,1.6094377,3.2188754,-0.0
33,79,10,2,8.25510287284851,0.8253073692321777,0,1,0,1.6094377,0.52,1.6094377,3.2188754,-0.0
33,80,10,2,7.090980291366577,0.7088964939117431,0,1,0,1.6094377,0.52,1.6094377,3.2188754,-0.0
33,81,10,2,7.38873291015625,0.738668155670166,0,1,0,1.6094377,0.52,1.6094377,3.2188754,-0.0
33,82,10,2,7.476506233215332,0.7475918292999267,0,1,0,1.6094377,0.52,1.6094377,3.2188754,-0.0
33,83,10,2,7.572777986526489,0.7572777986526489,0,1,0,1.6094377,0.52,1.6094377,3.2188754,-0.0
33,84,10,2,8.335636854171753,0.8333330631256104,0,1,0,1.6094377,0.52,1.6094377,3.2188754,-0.0
33,85,10,2,8.194217443466187,0.8192644119262695,0,1,0,1.6094377,0.52,1.6094377,3.2188754,-0.0
33,86,14,2,11.357028484344482,0.8110488993780953,0,1,0,1.6094378,0.52,1.6094377,3.2188754,-0.0
33,87,52,2,35.6314013004303,0.6850836643805871,0,1,0,1.6094377,0.52000004,1.6094377,3.2188754,-0.0
33,88,10,2,8.194481372833252,0.8192948818206787,0,1,0,1.6094377,0.52,1.6094377,3.2188754,-0.0
33,89,22,2,18.19795298576355,0.8271109082482078,0,1,0,1.6094378,0.52,1.6094377,3.2188754,-0.0
33,90,53,1,35.516711711883545,0.6699756316418918,1,0,0,1.6410462,0.50792456,1.5775268,3.2188754,-0.0
33,91,12,2,6.234667778015137,0.5194627046585083,0,1,0,1.6094378,0.52,1.6094377,3.2188754,-0.0
33,92,40,2,29.861406087875366,0.7462328612804413,0,1,0,1.6094377,0.52,1.6094377,3.2188754,-0.0
33,93,10,2,6.088883876800537,0.6088883876800537,0,1,0,1.6094377,0.52,1.6094377,3.2188754,-0.0
33,94,10,2,5.620496988296509,0.5619441509246826,0,1,0,1.6094377,0.52,1.6094377,3.2188754,-0.0
33,95,20,2,11.391151428222656,0.5695057511329651,0,1,0,1.6094377,0.52,1.6094377,3.2188754,-0.0
33,96,10,2,7.8777971267700195,0.787680196762085,0,1,0,1.6094377,0.52,1.6094377,3.2188754,-0.0
33,97,10,2,7.036660432815552,0.703605842590332,0,1,0,1.6094377,0.52,1.6094377,3.2188754,-0.0
33,98,10,2,7.296332120895386,0.7295336246490478,0,1,0,1.6094377,0.52,1.6094377,3.2188754,-0.0
33,99,37,1,23.93287229537964,0.6467204222808013,1,0,0,1.6206416,0.50918925,1.5735577,3.2188754,-0.0
34,0,10,2,8.31376838684082,0.8310701370239257,0,1,0,1.6094377,0.52,1.6094377,3.2188754,-0.0
34,1,18,2,13.734273433685303,0.7627899779213799,0,1,0,1.6094377,0.52,1.6094377,3.2188754,-0.0
34,2,10,2,7.752047538757324,0.7751038074493408,0,1,0,1.6094377,0.52,1.6094377,3.2188754,-0.0
34,3,30,2,24.034600257873535,0.8009948015213013,0,1,0,1.6094377,0.52,1.6094375,3.2188754,-0.0
34,4,10,2,8.808414697647095,0.8805340766906739,0,1,0,1.6094377,0.52,1.6094377,3.2188754,-0.0
34,5,24,2,20.094545364379883,0.8372040688991547,0,1,0,1.6094376,0.52,1.6094377,3.2188754,-0.0
34,6,10,2,8.030760765075684,0.8029759407043457,0,1,0,1.6094377,0.52,1.6094377,3.2188754,-0.0
34,7,23,1,20.150850772857666,0.8756115954855214,1,0,0,1.5539936,0.5373913,1.595399,3.2188754,-0.0
34,8,10,2,8.526579856872559,0.8524574279785156,0,1,0,1.6094377,0.52,1.6094377,3.2188754,-0.0
34,9,10,2,7.403932809829712,0.7402416467666626,0,1,0,1.6094377,0.52,1.6094377,3.2188754,-0.0
34,10,10,2,7.559373140335083,0.7557851314544678,0,1,0,1.6094377,0.52,1.6094377,3.2188754,-0.0
34,11,18,2,14.290266513824463,0.7937912146250407,0,1,0,1.6094377,0.52,1.6094377,3.2188754,-0.0
34,12,10,2,8.32470965385437,0.8323705196380615,0,1,0,1.6094377,0.52,1.6094377,3.2188754,-0.0
34,13,10,2,7.464471340179443,0.7463452577590942,0,1,0,1.6094377,0.52,1.6094377,3.2188754,-0.0
34,14,10,2,7.7088401317596436,0.7707840442657471,0,1,0,1.6094377,0.52,1.6094377,3.2188754,-0.0
34,15,10,2,7.772963047027588,0.7770938396453857,0,1,0,1.6094377,0.52,1.6094377,3.2188754,-0.0
34,16,18,2,14.870662212371826,0.8259739743338691,0,1,0,1.6094377,0.52,1.6094377,3.2188754,-0.0
34,17,18,2,14.47080135345459,0.8037932846281264,0,1,0,1.6094377,0.52,1.6094377,3.2188754,-0.0
34,18,10,2,7.631984233856201,0.7630465030670166,0,1,0,1.6094377,0.52,1.6094377,3.2188754,-0.0
34,19,12,2,9.275561332702637,0.7729634443918864,0,1,0,1.6094378,0.52,1.6094377,3.2188754,-0.0
34,20,18,2,14.869661331176758,0.8259522120157877,0,1,0,1.6094377,0.52,1.6094377,3.2188754,-0.0
34,21,14,2,10.836296081542969,0.7739837169647217,0,1,0,1.6094378,0.52,1.6094377,3.2188754,-0.0
34,22,14,2,11.022705554962158,0.7872614860534668,0,1,0,1.6094378,0.52,1.6094377,3.2188754,-0.0
34,23,33,1,26.19808316230774,0.7937289368022572,1,0,0,1.6524857,0.4969697,1.5364559,3.2188754,-0.0
34,24,39,1,32.16722512245178,0.8247060286693084,1,0,0,1.6131315,0.5117949,1.5771327,3.2188754,-0.0
34,25,10,2,7.823151588439941,0.7821161270141601,0,1,0,1.6094377,0.52,1.6094377,3.2188754,-0.0
34,26,30,2,24.25976276397705,0.8084731658299764,0,1,0,1.6094377,0.52,1.6094375,3.2188754,-0.0
34,27,10,2,8.234583616256714,0.8234583616256714,0,1,0,1.6094377,0.52,1.6094377,3.2188754,-0.0
34,28,27,1,21.627374172210693,0.8009768768593117,1,0,0,1.7197801,0.47555554,1.4899626,3.2188754,-0.0
34,29,14,2,10.991236686706543,0.785088334764753,0,1,0,1.6094378,0.52,1.6094377,3.2188754,-0.0
34,30,10,2,7.933765649795532,0.793275785446167,0,1,0,1.6094377,0.52,1.6094377,3.2188754,-0.0
34,31,10,2,7.638889789581299,0.7637872219085693,0,1,0,1.6094377,0.52,1.6094377,3.2188754,-0.0
34,32,10,2,7.799040794372559,0.7799040794372558,0,1,0,1.6094377,0.52,1.6094377,3.2188754,-0.0
34,33,10,2,7.616004228591919,0.7614991188049316,0,1,0,1.6094377,0.52,1.6094377,3.2188754,-0.0
34,34,10,2,7.826949119567871,0.7825949668884278,0,1,0,1.6094377,0.52,1.6094377,3.2188754,-0.0
34,35,18,2,14.628984928131104,0.8125811285442777,0,1,0,1.6094377,0.52,1.6094377,3.2188754,-0.0
34,36,43,1,35.291990995407104,0.8205298323963963,1,0,0,1.6034931,0.5162791,1.5843717,3.2188754,-0.0
34,37,12,2,9.541260242462158,0.795020600159963,0,1,0,1.6094378,0.52,1.6094377,3.2188754,-0.0
34,38,10,2,7.79938530921936,0.7798389434814453,0,1,0,1.6094377,0.52,1.6094377,3.2188754,-0.0
34,39,12,2,9.172373056411743,0.7642803390820821,0,1,0,1.6094378,0.52,1.6094377,3.2188754,-0.0
34,40,15,1,12.32748532295227,0.8215899467468262,1,0,0,1.5882947,0.53066665,1.5568758,3.2188754,-0.0
34,41,10,2,7.571000099182129,0.756948733329773,0,1,0,1.6094377,0.52,1.6094377,3.2188754,-0.0
34,42,10,2,8.066884517669678,0.8066884517669678,0,1,0,1.6094377,0.52,1.6094377,3.2188754,-0.0
34,43,10,2,7.642652988433838,0.7642652988433838,0,1,0,1.6094377,0.52,1.6094377,3.2188754,-0.0
34,44,10,2,7.625758647918701,0.7625248670578003,0,1,0,1.6094377,0.52,1.6094377,3.2188754,-0.0
34,45,20,2,16.65050721168518,0.8324966311454773,0,1,0,1.6094377,0.52,1.6094377,3.2188754,-0.0
34,46,14,2,11.618213176727295,0.8296845981052944,0,1,0,1.6094378,0.52,1.6094377,3.2188754,-0.0
34,47,10,2,8.088111162185669,0.808609127998352,0,1,0,1.6094377,0.52,1.6094377,3.2188754,-0.0
34,48,27,1,22.822264432907104,0.8450757309242531,1,0,0,1.5683014,0.5333333,1.59322,3.2188754,-0.0
34,49,10,2,7.7062671184539795,0.770626711845398,0,1,0,1.6094377,0.52,1.6094377,3.2188754,-0.0
34,50,10,2,7.941922187805176,0.7939918994903564,0,1,0,1.6094377,0.52,1.6094377,3.2188754,-0.0
34,51,10,2,7.713042736053467,0.7713042736053467,0,1,0,1.6094377,0.52,1.6094377,3.2188754,-0.0
34,52,10,2,8.06718397140503,0.8066673755645752,0,1,0,1.6094377,0.52,1.6094377,3.2188754,-0.0
34,53,10,2,8.765837669372559,0.876064658164978,0,1,0,1.6094377,0.52,1.6094377,3.2188754,-0.0
34,54,10,2,8.348801136016846,0.8347803831100464,0,1,0,1.6094377,0.52,1.6094377,3.2188754,-0.0
34,55,23,1,20.4362576007843,0.8883590490921683,1,0,0,1.5725448,0.5269565,1.5808077,3.2188754,-0.0
34,56,12,2,9.526077508926392,0.7937952677408854,0,1,0,1.6094378,0.52,1.6094377,3.2188754,-0.0
34,57,16,2,13.23332953453064,0.8269159942865372,0,1,0,1.6094377,0.52,1.6094377,3.2188754,-0.0
34,58,27,1,22.801129817962646,0.8442921550185593,1,0,0,1.5498289,0.5377778,1.6083335,3.2188754,-0.0
34,59,18,2,14.53373408317566,0.8072877989874946,0,1,0,1.6094377,0.52,1.6094377,3.2188754,-0.0
34,60,16,2,13.2290620803833,0.8266519606113434,0,1,0,1.6094377,0.52,1.6094377,3.2188754,-0.0
34,61,10,2,7.667746305465698,0.7666237115859985,0,1,0,1.6094377,0.52,1.6094377,3.2188754,-0.0
34,62,20,2,16.026320457458496,0.8010897755622863,0,1,0,1.6094377,0.52,1.6094377,3.2188754,-0.0
34,63,10,2,7.897284746170044,0.7896210670471191,0,1,0,1.6094377,0.52,1.6094377,3.2188754,-0.0
34,64,10,2,7.944408178329468,0.7940814971923829,0,1,0,1.6094377,0.52,1.6094377,3.2188754,-0.0
34,65,18,2,14.777085781097412,0.8208936452865601,0,1,0,1.6094377,0.52,1.6094377,3.2188754,-0.0
34,66,10,2,7.674048662185669,0.7673048496246337,0,1,0,1.6094377,0.52,1.6094377,3.2188754,-0.0
34,67,10,2,8.005230188369751,0.8004722356796264,0,1,0,1.6094377,0.52,1.6094377,3.2188754,-0.0
34,68,10,2,8.039952278137207,0.8036319255828858,0,1,0,1.6094377,0.52,1.6094377,3.2188754,-0.0
34,69,12,2,9.436689615249634,0.7861406803131104,0,1,0,1.6094378,0.52,1.6094377,3.2188754,-0.0
34,70,18,2,14.620674848556519,0.8121144771575928,0,1,0,1.6094377,0.52,1.6094377,3.2188754,-0.0
34,71,10,2,7.713541746139526,0.771252703666687,0,1,0,1.6094377,0.52,1.6094377,3.2188754,-0.0
34,72,22,2,18.4944486618042,0.8404968868602406,0,1,0,1.6094378,0.52,1.6094377,3.2188754,-0.0
34,73,10,2,7.696601152420044,0.769250750541687,0,1,0,1.6094377,0.52,1.6094377,3.2188754,-0.0
34,74,28,2,20.982707262039185,0.749326229095459,0,1,0,1.6094377,0.52,1.6094376,3.2188754,-0.0
34,75,10,2,5.538670539855957,0.5538152933120728,0,1,0,1.6094377,0.52,1.6094377,3.2188754,-0.0
34,76,10,2,7.874305963516235,0.7873306035995483,0,1,0,1.6094377,0.52,1.6094377,3.2188754,-0.0
34,77,10,2,7.555571794509888,0.7555063486099243,0,1,0,1.6094377,0.52,1.6094377,3.2188754,-0.0
34,78,10,2,7.72728705406189,0.772728705406189,0,1,0,1.6094377,0.52,1.6094377,3.2188754,-0.0
34,79,10,2,7.307921648025513,0.7306412935256958,0,1,0,1.6094377,0.52,1.6094377,3.2188754,-0.0
34,80,10,2,7.571492433547974,0.7570983648300171,0,1,0,1.6094377,0.52,1.6094377,3.2188754,-0.0
34,81,10,2,7.719044208526611,0.77180335521698,0,1,0,1.6094377,0.52,1.6094377,3.2188754,-0.0
34,82,10,2,7.6852123737335205,0.7685212373733521,0,1,0,1.6094377,0.52,1.6094377,3.2188754,-0.0
34,83,33,1,22.75436806678772,0.6893254771377101,1,0,0,1.626699,0.5078787,1.5664338,3.2188754,-0.0
34,84,10,2,8.48359489440918,0.848309063911438,0,1,0,1.6094377,0.52,1.6094377,3.2188754,-0.0
34,85,10,2,8.454901218414307,0.84518883228302,0,1,0,1.6094377,0.52,1.6094377,3.2188754,-0.0
34,86,10,2,7.989391565322876,0.7988392114639282,0,1,0,1.6094377,0.52,1.6094377,3.2188754,-0.0
34,87,10,2,7.768922567367554,0.7765398740768432,0,1,0,1.6094377,0.52,1.6094377,3.2188754,-0.0
34,88,10,2,7.558588743209839,0.7557443857192994,0,1,0,1.6094377,0.52,1.6094377,3.2188754,-0.0
34,89,10,2,7.737851858139038,0.773734188079834,0,1,0,1.6094377,0.52,1.6094377,3.2188754,-0.0
34,90,10,2,7.325824975967407,0.7325824975967408,0,1,0,1.6094377,0.52,1.6094377,3.2188754,-0.0
34,91,10,2,6.434218168258667,0.6434218168258667,0,1,0,1.6094377,0.52,1.6094377,3.2188754,-0.0
34,92,20,2,15.76986050605774,0.7882661938667297,0,1,0,1.6094377,0.52,1.6094377,3.2188754,-0.0
34,93,47,1,26.289964199066162,0.5592392860574925,1,0,0,1.7378141,0.4485107,1.4964666,3.2188754,-0.0
34,94,10,2,4.361221790313721,0.43612217903137207,0,1,0,1.6094377,0.52,1.6094377,3.2188754,-0.0
34,95,10,2,4.4095494747161865,0.44090282917022705,0,1,0,1.6094377,0.52,1.6094377,3.2188754,-0.0
34,96,10,2,7.147961378097534,0.7147441625595092,0,1,0,1.6094377,0.52,1.6094377,3.2188754,-0.0
34,97,14,2,9.654722690582275,0.6895084040505546,0,1,0,1.6094378,0.52,1.6094377,3.2188754,-0.0
34,98,10,2,5.849255323410034,0.5848243474960327,0,1,0,1.6094377,0.52,1.6094377,3.2188754,-0.0
34,99,10,2,5.334213972091675,0.5333697557449341,0,1,0,1.6094377,0.52,1.6094377,3.2188754,-0.0
35,0,10,2,7.971834182739258,0.7971834182739258,0,1,0,1.6094377,0.52,1.6094377,3.2188754,-0.0
35,1,10,2,6.879265785217285,0.6879265785217286,0,1,0,1.6094377,0.52,1.6094377,3.2188754,-0.0
35,2,10,2,6.9421727657318115,0.6942172765731811,0,1,0,1.6094377,0.52,1.6094377,3.2188754,-0.0
35,3,10,2,7.049875974655151,0.7048876047134399,0,1,0,1.6094377,0.52,1.6094377,3.2188754,-0.0
35,4,10,2,8.019848823547363,0.8018329858779907,0,1,0,1.6094377,0.52,1.6094377,3.2188754,-0.0
35,5,10,2,7.220709800720215,0.7220709800720215,0,1,0,1.6094377,0.52,1.6094377,3.2188754,-0.0
35,6,10,2,7.187089681625366,0.7186582088470459,0,1,0,1.6094377,0.52,1.6094377,3.2188754,-0.0
35,7,14,2,10.056023836135864,0.718179736818586,0,1,0,1.6094378,0.52,1.6094377,3.2188754,-0.0
35,8,10,2,7.6925740242004395,0.7691066265106201,0,1,0,1.6094377,0.52,1.6094377,3.2188754,-0.0
35,9,10,2,7.271906852722168,0.7270145893096924,0,1,0,1.6094377,0.52,1.6094377,3.2188754,-0.0
35,10,49,1,37.596447706222534,0.7672419158779845,1,0,0,1.6028061,0.52,1.5895201,3.2188754,-0.0
35,11,20,2,17.27418065071106,0.8636582016944885,0,1,0,1.6094377,0.52,1.6094377,3.2188754,-0.0
35,12,20,2,16.038233757019043,0.8018364429473877,0,1,0,1.6094377,0.52,1.6094377,3.2188754,-0.0
35,13,10,2,7.004680395126343,0.7000155448913574,0,1,0,1.6094377,0.52,1.6094377,3.2188754,-0.0
35,14,18,2,13.819292068481445,0.7676825655831231,0,1,0,1.6094377,0.52,1.6094377,3.2188754,-0.0
35,15,16,2,12.465710163116455,0.7789167165756226,0,1,0,1.6094377,0.52,1.6094377,3.2188754,-0.0
35,16,18,2,14.229123592376709,0.7903149392869737,0,1,0,1.6094377,0.52,1.6094377,3.2188754,-0.0
35,17,18,2,14.078005313873291,0.7820157872305976,0,1,0,1.6094377,0.52,1.6094377,3.2188754,-0.0
35,18,10,2,7.234474182128906,0.7232877492904664,0,1,0,1.6094377,0.52,1.6094377,3.2188754,-0.0
35,19,18,2,13.675764083862305,0.7597646713256836,0,1,0,1.6094377,0.52,1.6094377,3.2188754,-0.0
35,20,10,2,8.131658792495728,0.8129146337509155,0,1,0,1.6094377,0.52,1.6094377,3.2188754,-0.0
35,21,10,2,7.282600164413452,0.7279088258743286,0,1,0,1.6094377,0.52,1.6094377,3.2188754,-0.0
35,22,20,2,15.057078123092651,0.7527281761169433,0,1,0,1.6094377,0.52,1.6094377,3.2188754,-0.0
35,23,36,2,28.366721391677856,0.7878299686643813,0,1,0,1.6094377,0.52000004,1.6094376,3.2188754,-0.0
35,24,10,2,8.00690484046936,0.8005321741104126,0,1,0,1.6094377,0.52,1.6094377,3.2188754,-0.0
35,25,57,1,42.46023464202881,0.7447914324308696,1,0,0,1.6037976,0.5207017,1.5645077,3.2188754,-0.0
35,26,10,2,7.618289470672607,0.7616778373718261,0,1,0,1.6094377,0.52,1.6094377,3.2188754,-0.0
35,27,10,2,8.146373987197876,0.814537525177002,0,1,0,1.6094377,0.52,1.6094377,3.2188754,-0.0
35,28,16,2,12.620514392852783,0.7887197136878967,0,1,0,1.6094377,0.52,1.6094377,3.2188754,-0.0
35,29,10,2,7.149716138839722,0.7148703336715698,0,1,0,1.6094377,0.52,1.6094377,3.2188754,-0.0
35,30,10,2,7.371323823928833,0.7366632699966431,0,1,0,1.6094377,0.52,1.6094377,3.2188754,-0.0
35,31,10,2,7.208371162414551,0.720685338973999,0,1,0,1.6094377,0.52,1.6094377,3.2188754,-0.0
35,32,18,2,13.472376346588135,0.7484097878138224,0,1,0,1.6094377,0.52,1.6094377,3.2188754,-0.0
35,33,20,2,16.005081176757812,0.800015127658844,0,1,0,1.6094377,0.52,1.6094377,3.2188754,-0.0
35,34,16,2,13.647684812545776,0.8527914881706238,0,1,0,1.6094377,0.52,1.6094377,3.2188754,-0.0
35,35,12,2,10.155697107315063,0.8460884292920431,0,1,0,1.6094378,0.52,1.6094377,3.2188754,-0.0
35,36,10,2,7.1098973751068115,0.7109897375106812,0,1,0,1.6094377,0.52,1.6094377,3.2188754,-0.0
35,37,10,2,7.332044363021851,0.7331031084060669,0,1,0,1.6094377,0.52,1.6094377,3.2188754,-0.0
35,38,10,2,7.313996315002441,0.731348991394043,0,1,0,1.6094377,0.52,1.6094377,3.2188754,-0.0
35,39,49,1,41.26243782043457,0.8418825548522326,1,0,0,1.6813674,0.4889796,1.5401903,3.2188754,-0.0
35,40,22,2,17.066250562667847,0.7757386619394476,0,1,0,1.6094378,0.52,1.6094377,3.2188754,-0.0
35,41,10,2,7.599221229553223,0.7599221229553222,0,1,0,1.6094377,0.52,1.6094377,3.2188754,-0.0
35,42,16,2,13.549043416976929,0.8467833995819092,0,1,0,1.6094377,0.52,1.6094377,3.2188754,-0.0
35,43,18,2,15.69148564338684,0.8715819782680936,0,1,0,1.6094377,0.52,1.6094377,3.2188754,-0.0
35,44,16,2,12.809667348861694,0.8006042093038559,0,1,0,1.6094377,0.52,1.6094377,3.2188754,-0.0
35,45,10,2,8.06122612953186,0.8060226202011108,0,1,0,1.6094377,0.52,1.6094377,3.2188754,-0.0
35,46,61,1,51.54006791114807,0.8447449676326064,1,0,0,1.6490693,0.49901643,1.556569,3.2188754,-0.0
35,47,14,2,12.201452255249023,0.8714145251682827,0,1,0,1.6094378,0.52,1.6094377,3.2188754,-0.0
35,48,20,2,16.40994095802307,0.8204462647438049,0,1,0,1.6094377,0.52,1.6094377,3.2188754,-0.0
35,49,12,2,9.898586511611938,0.8246896862983704,0,1,0,1.6094378,0.52,1.6094377,3.2188754,-0.0
35,50,10,2,8.365973711013794,0.83644540309906,0,1,0,1.6094377,0.52,1.6094377,3.2188754,-0.0
35,51,16,2,13.056112289428711,0.815944492816925,0,1,0,1.6094377,0.52,1.6094377,3.2188754,-0.0
35,52,33,1,29.291045427322388,0.8874854174527255,1,0,0,1.5707948,0.5321212,1.599869,3.2188754,-0.0
35,53,24,2,20.13891911506653,0.8389266133308411,0,1,0,1.6094376,0.52,1.6094377,3.2188754,-0.0
35,54,18,2,15.655314207077026,0.8695884280734592,0,1,0,1.6094377,0.52,1.6094377,3.2188754,-0.0
35,55,10,2,8.432019710540771,0.8432019710540771,0,1,0,1.6094377,0.52,1.6094377,3.2188754,-0.0
35,56,10,2,8.161841869354248,0.8160720825195312,0,1,0,1.6094377,0.52,1.6094377,3.2188754,-0.0
35,57,10,2,8.339213848114014,0.8338095426559449,0,1,0,1.6094377,0.52,1.6094377,3.2188754,-0.0
35,58,10,2,7.981306076049805,0.7981306076049804,0,1,0,1.6094377,0.52,1.6094377,3.2188754,-0.0
35,59,18,2,14.584773778915405,0.810097336769104,0,1,0,1.6094377,0.52,1.6094377,3.2188754,-0.0
35,60,12,2,10.183382272720337,0.8481955726941427,0,1,0,1.6094378,0.52,1.6094377,3.2188754,-0.0
35,61,14,2,11.764456033706665,0.8402104548045567,0,1,0,1.6094378,0.52,1.6094377,3.2188754,-0.0
35,62,39,1,34.244751930236816,0.8780147540263641,1,0,0,1.6414047,0.5056411,1.5766666,3.2188754,-0.0
35,63,10,2,8.520242691040039,0.8520242691040039,0,1,0,1.6094377,0.52,1.6094377,3.2188754,-0.0
35,64,18,2,15.063321828842163,0.8367955552207099,0,1,0,1.6094377,0.52,1.6094377,3.2188754,-0.0
35,65,18,2,16.203064441680908,0.9001146554946899,0,1,0,1.6094377,0.52,1.6094377,3.2188754,-0.0
35,66,10,2,8.538148403167725,0.8537149906158448,0,1,0,1.6094377,0.52,1.6094377,3.2188754,-0.0
35,67,10,2,8.366288900375366,0.8363629341125488,0,1,0,1.6094377,0.52,1.6094377,3.2188754,-0.0
35,68,27,1,23.254507541656494,0.8611357476976182,1,0,0,1.6653199,0.4948148,1.5485255,3.2188754,-0.0
35,69,14,2,11.850241422653198,0.8464000906263079,0,1,0,1.6094378,0.52,1.6094377,3.2188754,-0.0
35,70,10,2,8.400460958480835,0.8399450540542602,0,1,0,1.6094377,0.52,1.6094377,3.2188754,-0.0
35,71,10,2,8.562114715576172,0.8561114549636841,0,1,0,1.6094377,0.52,1.6094377,3.2188754,-0.0
35,72,29,1,25.740472078323364,0.8874467241353002,1,0,0,1.5833838,0.52,1.584939,3.2188754,-0.0
35,73,16,2,13.998796939849854,0.8747037053108215,0,1,0,1.6094377,0.52,1.6094377,3.2188754,-0.0
35,74,51,1,43.54209852218628,0.8536213239034017,1,0,0,1.5811732,0.52862746,1.6060648,3.2188754,-0.0
35,75,30,2,22.125086784362793,0.73745223681132,0,1,0,1.5787365,0.53199995,1.5870731,3.2188754,-0.0
35,76,18,2,15.563232898712158,0.8646240499284532,0,1,0,1.6094377,0.52,1.6094377,3.2188754,-0.0
35,77,41,1,36.864041328430176,0.8990074192605367,1,0,0,1.6444712,0.5043902,1.5695134,3.2188754,-0.0
35,78,16,2,13.610116720199585,0.8504434525966644,0,1,0,1.6094377,0.52,1.6094377,3.2188754,-0.0
35,79,10,2,7.779231786727905,0.7779231786727905,0,1,0,1.6094377,0.52,1.6094377,3.2188754,-0.0
35,80,10,2,8.293051481246948,0.8290039300918579,0,1,0,1.6094377,0.52,1.6094377,3.2188754,-0.0
35,81,18,2,15.916285991668701,0.8841260406706068,0,1,0,1.6094377,0.52,1.6094377,3.2188754,-0.0
35,82,10,2,8.676959037780762,0.8676959037780761,0,1,0,1.6094377,0.52,1.6094377,3.2188754,-0.0
35,83,10,2,8.353986740112305,0.8352287769317627,0,1,0,1.6094377,0.52,1.6094377,3.2188754,-0.0
35,84,10,2,8.479834794998169,0.8478212118148803,0,1,0,1.6094377,0.52,1.6094377,3.2188754,-0.0
35,85,10,2,8.497378587722778,0.8496382713317872,0,1,0,1.6094377,0.52,1.6094377,3.2188754,-0.0
35,86,13,1,11.125661849975586,0.8557666265047513,1,0,0,1.5240009,0.5476923,1.5743666,3.2188754,-0.0
35,87,16,2,13.093218564987183,0.8181591182947159,0,1,0,1.6094377,0.52,1.6094377,3.2188754,-0.0
35,88,21,1,19.25282096862793,0.916575204758417,1,0,0,1.579517,0.5314286,1.57634,3.2188754,-0.0
35,89,16,2,13.79363751411438,0.8619451522827148,0,1,0,1.6094377,0.52,1.6094377,3.2188754,-0.0
35,90,43,1,33.07171130180359,0.7689584133236907,1,0,0,1.6186782,0.5144186,1.5872217,3.2188754,-0.0
35,91,15,1,8.59435486793518,0.5729228337605794,1,0,0,1.583266,0.5253333,1.5503887,3.2188754,-0.0
35,92,45,1,38.83772826194763,0.8628637313842773,1,0,0,1.5982476,0.5244444,1.5809772,3.2188754,-0.0
35,93,14,2,10.564752578735352,0.7543372597013202,0,1,0,1.6094378,0.52,1.6094377,3.2188754,-0.0
35,94,10,2,7.068893194198608,0.7068893194198609,0,1,0,1.6094377,0.52,1.6094377,3.2188754,-0.0
35,95,10,2,6.563920497894287,0.6563920497894287,0,1,0,1.6094377,0.52,1.6094377,3.2188754,-0.0
35,96,10,2,8.71036148071289,0.8709254741668702,0,1,0,1.6094377,0.52,1.6094377,3.2188754,-0.0
35,97,13,1,10.847283601760864,0.834132616336529,1,0,0,1.5454446,0.5415385,1.5552452,3.2188754,-0.0
35,98,13,1,11.162019491195679,0.8585001688737136,1,0,0,1.4856349,0.55692303,1.604669,3.2188754,-0.0
35,99,30,2,23.77344822883606,0.7922810951868693,0,1,0,1.6094377,0.52,1.6094375,3.2188754,-0.0
